s_m,x_m,y_m,z_m,heading_rad,heading_cos,heading_sin,curvature_1pm,speed_recorded_mps,gps_altitude_recorded_m,time_recorded_s,gps_hdop
0.0,0.25339460698333316,0.0660194032773271,0.0,1.2673841730580633,0.29877823496855843,0.9543225693176668,0.14655533020091613,9.0,300.4,0.0,1.6
0.49995793880457184,0.3844271970116163,0.5483700527503543,0.0,1.345241399185322,0.2236472679154407,0.9746701491037668,0.16477525530214576,8.703600131431282,300.4,0.059340790536947616,1.6
0.9999158776091437,0.4754367231479335,1.0398174247677556,0.0,1.4313682585185328,0.1389767559109386,0.9902956433896251,0.1792754285799622,8.63888888888889,300.4,0.12037108349892461,1.6
1.4998738164137155,0.5221991018591473,1.5374050660112728,0.0,1.5236795827900533,0.04709931284216681,0.9988902115496956,0.1891485799017232,8.472222222222221,300.4,0.17957323102891334,1.6
1.9998317552182874,0.5218709338174828,2.0371705703365395,0.0,1.6196261255373732,-0.04881039650674358,0.9988080622386137,0.19353182941505226,8.38888888888889,300.4,0.24359683174879151,1.6
2.4997896940228594,0.47335477049431357,2.5345725739293363,0.0,1.7163296826341212,-0.14502016788658054,0.9894286992533358,0.19205406345008955,8.277777777777779,300.4,0.3078321712412853,1.6
2.999747632827431,0.3774449610177063,3.025054752037752,0.0,1.8109004369822448,-0.23780375131727094,0.9713132223229711,0.18507470872693163,8.083333333333334,300.4,0.3727983020877402,1.6
3.4997055716320027,0.23666819027388733,3.504607194112021,0.0,1.9008079118207246,-0.3240539882981069,0.9460385894180482,0.1736280173397687,8.178050279322504,300.4,0.4351803798887797,1.6
3.9996635104365748,0.05485940045855774,3.9701813871925444,0.0,1.9841513270207376,-0.401684019403267,0.9157783293767306,0.15911685423334376,8.333333333333334,300.5,0.4972040930171178,1.6
4.499621449241147,-0.16338010376594872,4.419859125448878,0.0,2.059760348452752,-0.4697115580527216,0.8828199432679831,0.14299296578896886,8.36111111111111,300.5,0.5574604028083192,1.6
4.999579388045719,-0.4132065492871637,4.852814244487268,0.0,2.1271624652022916,-0.5281038897499937,0.8491797699138426,0.12655033425360315,8.722222222222221,300.5,0.6181844837034178,1.6
5.49953732685029,-0.6899416023085412,5.269109854990315,0.0,2.186471525976254,-0.5775098754902553,0.8163836988274752,0.11082271264351877,8.916666666666666,300.5,0.6740796145155035,1.6
5.999495265654862,-0.9893458192982748,5.6694344783641455,0.0,2.2382510987712108,-0.6189889728908066,0.7853996762410743,0.09657812945125667,9.070519338819313,300.5,0.7289226076050094,1.6
6.499453204459434,-1.3077641328757963,6.054824627629151,0.0,2.2833814979826066,-0.6537920859722984,0.7566742418769062,0.08431779114589524,9.083333333333334,300.5,0.7837035455841389,1.6
6.999411143264005,-1.6421803920260978,6.426430942800632,0.0,2.3229289066896657,-0.683197593800725,0.7302335570383626,0.07428926074267024,9.388888888888888,300.5,0.8360420857619433,1.6
7.499369082068577,-1.990200307242039,6.785338508958261,0.0,2.358024024024058,-0.7083992728321927,0.7058119227179579,0.06650764594065088,9.694444444444445,300.5,0.8870200095268509,1.6
7.9993270208731495,-2.3499892036351815,7.132453927633254,0.0,2.389753151401587,-0.7304337556578783,0.6829835492861647,0.060785279883055265,9.92781628428743,300.5,0.9368027724686949,1.6
8.499284959677722,-2.7201816842741064,7.468456466972146,0.0,2.419064516580332,-0.7501363135508576,0.6612832306147869,0.05676359995223222,10.194444444444445,300.5,0.9863107159738587,1.6
8.999242898482294,-3.099774918210586,7.793804079084535,0.0,2.44670059990017,-0.7681228245625138,0.6403025272370129,0.053998281763796056,10.360769463844335,300.5,1.0339754013967921,1.6
9.499200837286866,-3.4880213499336103,8.10877713913333,0.0,2.4731737353627268,-0.784802515390967,0.6197459252274363,0.05202501055200363,10.555555555555555,300.5,1.081932772521728,1.6
9.999158776091438,-3.8843323414211377,8.413542284225844,0.0,2.49877393951882,-0.8004092505365945,0.5994539445657582,0.050435081167792675,10.60969891804392,300.5,1.127898322099162,1.6
10.499116714896008,-4.288202484104051,8.708218363628559,0.0,2.523613311850959,-0.8150508678040905,0.5793894052291593,0.0489352895099391,10.86111111111111,300.5,1.1739805931797391,1.6
10.99907465370058,-4.699160091585648,8.992928201654463,0.0,2.547691842182976,-0.8287641032539474,0.5595981246909967,0.04737157847471542,11.0,300.5,1.219549170547715,1.6
11.499032592505152,-5.116744532607887,9.267827892230493,0.0,2.5709673522049643,-0.8415633779244845,0.5401583850467667,0.04572615827190814,11.13888888888889,300.5,1.2635251251048203,1.6
11.998990531309724,-5.540504487231911,9.533110591162258,0.0,2.5934132849636873,-0.8534747293709787,0.5211342306211854,0.04406706491814366,11.333333333333332,300.5,1.308397799865112,1.6
12.498948470114296,-5.970007562643654,9.788992002749092,0.0,2.6150476154618145,-0.864548515902869,0.5025493643913468,0.042495930132974556,11.5,300.5,1.352364522523184,1.6
12.998906408918868,-6.404852452294079,10.035687737172,0.0,2.6359375816113255,-0.8748573579746167,0.4843806387518738,0.04110091520657268,11.738088421110215,300.5,1.3951423663199354,1.6
13.49886434772344,-6.844677338176146,10.273392366147593,0.0,2.656183097772852,-0.8844839365724443,0.46657064411009874,0.03992049737843588,11.888888888888888,300.5,1.4378441814219711,1.6
13.99882228652801,-7.289161089999339,10.50226797706016,0.0,2.675890184393928,-0.8935063418939748,0.44905057287041433,0.0389426517388676,11.969866904590836,300.5,1.47983041713054,1.6
14.498780225332583,-7.738018478048862,10.72244363637819,0.0,2.695150426009027,-0.9019889086598896,0.4317592021654447,0.03812562089531504,12.11111111111111,300.4,1.5213480076056074,1.6
14.998738164137155,-8.190992468144797,10.934021290330694,0.0,2.7140359961258143,-0.9099815935987302,0.4146486456164005,0.037439308031795376,12.25847130001845,300.4,1.5626099336013284,1.6
15.498696102941727,-8.647848860729342,11.137080234230629,0.0,2.7326132195514496,-0.9175271522423323,0.3976731382656816,0.03689248013679587,12.403003670134643,300.4,1.6030162642496943,1.6
15.998654041746299,-9.10837513123543,11.33167356236549,0.0,2.750963805745609,-0.9246697963303784,0.3807699669805072,0.03653676497153518,12.472222222222221,300.4,1.6431730670855533,1.6
16.49861198055087,-9.572382099150682,11.517814760409998,0.0,2.7692036397021953,-0.9314607815634868,0.3638417408835034,0.03645459310602203,12.583333333333332,300.4,1.682796841370706,1.6
16.998569919355443,-10.03970797374703,11.695458967120283,0.0,2.7874838107354982,-0.9379558740949685,0.3467546369563696,0.036698095939147884,12.777775735444536,300.4,1.7219998529520066,1.6
17.498527858160013,-10.510217778321268,11.864489739417815,0.0,2.8059659873380784,-0.9442040956628043,0.3293609353484197,0.03725686093917317,12.87622921305585,300.4,1.7610885033400212,1.6
17.998485796964587,-10.983796291656448,12.024720368783687,0.0,2.824785178387467,-0.9502348405203589,0.3115345050893208,0.03803631813834918,13.073683793339727,300.4,1.7993052331204604,1.6
18.498443735769158,-11.460336192430393,12.175915702386597,0.0,2.8440055654404364,-0.9560467715906736,0.29321420588206554,0.038851489910723985,13.166666666666666,300.4,1.8376509619513992,1.6
18.99840167457373,-11.939720807998272,12.317832049317696,0.0,2.8635984747228127,-0.9616078246238148,0.2744273886153762,0.03952033503257596,13.210607479167995,300.4,1.8751637385000957,1.6
19.4983596133783,-12.421812601413755,12.450260299324617,0.0,2.883453046031547,-0.9668665762079035,0.2552822434326493,0.03989320496882999,13.391937217821226,300.4,1.9122194796831282,1.6
19.998317552182876,-12.90644682503669,12.573057936349247,0.0,2.90342093323714,-0.9717709380840915,0.23592635269330284,0.03997372559317382,13.444444444444443,300.4,1.9493848008911208,1.6
20.498275490987446,-13.39343694610165,12.686151793239649,0.0,2.9233862957250514,-0.9762873051629974,0.21647886219576315,0.03989504622371983,13.527777777777779,300.4,1.9865442104176252,1.6
20.998233429792016,-13.8825862829215,12.789508377962973,0.0,2.9433257316799515,-0.9804094152894165,0.1969705013748619,0.039893437102078835,13.63888888888889,300.4,2.0229294806656264,1.6
21.49819136859659,-14.373701420061103,12.883079009883652,0.0,2.9633439957564773,-0.984155725846864,0.17730625280241089,0.0402375449905537,13.75,300.4,2.059262156115334,1.6
21.99814930740116,-14.86660189229265,12.966736029492457,0.0,2.983668155800432,-0.9875558220848742,0.15726887252812705,0.041136801326130894,13.777777777777779,300.4,2.095613999201454,1.6
22.498107246205734,-15.361120511401,13.040221425765377,0.0,3.004600235864168,-0.9906312044566958,0.13656433193435275,0.0426733326017815,13.826456752703603,300.4,2.1315048861946595,1.6
22.998065185010304,-15.857095499016951,13.103125153450172,0.0,3.0264482574254545,-0.9933782049763329,0.11489012959344569,0.04478754045788682,13.916666666666666,300.4,2.167641498903688,1.6
23.49802312381488,-16.354354489885026,13.154897422625412,0.0,3.049462927671887,-0.9957590577942771,0.09199945011060418,0.04731191822077193,13.726109683714334,300.4,2.203720102772568,1.6
23.99798106261945,-16.852698074931006,13.194888997900131,0.0,3.0737935355552684,-0.9977025200719186,0.06774718770652255,0.05001729015858771,13.805555555555555,300.4,2.239824507440785,1.6
24.49793900142402,-17.351884375395997,13.222407441456047,0.0,3.0994742715170007,-0.9991131520600056,0.04210593046970961,0.05268382734930253,13.944444444444445,300.4,2.275691093227347,1.6
24.997896940228593,-17.851620772865896,13.236772674371501,0.0,3.1264445952393647,-0.9998852703579882,0.015147479035560251,0.05515684466784481,13.833333333333332,300.4,2.312189915914561,1.6
25.497854879033163,-18.351561895677158,13.237358171042693,0.0,3.154585094316902,-0.9999155994292457,-0.012992075201914227,0.0573608299525809,13.88888888888889,300.3,2.3484157629269617,1.6
25.997812817837737,-18.85131316521065,13.223612605144142,0.0,3.183760199953795,-0.9991110807442873,-0.04215505110876077,0.05929972691463189,13.88888888888889,300.3,2.3845488139074145,1.6
26.497770756642307,-19.35043633363335,13.195062584251742,0.0,3.2138464738071773,-0.9973908281517336,-0.0721909684018644,0.06101856022845396,13.833333333333332,300.3,2.420726495806392,1.6
26.99772869544688,-19.848455715874746,13.151303889898603,0.0,3.2447516765732205,-0.9946838249636754,-0.10297615430589983,0.06258861111183152,13.777777777777779,300.3,2.45685493010953,1.6
27.49768663425145,-20.344861226483022,13.091986593937397,0.0,3.2764173132944956,-0.9909249150770595,-0.13441656400727733,0.06407114287804005,13.694444444444443,300.3,2.493336001519714,1.6
27.99764457305602,-20.839111529052524,13.016801705451726,0.0,3.308812305440392,-0.9860513426864952,-0.16644142989700647,0.06551919256474846,13.61111111111111,300.3,2.5299478392519332,1.6
28.497602511860595,-21.33063317512328,12.92546985792159,0.0,3.3419334341225095,-0.979998818293932,-0.19900330686322018,0.066984959038926,13.61111111111111,300.3,2.566368915726079,1.6
28.997560450665166,-21.818819944695317,12.817730741554039,0.0,3.375800239525938,-0.9726985440391134,-0.23207227844830786,0.0685134670700621,13.5,300.2,2.6030015905971418,1.6
29.49751838946974,-22.303029093356326,12.693334544032034,0.0,3.410456128496499,-0.9640734208253915,-0.26563591484968213,0.07014449726112375,13.472222222222221,300.2,2.639831206642378,1.6
29.99747632827431,-22.782577172568715,12.552035901983007,0.0,3.4459559435179705,-0.9540379588993286,-0.2996857904192372,0.07188467392891404,13.444444444444443,300.2,2.676783326839083,1.6
30.497434267078884,-23.256736675573226,12.393596151541052,0.0,3.4823487095117347,-0.9425022612125024,-0.3341997720066847,0.07369726565628032,13.305555555555555,300.2,2.7141820742179705,1.6
30.997392205883454,-23.724736113956137,12.217796599081737,0.0,3.519649888000875,-0.9293834941007837,-0.3691155928608525,0.07548600428771617,13.472222222222221,300.2,2.7518147569113043,1.6
31.497350144688028,-24.185768059203127,12.024464853424341,0.0,3.5578138725458937,-0.9146232550400696,-0.4043071868516658,0.07711123783400967,13.36303945155489,300.2,2.789861159488048,1.6
31.997308083492598,-24.63900562387269,11.813509512166524,0.0,3.5967198325737835,-0.8982051305436812,-0.4395765501764268,0.07841734496660518,13.166666666666666,300.2,2.828240210004014,1.6
32.49726602229717,-25.083627196334305,11.584955088651833,0.0,3.6361729566939047,-0.8801680016385822,-0.47466228930845633,0.07928226296522174,13.194444444444445,300.2,2.866219190770039,1.6
32.99722396110174,-25.518844387031372,11.338965273985316,0.0,3.675935096634312,-0.8606036927902997,-0.5092752536258751,0.07965318663137443,12.930070824960929,300.2,2.9050349006028133,1.6
33.497181899906316,-25.94392548740765,11.075847537867709,0.0,3.7157608367128803,-0.8396443829989644,-0.5431365482991256,0.07955729822439735,13.042304977584891,300.2,2.9430459583861124,1.6
33.997139838710886,-26.35821016075006,10.796038152052974,0.0,3.755437132156209,-0.8174395894011937,-0.5760143380850932,0.07908459960590776,13.166666666666666,300.2,2.981015326803072,1.6
34.49709777751546,-26.761112846377483,10.500073557753174,0.0,3.794805801022643,-0.7941351392421151,-0.6077412118829086,0.0783594010448712,13.11111111111111,300.2,3.0194409740965344,1.6
34.99705571632003,-27.152116296771165,10.188557055382715,0.0,3.8337699052315655,-0.7698582864509129,-0.6382148688199486,0.07748740782838821,13.055555555555555,300.2,3.0569257395649005,1.6
35.497013655124604,-27.53076248058188,9.862130883516505,0.0,3.8722755111171216,-0.7447188516949317,-0.667378327435183,0.07653794965030834,13.083333333333334,300.2,3.09523043583464,1.6
35.996971593929175,-27.89664516702369,9.521458405137112,0.0,3.9102903680526504,-0.7188166274384952,-0.6951997239052585,0.07552469694085723,13.166666666666666,300.2,3.1331934041658283,1.6
36.496929532733745,-28.24940852895318,9.167217521135496,0.0,3.9477783234408874,-0.6922560808686119,-0.7216519372248853,0.07442777495148865,13.277777777777777,300.2,3.1715774075030025,1.6
36.996887471538315,-28.588752429387554,8.800100012676586,0.0,3.9846856370331993,-0.6651564680176568,-0.746704006319958,0.07319609249092114,13.508328591727963,300.2,3.2085996586044137,1.6
37.496845410342885,-28.914442220564986,8.420815388409519,0.0,4.020930785378354,-0.6376611321663526,-0.7703170000229292,0.0717758301064453,13.472222222222221,300.2,3.246245264984829,1.6
37.99680334914746,-29.22632063675693,8.03009358455828,0.0,4.056408847957901,-0.609936242597987,-0.7924504905452767,0.0701279795065225,13.5,300.2,3.2832383442410906,1.6
38.49676128795203,-29.524318015708047,7.628682738638321,0.0,4.091003021535919,-0.5821626041751327,-0.8130723844160666,0.06824432017014041,13.666666666666668,300.2,3.320028077655075,1.6
38.9967192267566,-29.808455301036922,7.217342959876768,0.0,4.124602874407056,-0.554520046360118,-0.8321703660818334,0.06615781476029091,13.722222222222221,300.2,3.3566878282453154,1.6
39.496677165561174,-30.07883942226215,6.796833298118294,0.0,4.157123370080059,-0.5271690239278751,-0.8497604487212449,0.06393449098771567,13.694444444444443,300.2,3.3932975317297336,1.6
39.99663510436575,-30.335649147682076,6.367897178130415,0.0,4.18851929034628,-0.50023460043586,-0.8658899147852315,0.06166610062012342,13.63495374429509,300.2,3.4302833304107536,1.6
40.49659304317032,-30.5791143956348,5.931246850419209,0.0,4.218793606146421,-0.473795156345679,-0.8806350832344653,0.059452088938825746,13.532566659392417,300.2,3.4663447994762544,1.6
40.99655098197489,-30.809492643044173,5.487550907633564,0.0,4.2479912474983115,-0.44788440081653796,-0.8940914737906915,0.057359557090440445,13.787339961195835,300.2,3.5026884772061,1.6
41.49650892077946,-31.027049788628517,5.037428444114657,0.0,4.276181472273029,-0.42250514680871004,-0.9063605248024378,0.055420471013176535,13.833333333333332,300.2,3.539277932361683,1.2
41.99646685958403,-31.2320490758798,4.581448448038044,0.0,4.303438344381531,-0.3976467151215714,-0.9175386040668937,0.05362415443269462,13.833333333333332,300.2,3.575104566537993,1.2
42.49642479838861,-31.424748390421048,4.1201346170087945,0.0,4.3298251439662865,-0.3733001919405798,-0.9277106050364663,0.051938994480171,14.055555555555555,300.1,3.6112946086508018,1.2
42.99638273719318,-31.60540398433978,3.653971716383512,0.0,4.355383279045727,-0.34947030364335974,-0.9369474408265481,0.05030872018043136,14.27357884730388,300.2,3.645697677005879,1.2
43.49634067599775,-31.77427893136587,3.1834119982986437,0.0,4.380131343343821,-0.3261780210063391,-0.9453083616536925,0.048696824984375144,14.416666666666666,300.2,3.6802200932309224,1.2
43.99629861480232,-31.93165020270541,2.708880297844098,0.0,4.404068456784682,-0.3034587852094552,-0.9528445653301496,0.04706271538121894,14.5,300.1,3.71460101542653,1.2
44.49625655360689,-32.07781590132239,2.230777389967989,0.0,4.427177142407515,-0.2813607377685287,-0.9596020712995305,0.045380848201939966,14.416666666666666,300.1,3.749761901525164,1.2
44.99621449241147,-32.2131002397611,1.7494814484017922,0.0,4.449429697948634,-0.2599392429350638,-0.9656249737772661,0.04363475097377023,14.444444444444445,300.1,3.7843382123572176,1.2
45.49617243121604,-32.33785680765756,1.2653489713810493,0.0,4.470788229045388,-0.239257191782143,-0.9709562277366178,0.04180345598247126,14.561851358929829,300.1,3.818453297842948,1.2
45.99613037002061,-32.45247136697013,0.7787148571809444,0.0,4.491212136676634,-0.21937795046896824,-0.975639951441122,0.039892834044888886,14.694444444444443,300.1,3.85254420760562,1.2
46.49608830882518,-32.557361105825635,0.28989157550253336,0.0,4.510657809014043,-0.2003656954470983,-0.9797211787483215,0.0378886167808468,14.833333333333332,300.1,3.8864747110267563,1.2
46.99604624762976,-32.65297586925556,-0.20083103844611888,0.0,4.529078445843005,-0.18228563495622777,-0.9832456190030062,0.035790151043727514,14.944444444444443,300.1,3.920002793520773,1.2
47.49600418643433,-32.739797981597256,-0.6931861891517578,0.0,4.546425025408758,-0.16520311741282698,-0.9862595652246338,0.03358922378786552,14.944444444444443,300.1,3.9529094913728478,1.2
47.9959621252389,-32.81834319447937,-1.1869301481975993,0.0,4.562642980692818,-0.1491869794972489,-0.9888090033714739,0.031273703172415575,15.027777777777779,300.1,3.9853389331440563,1.2
48.49592006404347,-32.88916230864489,-1.6818421204517764,0.0,4.577673967524685,-0.1343079114092177,-0.9909396474724854,0.028837810792113505,15.166666666666666,300.2,4.017869629853812,1.2
48.99587800284804,-32.95284224999554,-2.177724000992498,0.0,4.591453803880985,-0.12064060611505806,-0.9926962496938283,0.02626829442117366,15.26333529593561,300.1,4.050960141307364,1.2
49.495835941652615,-33.0100076692968,-2.674399785233303,0.0,4.603916572532607,-0.10825981381120584,-0.9941226346450236,0.023567471913077377,15.305555555555555,300.1,4.08342850418006,1.2
49.995793880457185,-33.06132028774619,-3.1717149767273525,0.0,4.614995364778542,-0.09723971715888356,-0.9952609895936142,0.02073312327312066,15.277777777777777,300.1,4.115970458312232,1.2
50.495751819261756,-33.10747806360523,-3.669535669808193,0.0,4.6246267285308305,-0.08764963464202716,-0.9961513647770198,0.017779721352454564,15.527097150238387,300.1,4.147950994817164,1.2
50.995709758066326,-33.14921119965702,-4.16774737954416,0.0,4.632756300128918,-0.07954854363840441,-0.9968309933007745,0.014731500064819873,15.638888888888888,300.1,4.1798870349270745,1.2
51.4956676968709,-33.187275200437725,-4.666253331465072,0.0,4.639347034191309,-0.07297701551993459,-0.9973336228192666,0.011632785100306381,15.583333333333334,300.2,4.211866568628666,1.2
51.995625635675474,-33.22243944184095,-5.164972603311058,0.0,4.644387954515826,-0.06794863027937856,-0.9976888210475029,0.008545023576463027,15.694444444444445,300.1,4.2432234801532385,1.2
52.495583574480044,-33.255471257100545,-5.663837920570518,0.0,4.647904395125911,-0.06443990391905192,-0.9979215894963408,0.005548761713423766,15.805555555555555,300.1,4.274772061963072,1.2
52.995541513284614,-33.28711588995638,-6.162793302159754,0.0,4.649962666708268,-0.06238577522106043,-0.9980521103880635,0.0027263291480066638,15.86111111111111,300.2,4.305921816438059,1.2
53.495499452089184,-33.318075769906606,-6.661791725097858,0.0,4.650669407367893,-0.061680395692647376,-0.9980959516936228,0.00015471065325012024,15.916666666666666,300.2,4.33726569943144,1.2
53.99545739089376,-33.34899127796929,-7.160792904579818,0.0,4.650165973808737,-0.062182862852458005,-0.9980647732324152,-0.002108634431216256,15.972222222222221,300.2,4.368581052659434,1.2
54.49541532969833,-33.38042664739287,-7.659761554636315,0.0,4.648613366035541,-0.06373239040624921,-0.9979670247122925,-0.004039366402790432,16.055555555555554,300.2,4.399171208247181,1.2
54.9953732685029,-33.412863398932714,-8.158666028251893,0.0,4.646180037977517,-0.06616058048965105,-0.9978089885290031,-0.005634333139688855,16.13888888888889,300.2,4.430402759787466,1.1
55.49533120730747,-33.446699652547245,-8.657477450976938,0.0,4.6430289988804,-0.06930438196542149,-0.9975955606559158,-0.006914165643811923,16.23652722841631,300.2,4.461029960445974,1.1
55.99528914611204,-33.48225481239146,-9.15616922223294,0.0,4.639311430755865,-0.07301252397693055,-0.9973310239546939,-0.007906711765131443,16.381126655175695,300.2,4.49144111917265,1.1
56.49524708491662,-33.519776587307696,-9.654716814505164,0.0,4.635162026962414,-0.07715021268819229,-0.997019480593116,-0.008647177804368484,16.5,300.2,4.521570352882844,1.1
56.99520502372119,-33.559449546971706,-10.153097774841584,0.0,4.630698586790642,-0.08159956621027256,-0.996665194934736,-0.009170783918052464,16.583333333333332,300.1,4.5514964195693395,1.1
57.49516296252576,-33.601404159658465,-10.651291805319008,0.0,4.62601884571284,-0.08626279072710454,-0.9962724180343305,-0.009521002680493228,16.63888888888889,300.1,4.581395023629767,1.1
57.99512090133033,-33.64572753556599,-11.14928065088284,0.0,4.621198163244102,-0.09106448277747006,-0.99584499796729,-0.009744606765572763,16.666666666666668,300.1,4.611311619372588,1.1
58.49507884013491,-33.69247516344544,-11.647047757344069,0.0,4.61628717689584,-0.09595394617447556,-0.9953857745686071,-0.009892763781816688,16.678850940178116,300.1,4.640877267692824,1.1
58.99503677893948,-33.74168359525166,-12.144577610441385,0.0,4.611310977776563,-0.10090597551666533,-0.9948959664733947,-0.01001398549938649,16.72222222222222,300.1,4.670362850574484,1.1
59.49499471774405,-33.793382367101515,-12.641854844551288,0.0,4.606273204762817,-0.10591673391618071,-0.9943750024394866,-0.01014488059821959,16.916666666666664,300.1,4.69957028523742,1.1
59.99495265654862,-33.84760306609092,-13.138863404995389,0.0,4.601162912512886,-0.11099687565785066,-0.9938207552643463,-0.010304650743327159,16.98029316945197,300.1,4.729418891799458,1.1
60.49491059535319,-33.90438398670355,-13.635585964817059,0.0,4.595965276704054,-0.11616087143477745,-0.9932304123150444,-0.010493483766660193,16.88888888888889,300.2,4.758536768705455,1.1
60.99486853415777,-33.963770389558086,-14.132003741746596,0.0,4.590667339769868,-0.12142128869853872,-0.992601063192452,-0.010700619289936245,16.99564593997477,300.2,4.787686507678184,1.1
61.49482647296234,-34.02581170481081,-14.62809668433611,0.0,4.5852654991883846,-0.12678136380137459,-0.991930685981971,-0.010907291935117514,17.166666666666664,300.2,4.816794319920417,1.1
61.99478441176691,-34.09055729189513,-15.123843909454681,0.0,4.579761653064599,-0.1322388498532567,-0.9912178804831397,-0.011109718205900003,17.22222222222222,300.1,4.8459022865247166,1.1
62.49474235057148,-34.1580554648317,-15.619223839904624,0.0,4.574156048945625,-0.13779311813560288,-0.9904610323452749,-0.011320535795840646,17.27777777777778,300.1,4.8747248504380885,1.1
62.994700289376055,-34.22835669860328,-16.11421372905881,0.0,4.568437062097923,-0.14345526749464038,-0.9896568022441119,-0.011574230265436808,17.231285092058027,300.2,4.903347473371822,1.1
63.494658228180626,-34.301522059675406,-16.608788346236388,0.0,4.562571369995389,-0.14925778841702142,-0.9887983174524821,-0.011919051649786351,17.305555555555554,300.2,4.931701186769769,1.1
63.994616166985196,-34.37763485152666,-17.102917904142,0.0,4.556501374815919,-0.15525700289903083,-0.9878741129571168,-0.01240110441527769,17.444444444444443,300.2,4.960015428906464,1.1
64.49457410578977,-34.456811743821994,-17.59656567593457,0.0,4.5501492513456,-0.16152892677970798,-0.9868679779045401,-0.013052348806809869,17.444444444444443,300.2,4.988969722695282,1.1
64.99453204459434,-34.53921033159754,-18.089685798484126,0.0,4.543427284402831,-0.16815892143152494,-0.9857598983236162,-0.013875688880191155,17.416666666666668,300.2,5.017224314642748,1.1
65.4944899833989,-34.625029508530616,-18.582222016315594,0.0,4.536255734246761,-0.1752239631029715,-0.9845285992567654,-0.014840833562576638,17.548809434810487,300.2,5.045514279306355,1.1
65.99444792220348,-34.71450192326581,-19.07410756564884,0.0,4.528575247415056,-0.18278037950696865,-0.9831537686787802,-0.015896402351771234,17.63888888888889,300.2,5.073820581954167,1.1
66.49440586100806,-34.8078811040766,-19.56526626220871,0.0,4.520356871571002,-0.19085404312126264,-0.9816184259804148,-0.016975343551805498,17.694444444444446,300.2,5.101942489627763,1.1
66.99436379981263,-34.90542490583147,-20.05561467142188,0.0,4.511606304890239,-0.19943634395963364,-0.9799107840553725,-0.018010379055095393,17.77777777777778,300.2,5.130055601327448,1.1
67.4943217386172,-35.00737895088114,-20.545064921217946,0.0,4.502360589024466,-0.20848766739008925,-0.9780249958698599,-0.018942054549163888,17.86111111111111,300.2,5.1581202319419575,1.1
67.99427967742177,-35.11396195783048,-21.03352788574341,0.0,4.4926850700993795,-0.2179406603217534,-0.9759620220984616,-0.019718557874209505,17.916666666666668,300.2,5.185562622695593,1.1
68.49423761622634,-35.22535319872159,-21.52091669534568,0.0,4.482667741239949,-0.22770609460390043,-0.973729908383346,-0.0203024553042055,17.944444444444443,300.2,5.2129628745465695,1.1
68.99419555503091,-35.341683570590945,-22.00715018116487,0.0,4.472411367554824,-0.23768088085906905,-0.9713432960977582,-0.020670168043635063,18.0,300.2,5.240863437863029,1.1
69.49415349383548,-35.463030167140154,-22.492156069648036,0.0,4.46202759542191,-0.24775409347099228,-0.9688229503724438,-0.020812991946937028,18.055555555555554,300.2,5.26874328183498,1.1
69.99411143264005,-35.589414718804704,-22.975873597496694,0.0,4.451626722532669,-0.2578171154831094,-0.9661937357300393,-0.020745613915643637,18.055555555555554,300.2,5.296336562359204,1.1
70.49406937144462,-35.72080762018244,-23.458254814186677,0.0,4.4413065117007715,-0.2677745320291577,-0.9634816033513902,-0.020498554799603136,18.083333333333332,300.2,5.323539464613271,1.1
70.99402731024921,-35.85713572874272,-23.93926462839432,0.0,4.431147760899595,-0.2775483161138091,-0.9607116800697226,-0.020111839744972597,18.194444444444443,300.2,5.350974137756279,1.1
71.49398524905378,-35.99829241062088,-24.418879754526476,0.0,4.421209384141728,-0.287082366774394,-0.9579059007476738,-0.01962311809199751,18.24454797288163,300.2,5.378392545952523,1.1
71.99394318785835,-36.14414676838499,-24.897087329926613,0.0,4.411536723037496,-0.296334291780226,-0.9550842829379572,-0.019053063779323864,18.194444444444443,300.2,5.40573897450938,1.1
72.49390112666292,-36.294548921516714,-25.37388423348453,0.0,4.402168028555286,-0.30526904883976336,-0.9522661433761395,-0.01840350400027867,18.22222222222222,300.2,5.432926631213169,1.1
72.99385906546749,-36.44933065063637,-25.849277604408766,0.0,4.393147479278268,-0.3138464761824929,-0.9494737433904278,-0.017653747075061257,18.25,300.2,5.459669393770575,1.1
73.49381700427206,-36.60830085077919,-26.323286956915222,0.0,4.384532780300993,-0.3220141598206551,-0.9467348524666226,-0.016769483785255425,18.333333333333332,300.2,5.487289229201641,1.1
73.99377494307663,-36.771237875524236,-26.79594759492338,0.0,4.376400573625545,-0.3297024706601943,-0.9440848906960453,-0.015718161602737948,18.444444444444446,300.2,5.5143031665896896,1.1
74.4937328818812,-36.93788239817436,-27.267314056128356,0.0,4.36883916071584,-0.3368315929970039,-0.9415649090525309,-0.014483411907088512,18.499999999999996,300.2,5.541210110151068,1.1
74.99369082068577,-37.1079339732759,-27.737462332993633,0.0,4.361941330765829,-0.3433182829216053,-0.9392191206591572,-0.013067161727936916,18.555555555555554,300.2,5.567952597425187,1.1
75.49364875949036,-37.28105186204082,-28.206490420621222,0.0,4.355793350818951,-0.34908605857238684,-0.9370906699516307,-0.011490308772241668,18.583333333333336,300.2,5.59478588842166,1.1
75.99360669829493,-37.456860111795876,-28.674516929832464,0.0,4.350467959798461,-0.3540714592320304,-0.9352183711611426,-0.00978620698669354,18.61111111111111,300.2,5.621460921008624,1.1
76.4935646370995,-37.634955343854756,-29.14167815086647,0.0,4.346019241493496,-0.35822846487033083,-0.9336339576925456,-0.00799166288458162,18.638888888888886,300.2,5.64809614908493,1.1
76.99352257590407,-37.81491523972478,-29.608124408635064,0.0,4.3424836912987175,-0.3615271287681451,-0.9323615903525097,-0.006142329698989766,18.666666666666668,300.2,5.674607120515996,1.1
77.49348051470864,-37.99630658272434,-30.074016007514608,0.0,4.339879777678626,-0.3639536894261061,-0.9314170451270073,-0.004272726593744711,18.694444444444443,300.2,5.701148498114247,1.1
77.9934384535132,-38.17869295673935,-30.53951906903267,0.0,4.338209316551539,-0.36550907687407463,-0.9308077753879486,-0.0024171618730775687,18.75,300.2,5.7276859781796485,1.1
78.49339639231778,-38.36164232012191,-31.004801208057646,0.0,4.337456087338932,-0.36621008472896327,-0.9305321992509478,-0.0006129675786729897,18.833333333333332,300.2,5.754220827983112,1.1
78.99335433112235,-38.54473517674573,-31.470026910828235,0.0,4.3375851239918735,-0.36609000892006816,-0.9305794460275298,0.0011037237317368944,18.833333333333332,300.2,5.780754600828555,1.1
79.49331226992692,-38.727572549976514,-31.935353054802455,0.0,4.338543863330988,-0.3651976576821708,-0.9309300031814723,0.0026969309256769766,18.805555555555557,300.2,5.807288922782426,1.1
79.9932702087315,-38.9097838597261,-32.40092466191045,0.0,4.340262514401063,-0.36359717527042157,-0.931556275345387,0.004138736374629987,18.88888888888889,300.2,5.8332415572745795,1.1
80.49322814753607,-39.09103308248856,-32.86687159853723,0.0,4.342661217730775,-0.3613616042456131,-0.9324257562814515,0.005415332160713545,19.0,300.2,5.859746005230228,1.1
80.99318608634064,-39.27102172792122,-33.33330685223621,0.0,4.345656917523645,-0.358566719310993,-0.9335041016527734,0.006530279300705813,19.055555555555554,300.2,5.885705800388911,1.1
81.49314402514521,-39.4494880032468,-33.80032662860046,0.0,4.349172697023985,-0.35528251542168326,-0.9347589711982663,0.007500993996045838,19.11111111111111,300.2,5.911740879997586,1.1
81.99310196394978,-39.62620276638374,-34.26801188573382,0.0,4.353142613144925,-0.35156881079608854,-0.9361620432785256,0.008355068592029167,19.055555555555554,300.2,5.937836914611088,1.1
82.49305990275435,-39.800963256085545,-34.73643082775369,0.0,4.357515995562656,-0.34747126709664555,-0.9376906305078726,0.009121399740804094,18.97222222222222,300.2,5.963911009167835,1.1
82.99301784155892,-39.97358651456387,-35.2056415217291,0.0,4.3622542920105545,-0.343024326928222,-0.9393265199787773,0.009817854064125608,19.166784053120757,300.2,5.9900084518246945,1.1
83.4929757803635,-40.143905284599526,-35.6756935577595,0.0,4.3673244331139776,-0.33825742039522627,-0.9410536209736229,0.010448756151245598,19.382723743473672,300.2,6.015556109530104,1.1
83.99293371916806,-40.311767115398304,-36.14662852006382,0.0,4.372691671783256,-0.33320171313956737,-0.942855566012556,0.01100166588991508,19.333333333333332,300.2,6.041294610068899,1.1
84.49289165797263,-40.477037201703936,-36.61847920854925,0.0,4.378312428628662,-0.3278969157757946,-0.9447135082260237,0.011459493337492278,19.27777777777778,300.2,6.067193046912885,1.1
84.99284959677722,-40.63960249709273,-37.09126854049859,0.0,4.384135691316342,-0.32239007240453377,-0.9466069095538018,0.011809057581313502,19.27777777777778,300.2,6.092962160835442,1.1
85.49280753558179,-40.799374828219236,-37.565008973976695,0.0,4.3901064626014925,-0.3167323860291719,-0.9485149422335252,0.012052112682067108,19.27777777777778,300.2,6.118575491245479,1.1
85.99276547438636,-40.95629069449875,-38.039703178195445,0.0,4.3961755727444825,-0.3109699464545802,-0.9504197453767653,0.012208436101905893,19.305555555555554,300.2,6.144478434742909,1.1
86.49272341319093,-41.11030687959795,-38.515346089821044,0.0,4.402306568147125,-0.3051371193478118,-0.9523084260869056,0.012306783367683701,19.333333333333332,300.2,6.169947459678395,1.1
86.9926813519955,-41.26139390318237,-38.99192752134769,0.0,4.408477541493011,-0.29925467679999146,-0.9541732748370878,0.012374009937738656,19.333333333333332,300.2,6.1958765210607885,1.1
87.49263929080007,-41.4095298891977,-39.469434450238495,0.0,4.414677184035172,-0.2933334304738577,-0.9560101979406069,0.01242281798161058,19.36111111111111,300.2,6.221819774192323,1.1
87.99259722960464,-41.55469771126081,-39.94785208957203,0.0,4.4208949916098295,-0.28738351104289694,-0.9578155968560217,0.012442027132587904,19.444444444444443,300.2,6.2472804463633915,1.1
88.49255516840921,-41.69688742473142,-40.42716328185347,0.0,4.427111147172471,-0.28142406632001155,-0.9595835007418113,0.012412049116980179,19.53556701712417,300.2,6.27256082523294,1.1
88.99251310721378,-41.836101144711215,-40.90734728827895,0.0,4.43329484821042,-0.27548494609463825,-0.9613053856476798,0.012305096993722004,19.61111111111111,300.2,6.29812910887716,1.1
89.49247104601837,-41.972359436662394,-41.38837830193657,0.0,4.439401864269781,-0.2696091379800092,-0.9629698399834111,0.012103184380339749,19.666666666666664,300.2,6.323242914705283,1.1
89.99242898482294,-42.105705764078635,-41.87022469652364,0.0,4.445383923167945,-0.2638438060658938,-0.9645654182069058,0.011806728725468044,19.749999999999996,300.2,6.348669968814378,1.1
90.4923869236275,-42.23620638222609,-42.352849628732464,0.0,4.451198418826124,-0.258230916181202,-0.9660832230859911,0.011440492069309218,19.805555555555554,300.2,6.373712286925404,1.1
90.99234486243208,-42.36394466395139,-42.83621307366457,0.0,4.456820216093785,-0.25279574013312334,-0.9675196709992755,0.011045590138845677,19.805555555555554,300.2,6.398564475388963,1.1
91.49230280123665,-42.48901121250756,-43.32027471740369,0.0,4.4622475895459095,-0.2475409521211049,-0.9688774313725017,0.010674998763132647,19.805555555555554,300.2,6.423664157645477,1.1
91.99226074004122,-42.61149142038466,-43.80499727149068,0.0,4.467505021114807,-0.24244374771225596,-0.9701654648539269,0.010374258411507754,19.805555555555554,300.2,6.448703074115771,1.1
92.49221867884579,-42.73145426491787,-44.29034900452927,0.0,4.472636684905433,-0.23746201432963152,-0.971396825067137,0.010178840982616195,19.833333333333336,300.2,6.473988772361596,1.1
92.99217661765036,-42.84894400207741,-44.77630535107924,0.0,4.477698956156403,-0.23254151844743093,-0.9725864702935997,0.010095317784874835,19.92864720044961,300.2,6.498862598432372,1.1
93.49213455645493,-42.96397825345631,-45.2628488104896,0.0,4.482743800057055,-0.22763203320032532,-0.9737472246230466,0.010103276539927127,19.975414649097736,300.2,6.5237701452649635,1.1
93.99209249525951,-43.0765529951051,-45.74996721824308,0.0,4.487806101192904,-0.2226997358286417,-0.9748870845702353,0.010152273808023245,19.916666666666668,300.2,6.548684608725706,1.1
94.49205043406408,-43.186654220482964,-46.23765065216684,0.0,4.492891958703243,-0.21773874023877232,-0.9760070906500795,0.010186122353024081,19.91004948128644,300.2,6.573523562652623,1.1
94.99200837286865,-43.29427162129543,-46.72588820292554,0.0,4.497980497276865,-0.21276949296974976,-0.9771024218890236,0.010152164755189754,19.972222222222225,300.2,6.598588858185875,1.1
95.49196631167322,-43.399411028232045,-47.2146653750148,0.0,4.503028980763748,-0.2078339170400398,-0.9781641288289986,0.010022210080340833,20.0,300.2,6.623521646098042,1.1
95.9919242504778,-43.50210134074062,-47.70396296972823,0.0,4.507989029666737,-0.20297963845108444,-0.9791829585804008,0.009801667244460781,20.0,300.3,6.648248523549276,1.1
96.49188218928236,-43.6023934039121,-48.19375778738618,0.0,4.512822320500623,-0.1982446099904627,-0.9801525772091452,0.009523582815893975,20.027777777777775,300.3,6.673075128265109,1.1
96.99184012808693,-43.70035224785602,-48.68402460611922,0.0,4.5175111222986875,-0.19364670647727092,-0.9810713292470153,0.009233523746830468,20.15862624821487,300.3,6.697421089871471,1.1
97.4917980668915,-43.7960461709896,-49.174738562233806,0.0,4.522060519013269,-0.18918143524081035,-0.9819421492940544,0.008974277396428183,20.25,300.3,6.721994720385296,1.1
97.99175600569608,-43.8895366016647,-49.665877109513154,0.0,4.526492205102899,-0.18482793237759532,-0.9827708967063601,0.00876459839700326,20.22222222222222,300.2,6.74708669527501,1.1
98.49171394450066,-43.980873256722056,-50.157420762471254,0.0,4.530831423961722,-0.18056174770791206,-0.983563650845569,0.008603154772642108,20.194444444444446,300.2,6.771702671512974,1.1
98.99167188330523,-44.0700944290912,-50.64935281041434,0.0,4.535098681283925,-0.17636299728914495,-0.9843251968669648,0.008472132130226363,20.194444444444446,300.2,6.795898794421383,1.1
99.4916298221098,-44.1572310853732,-51.141658375262615,0.0,4.539303483972216,-0.1722225571725436,-0.9850580646849961,0.008348718849123807,20.194444444444446,300.2,6.820544918840715,1.1
99.99158776091437,-44.24231223114744,-51.6343233558781,0.0,4.543445646630345,-0.16814082065564995,-0.9857629859298048,0.008219686127393948,20.194444444444446,300.2,6.845234142205641,1.1
100.49154569971894,-44.32536820870089,-52.12733380378808,0.0,4.54752115327344,-0.1641219517926012,-0.9864400564351526,0.008081982892389565,20.194444444444446,300.2,6.869872649841452,1.1
100.99150363852351,-44.40643150436176,-52.62067582391115,0.0,4.55152625562538,-0.16016985263923697,-0.9870894682375682,0.007939034401403004,20.279730023514485,300.3,6.894140561693043,1.1
101.49146157732808,-44.48553607943609,-53.1143357100638,0.0,4.555458859019486,-0.15628679271043414,-0.9877117182783071,0.007791897261462289,20.36111111111111,300.3,6.918442860435553,1.1
101.99141951613265,-44.56271724544312,-53.608299976101364,0.0,4.559315024543503,-0.15247686028232474,-0.9883070408928818,0.00763071197766735,20.416666666666668,300.3,6.942579944522106,1.1
102.49137745493722,-44.638014049973364,-54.1025550049802,0.0,4.563083148551566,-0.14875172311725812,-0.9888745748929166,0.007435481457452474,20.47222222222222,300.3,6.966825754065956,1.1
102.9913353937418,-44.711474279546714,-54.59708635346548,0.0,4.566738923278981,-0.14513563448108865,-0.9894117684785095,0.007174878967774489,20.47222222222222,300.2272018841026,6.991455962317947,1.1
103.49129333254638,-44.783161930579396,-55.09187778807452,0.0,4.570241785654205,-0.14166897790174993,-0.9899140875350111,0.006818553355994658,20.47222222222222,300.2,7.015848320720301,1.1
103.99125127135095,-44.85316475104814,-55.586910431001215,0.0,4.5735372278316735,-0.13840600991262775,-0.9903755734165022,0.006340828886327849,20.50230692579313,300.2,7.040166098657105,1.1
104.49120921015552,-44.92160033691836,-56.082162203745185,0.0,4.5765613467747395,-0.1354103680639149,-0.9907896003798158,0.005732755969201032,20.555555555555554,300.2,7.0644853809055475,1.1
104.99116714896009,-44.9886187222297,-56.57760778492128,0.0,4.579248114761109,-0.13274786074249634,-0.991149840068741,0.0049910494020404825,20.61111111111111,300.2,7.0882926284345125,1.1
105.49112508776466,-45.054402588174774,-57.07321883847527,0.0,4.581535113033334,-0.1304807575872638,-0.9914508418975969,0.004139574697778179,20.666666666666668,300.2,7.112137391168573,1.1
105.99108302656923,-45.11916212941588,-57.56896481437899,0.0,4.583374364044042,-0.12865701095437437,-0.9916891516661287,0.0032043583549867145,20.694444444444443,300.2,7.135955354619739,1.1
106.4910409653738,-45.18312803657522,-58.064813848298684,0.0,4.584733412864982,-0.12730913858133763,-0.991863086939764,0.002226805967812471,20.72222222222222,300.3,7.159767306402287,1.1
106.99099890417837,-45.246541668839846,-58.56073383666574,0.0,4.585602287450572,-0.12644728600557475,-0.9919733282008264,0.0012508946114478327,20.805555555555557,300.3,7.184104871584444,1.1
107.49095684298295,-45.30964414237735,-59.05669352607165,0.0,4.5859920114877895,-0.1260606805623712,-0.9920225324135293,0.0003165008407110295,20.88888888888889,300.3,7.207917858665931,1.1
107.99091478178752,-45.37266628029146,-59.55266343320555,0.0,4.585933376047047,-0.1261188480240472,-0.9920151390846247,-0.0005361797126395146,20.916666666666664,300.3,7.231776211660039,1.1
108.4908727205921,-45.435818892358995,-60.04861673959352,0.0,4.58547543668978,-0.1265731175592663,-0.9919572802854607,-0.001276606299140606,20.916666666666664,300.3,7.255590103278895,1.1
108.99083065939666,-45.49928501053227,-60.54453001631845,0.0,4.5846806423853605,-0.12736147949486973,-0.9918563673944317,-0.0018803031777792402,20.899476456745717,300.3,7.2792376951143085,1.1
109.49078859820123,-45.56321371874815,-61.04038386271245,0.0,4.583623227792973,-0.128410211492796,-0.9917211390226466,-0.0023239594857847926,20.87520379804871,300.3,7.302985326540493,1.1
109.9907465370058,-45.62771458014242,-61.53616359816524,0.0,4.582387412840083,-0.12963569693703467,-0.9915616905062686,-0.002592429477354633,20.86111111111111,300.3,7.326573942474405,1.1
110.49070447581038,-45.69285380936978,-62.03185985907424,0.0,4.581063172336172,-0.13094864904056133,-0.9913891523082407,-0.002677076190742078,20.88888888888889,300.3,7.3503870660670225,1.1
110.99066241461495,-45.75865237651576,-62.5274690309284,0.0,4.579741779187582,-0.1322585491693939,-0.9912152521887498,-0.0025827151513510816,20.94721551487755,300.3,7.374199517071183,1.1
111.49062035341952,-45.82508739743174,-63.02299329461789,0.0,4.578507148164173,-0.13348223315796695,-0.9910512062608885,-0.0023347621202463083,21.055555555555554,300.3,7.397966364023107,1.1
111.99057829222409,-45.89209815077755,-63.51844003760387,0.0,4.577427426248765,-0.1345522148499981,-0.9909065049130317,-0.0019686547882253403,21.138888888888886,300.3,7.421692200508451,1.1
112.49053623102867,-45.95959532943522,-64.0138207558222,0.0,4.576547923671884,-0.13542366752242987,-0.9907877826632575,-0.0015428645328413027,21.11111111111111,300.3,7.445079928902416,1.1
112.99049416983324,-46.02747469773404,-64.50914925681748,0.0,4.575884324886804,-0.13608112322521282,-0.9906976975353099,-0.0011123097309465192,21.083333333333336,300.3,7.46839686283435,1.1
113.49045210863781,-46.09563091760475,-65.00443974453138,0.0,4.575425570210706,-0.1365355960910806,-0.9906351654368288,-0.0007304827166611486,21.11111111111111,300.3,7.492187445943698,1.1
113.99041004744238,-46.163970346758475,-65.49970498922102,0.0,4.575136941169103,-0.13682151647832247,-0.9905957160358468,-0.0004362264730612423,21.138888888888886,300.3,7.515950223093072,1.1
114.49036798624695,-46.23242060890334,-65.99495492713994,0.0,4.5749688415737,-0.136988033283497,-0.9905727023985264,-0.0002502989556257104,21.138888888888886,300.3,7.5392318044053885,1.1
114.99032592505152,-46.300935527488406,-66.49019592456663,0.0,4.574867145628195,-0.13708876980251533,-0.990558766148699,-0.00016936646370404844,21.138888888888886,300.3,7.563021609583153,1.1
115.49028386385609,-46.3694945070565,-66.98543082445542,0.0,4.574784043913978,-0.13717108646055956,-0.9905473704165944,-0.00017284329581845667,21.222222222222225,300.3,7.586324028001833,1.1
115.99024180266066,-46.43809742474438,-67.48065963974534,0.0,4.57468596264896,-0.13726823993976628,-0.9905339117384315,-0.00022454643944183654,21.305555555555557,300.3,7.609515813646874,1.1
116.49019974146523,-46.506756183393485,-67.9758807163666,0.0,4.57455763758917,-0.13739534913264506,-0.9905162886276624,-0.0002898203363270608,21.333333333333332,300.3,7.632926976606364,1.1
116.99015768026982,-46.5754861690005,-68.47109191280995,0.0,4.574399808061139,-0.137551680139067,-0.9904945912476856,-0.00033938904476587205,21.333333333333332,300.3,7.65623457864505,1.1
117.49011561907439,-46.644299428251365,-68.96629154485197,0.0,4.574223550792128,-0.13772625987315346,-0.99047033137866,-0.000362764206178274,21.35433832615589,300.3,7.6795123594832235,1.1
117.99007355787896,-46.71320195633223,-69.46147876412002,0.0,4.574040898966825,-0.1379071687886926,-0.9904451589041602,-0.0003658834370716362,21.372075464633163,300.3,7.702789433453588,1.1
118.49003149668353,-46.78219519252746,-69.95665335362608,0.0,4.573856891434673,-0.13808941582240208,-0.9904197661788802,-0.00037066516820599644,21.38888888888889,300.3,7.726066929230783,1.1
118.9899894354881,-46.851281109426516,-70.4518150211095,0.0,4.5736639969263795,-0.13828045978598288,-0.9903931110631663,-0.000404107478213095,21.38888888888889,300.3,7.749364521479387,1.1
119.48994737429267,-46.92046847753378,-70.94696252064135,0.0,4.5734431502858826,-0.13849918140336157,-0.9903625481360847,-0.0004839437115985807,21.416666666666664,300.3,7.77216961584825,1.1
119.98990531309724,-46.98977769748558,-71.44209297760769,0.0,4.573166110138747,-0.13877354627091326,-0.9903241402972033,-0.0006306678207530815,21.52777777777778,300.3,7.795454714072443,1.1
120.48986325190181,-47.059244760625845,-71.93720131228233,0.0,4.572800750822202,-0.13913536115165842,-0.9902733719923996,-0.0008359832417876939,21.63888888888889,300.3,7.818251620497045,1.1
120.98982119070638,-47.128920666155175,-72.43228029767951,0.0,4.572317252635976,-0.13961414024935867,-0.9902059845519176,-0.0011035348992399906,21.561865899823786,300.3,7.841545655212687,1.1
121.48977912951096,-47.19887116026018,-72.92732055729867,0.0,4.571687491561149,-0.14023770570785687,-0.990117864649354,-0.0014195789806166633,21.5,300.3,7.864824219886116,1.1
121.98973706831553,-47.26917423547674,-73.42231086360668,0.0,4.570889381829787,-0.14102788366269217,-0.9900056242414091,-0.0017762789318714251,21.52777777777778,300.3,7.888093601948881,1.1
122.4896950071201,-47.33991756388042,-73.91723843527546,0.0,4.569906682487366,-0.1420006932868759,-0.9898665582319904,-0.002156495114584043,21.583333333333332,300.3,7.911361263206636,1.1
122.98965294592468,-47.4111942610996,-74.41208946808713,0.0,4.568734348091201,-0.14316105005430022,-0.9896994057527518,-0.0025327538214268393,21.63888888888889,300.3,7.93415743470658,1.1
123.48961088472925,-47.48309613083304,-74.90685004149712,0.0,4.5673832399884535,-0.14449810986412362,-0.9895050764122919,-0.0028691246433904974,21.72222222222222,300.3,7.956951566788747,1.1
123.98956882353382,-47.55570489770453,-75.40150736011273,0.0,4.5658833914453645,-0.14598205452741492,-0.989287238245776,-0.003125188688590165,21.77400007155519,300.3,7.979728005151974,1.1
124.48952676233839,-47.62908291998081,-75.89605114555408,0.0,4.564281469340376,-0.14756662763854597,-0.9890521171340703,-0.003276218150666588,21.784526432245894,300.4,8.002485903121705,1.1
124.98948470114296,-47.70326712119454,-76.39047463465526,0.0,4.562632041265618,-0.14919779649242876,-0.9888073712922066,-0.003315197570509866,21.77777777777778,300.4,8.02525446397742,1.1
125.48944263994753,-47.7782680789605,-76.88477488557658,0.0,4.560983667978254,-0.15082751671630149,-0.9885600943803031,-0.0032743487488244576,21.722287289791712,300.4,8.047995315134997,1.1
125.98940057875211,-47.854077183983186,-77.37895184126803,0.0,4.559364099674525,-0.15242835880121217,-0.9883145225246712,-0.0032029546327284122,21.72222222222222,300.4,8.070734061090665,1.1
126.48935851755668,-47.93067832319605,-77.87300664741244,0.0,4.557775957604633,-0.1539977497859195,-0.9880711983763485,-0.0031513391696974956,21.805555555555554,300.4,8.093951225593237,1.1
126.98931645636125,-48.00806021810917,-78.36693976927243,0.0,4.556197304157996,-0.15555737924842303,-0.987826858189917,-0.003167297403134796,21.88888888888889,300.4,8.116685582406918,1.1
127.48927439516582,-48.08622708853045,-78.86074927195565,0.0,4.554590197619914,-0.1571447206812411,-0.9875755853412005,-0.003265572593924828,21.916666666666668,300.4,8.139417537111747,1.1
127.98923233397039,-48.16520288405852,-79.35443004304521,0.0,4.552914026495401,-0.15879984483264037,-0.987310796700375,-0.0034431887024015425,21.944444444444443,300.4,8.162180707482866,1.1
128.48919027277498,-48.245030360692155,-79.8479738070137,0.0,4.551134842463915,-0.16055620016943187,-0.9870267000376197,-0.003676412814351109,21.97222222222222,300.4,8.184873404748965,1.1
128.98914821157953,-48.32576596297481,-80.34136982096861,0.0,4.549230906205038,-0.16243514395087044,-0.9867192224790495,-0.003941149582723912,22.0,300.4,8.207589940938261,1.1
129.48910615038412,-48.40747397410521,-80.8346057225219,0.0,4.547191643016938,-0.16444698499280347,-0.9863859230173435,-0.004216933612417275,22.0,300.4,8.230283293183835,1.1
129.98906408918867,-48.490221153254375,-81.32766834222404,0.0,4.545017695476839,-0.16659094596267282,-0.9860260933277891,-0.004479028852488055,22.0,300.4,8.252639428166944,1.1
130.48902202799326,-48.57407093991306,-81.82054464028168,0.0,4.542721269546568,-0.16885484059663983,-0.985640929957296,-0.004706219014749524,22.0,300.4,8.275185460688283,1.1
130.9889799667978,-48.659077679695564,-82.3132227068166,0.0,4.540327672937874,-0.1712135814210015,-0.9852339364521474,-0.004866803684751738,22.0,300.4,8.29787544774738,1.1
131.4889379056024,-48.7452796890048,-82.80569304219277,0.0,4.537875390390668,-0.1736291361742775,-0.984811110351307,-0.004940519486607445,22.027777777777775,300.4,8.320548340987022,1.1
131.98889584440695,-48.83269377738388,-83.29794967659184,0.0,4.5354132319870155,-0.17605336838663987,-0.9843806232752238,-0.004905850572651211,22.11111111111111,300.4,8.34321809992573,1.1
132.48885378321154,-48.92131123190644,-83.78999110595214,0.0,4.532993410992004,-0.17843487551829335,-0.9839517240183947,-0.004771596527531664,22.22222222222222,300.4,8.365851172806629,1.1
132.98881172201612,-49.01109906713052,-84.28182031900947,0.0,4.530661971191412,-0.18072841270017942,-0.9835330400362123,-0.004552831513020322,22.13888888888889,300.4,8.388481728619665,1.1
133.48876966082068,-49.1020047865064,-84.77344415032941,0.0,4.528449710960765,-0.18290379970453205,-0.9831308153311259,-0.004296116973400167,22.067444525930195,300.4,8.411143994133026,1.1
133.98872759962526,-49.193966258934424,-85.26487160199675,0.0,4.526366117314533,-0.1849518463168945,-0.98274758434909,-0.0040390417652571625,22.083333333333332,300.4,8.433290214138934,1.1
134.48868553842982,-49.28692126548047,-85.75611210249627,0.0,4.524402513648733,-0.18688121527304954,-0.9823825178503881,-0.0038169073563036893,22.13888888888889,300.4,8.455788717460685,1.1
134.9886434772344,-49.38081574274113,-86.24717390839547,0.0,4.5225357136859206,-0.18871480022064788,-0.9820319364346971,-0.0036522340530977617,22.194444444444446,300.4,8.477933124566883,1.1
135.48860141603896,-49.47560868608884,-86.73806307413163,0.0,4.520738319800952,-0.19047959263437225,-0.9816911555014864,-0.0035390637765063907,22.22222222222222,300.4,8.500558019192134,1.1
135.98855935484355,-49.57127169561319,-87.22878342991275,0.0,4.518986674633032,-0.19219887410348704,-0.9813559969722262,-0.0034690066228076086,22.249999999999996,300.4,8.522702870339053,1.1
136.4885172936481,-49.667786369114204,-87.71933699408449,0.0,4.517265077030638,-0.193888088571497,-0.9810236536955117,-0.003418369259606649,22.194444444444446,300.4,8.545231215765991,1.1
136.98847523245269,-49.76513978820627,-88.20972479478424,0.0,4.515565397818306,-0.1955552332171534,-0.9806926892566217,-0.003381201045835402,22.166666666666664,300.4,8.567859471197233,1.1
137.48843317125727,-49.86332245263306,-88.69994724311994,0.0,4.513881630672432,-0.19720621336078506,-0.9803620297685445,-0.003354646394731107,22.22222222222222,300.4,8.589911206896872,1.1
137.98839111006183,-49.96232827609077,-89.1900041088028,0.0,4.512204152018327,-0.1988504715051151,-0.9800298413733091,-0.003356296801494669,22.305555555555554,300.4,8.61244618331833,1.1
138.4883490488664,-50.062158160104275,-89.67989376745534,0.0,4.510513919994836,-0.2005066644919269,-0.9796923381829226,-0.0034058940109051505,22.305555555555554,300.4,8.634503595243205,1.1
138.98830698767097,-50.16282433873513,-90.16961225855759,0.0,4.508784549721657,-0.20220061462421107,-0.9793441230974899,-0.00351290259532042,22.305555555555554,300.4,8.657044766409784,1.1
139.48826492647555,-50.26435277710376,-90.65915270689706,0.0,4.506986917608553,-0.20396078741784432,-0.9789790586094745,-0.00367888329764964,22.333333333333336,300.4,8.679108644638456,1.1
139.9882228652801,-50.36678285493467,-91.14850528508701,0.0,4.505097259286492,-0.2058103580897524,-0.9785918947666427,-0.0038807200421829635,22.388888888888886,300.4,8.70162741030924,1.1
140.4881808040847,-50.47016188780681,-91.63765826073526,0.0,4.503108311849125,-0.2077563175641109,-0.978180613441199,-0.0040756968372923546,22.416666666666668,300.4,8.723697649741453,1.1
140.98813874288925,-50.57453565734783,-92.1265999408159,0.0,4.501032893466474,-0.209786002692763,-0.9777473257821736,-0.004226456261903473,22.444444444444443,300.4,8.74612430235211,1.1
141.48809668169383,-50.67993900729125,-92.61532069857095,0.0,4.4989027900382865,-0.21186822811322872,-0.9772982420510951,-0.004294441164437864,22.472222222222225,300.4,8.768200279536384,1.1
141.98805462049842,-50.78638747191718,-93.1038148834499,0.0,4.496763048892447,-0.21395890675944496,-0.9768426619565216,-0.0042650099333580785,22.472222222222225,300.4,8.79023780276352,1.1
142.48801255930297,-50.89387389751481,-93.59208173224215,0.0,4.49465923775601,-0.21601352422107134,-0.9763903713953721,-0.00415066068825158,22.472222222222225,300.4,8.812644062087067,1.1
142.98797049810756,-51.00237115392534,-94.08012496661001,0.0,4.492626135267005,-0.21799817810140795,-0.9759491761072739,-0.00398227036958348,22.5,300.4,8.83462922124533,1.1
143.4879284369121,-51.11183914555531,-94.56795138977014,0.0,4.490681825413235,-0.21989531245215513,-0.9755234756588737,-0.003795776226239776,22.527777777777775,300.4,8.856518396136002,1.1
143.9878863757167,-51.222233402051216,-95.05556904238934,0.0,4.488826338733409,-0.2217050036973994,-0.9751137837891207,-0.0036271662625784675,22.534831520222728,300.4,8.878507869456037,1.1
144.48784431452125,-51.33351293110152,-95.54298543406051,0.0,4.487047530975531,-0.22343919199145987,-0.9747178707103936,-0.0034889705463807103,22.555555555555557,300.4,8.90090646604398,1.1
144.98780225332584,-51.44564331660088,-96.03020679387328,0.0,4.485332624143993,-0.22511041295076395,-0.9743332602252355,-0.0033710492076504694,22.583333333333332,300.4,8.922846061701355,1.1
145.4877601921304,-51.55859437199704,-96.51723855879393,0.0,4.483678824531749,-0.22672145633979618,-0.9739596404549635,-0.0032436160506614424,22.61111111111111,300.4,8.944801643819314,1.1
145.98771813093498,-51.6723332423479,-97.00408695101103,0.0,4.482100918926747,-0.22825798983388515,-0.9736006830713473,-0.0030665464309850626,22.61111111111111,300.4,8.966739187729337,1.1
146.48767606973956,-51.786815436759504,-97.49076109538906,0.0,4.480631241347185,-0.22968862190100883,-0.9732641660768239,-0.0028099895295794547,22.63888888888889,300.4,8.988638560792735,1.1
146.98763400854412,-51.90197774019982,-97.97727476168518,0.0,4.479313395032081,-0.2309710346723816,-0.9729606267174276,-0.0024593993666822715,22.666666666666664,300.4,9.01099049526456,1.1
147.4875919473487,-52.017735327705495,-98.46364714366491,0.0,4.478190207307787,-0.2320637061839427,-0.9727005892216642,-0.002032285944931065,22.63888888888889,300.4,9.032849689393064,1.1
147.98754988615326,-52.13398553151571,-98.94990202790216,0.0,4.47729092789244,-0.23293834184787005,-0.9724915058226292,-0.0015656300675725816,22.61111111111111,300.4,9.054755584763333,1.1
148.48750782495785,-52.25061681050395,-99.43606565766532,0.0,4.47662151456659,-0.23358928838103607,-0.9723353559105218,-0.0011150445999249246,22.63888888888889,300.4,9.076595903253848,1.1
148.9874657637624,-52.367521567922424,-99.92216360382751,0.0,4.476159999273143,-0.23403801112538303,-0.9722274473334288,-0.0007362134218620063,22.72222222222222,300.4,9.098497310959335,1.1
149.48742370256699,-52.4846093279903,-100.40821750538244,0.0,4.475858850789133,-0.2343307853303338,-0.9721569230563907,-0.0004743283768826224,22.77777777777778,300.4,9.120300439422632,1.1
149.98738164137154,-52.60181673395928,-100.89424257088417,0.0,4.475657179666218,-0.23452683654206533,-0.9721096455346853,-0.00033863223805467776,22.77777777777778,300.4,9.142201690981885,1.1
150.48733958017613,-52.71911074934165,-101.3802467424777,0.0,4.475492014524882,-0.23468739196944408,-0.9720708966174126,-0.0003262670543228589,22.77777777777778,300.4,9.16410294628424,1.1
150.9872975189807,-52.83648675973046,-101.8662311175792,0.0,4.475313135550065,-0.2348612712592257,-0.9720289004255482,-0.00039120801453877506,22.805555555555554,300.4,9.186004331445647,1.1
151.48725545778527,-52.95395897527901,-102.35219224619337,0.0,4.475093277164988,-0.23507497428547203,-0.9719772407133228,-0.00048731705040100983,22.833333333333332,300.4,9.207905992135634,1.1
151.98721339658985,-53.07154902176616,-102.83812487520973,0.0,4.4748296240826635,-0.2353312309075893,-0.9719152286899917,-0.0005641785742044193,22.858445361759628,300.4,9.229808066046694,1.1
152.4871713353944,-53.18927440018799,-103.32402473583019,0.0,4.474540630154957,-0.23561209867587982,-0.9718471788082463,-0.0005881622167204976,22.86111111111111,300.5,9.251630597057794,1.1
152.987129274199,-53.30714075753621,-103.80989041823477,0.0,4.474254150773026,-0.23589050318279375,-0.9717796409208048,-0.0005550155201474763,22.88888888888889,300.5,9.273515620220778,1.1
153.48708721300355,-53.42514056751235,-104.29572370677501,0.0,4.473994752922484,-0.23614257279381168,-0.9717184187378148,-0.0004817365528702651,22.88888888888889,300.5,9.294890751975153,1.1
153.98704515180813,-53.54325696555672,-104.78152866340172,0.0,4.473775227795748,-0.23635588371111632,-0.9716665560958333,-0.0003983345036225903,22.88888888888889,300.5,9.316740539051617,1.1
154.4870030906127,-53.661470930837034,-105.26730988755212,0.0,4.473590877221982,-0.23653500698093444,-0.9716229672421959,-0.0003423222402331492,22.88888888888889,300.5,9.33854702869149,1.1
154.98696102941727,-53.77976934704015,-105.75307055287027,0.0,4.473424011497912,-0.2366971342570738,-0.9715834841301538,-0.0003290452180649855,22.916666666666668,300.5,9.359967186247262,1.1
155.48691896822186,-53.89814917904835,-106.23881138348075,0.0,4.473251630153927,-0.23686461360626576,-0.9715426675247745,-0.0003628589723252784,22.944444444444443,300.5,9.38178480025816,1.1
155.9868769070264,-54.01661799454352,-106.72453051914498,0.0,4.473055307297914,-0.2370553450715708,-0.9714961468647204,-0.00042267470505662495,23.0,300.5,9.403194732086956,1.1
156.486834845831,-54.13518951140863,-107.21022459387939,0.0,4.472828614937822,-0.23727556973296812,-0.9714423832672195,-0.0004822188778266853,23.02777777777778,300.5,9.425048619343459,1.1
156.98679278463555,-54.25387745517785,-107.69589023072389,0.0,4.472577759895462,-0.23751925348494854,-0.9713828309291619,-0.0005180567442785545,23.0,300.5,9.44642233200206,1.1
157.48675072344014,-54.37269013271488,-108.18152536807936,0.0,4.472317922689801,-0.23777164686442362,-0.971321081799103,-0.0005178910541298967,22.97222222222222,300.5,9.468312121070255,1.1
157.9867086622447,-54.491627458633495,-108.66712999314619,0.0,4.472067506760027,-0.23801487367858118,-0.9712615095368338,-0.00048095509346622215,23.02777777777778,300.5,9.490107946598389,1.1
158.48666660104928,-54.61068067801066,-109.1527062182334,0.0,4.471843083540426,-0.23823284131789363,-0.9712080690138459,-0.000414964718290493,23.083333333333332,300.5,9.51155382272471,1.1
158.98662453985384,-54.729834102299314,-109.63825786422409,0.0,4.471656294396306,-0.23841424828481844,-0.9711635527627593,-0.0003316856766137928,23.083333333333332,300.5,9.533359870596271,1.1
159.48658247865842,-54.84906788608963,-110.12378978361683,0.0,4.471512511344467,-0.23855388267935193,-0.9711292627959504,-0.00024394639796592333,23.083333333333332,300.5,9.554699228418963,1.1
159.986540417463,-54.968361007423596,-110.60930712786215,0.0,4.471411463327848,-0.2386520121471699,-0.9711051524413342,-0.00016210219592091365,23.083333333333332,300.5,9.576504644980576,1.1
160.48649835626756,-55.087693947760506,-111.09481468697004,0.0,4.471347000340267,-0.23871461199065158,-0.9710897662019473,-9.936755982339586e-05,23.083333333333332,300.5,9.597923122514851,1.1
160.98645629507214,-55.20705190408076,-111.58031609679217,0.0,4.471305592889849,-0.23875482213733804,-0.9710798808059861,-7.208271232289028e-05,23.083333333333332,300.5,9.619740755734693,1.1
161.4864142338767,-55.326428753953216,-112.06581286129688,0.0,4.471264771625154,-0.2387944626472544,-0.971070133723105,-9.894619947071474e-05,23.11111111111111,300.5,9.641110050312713,1.1
161.98637217268129,-55.44583141807614,-112.55130327761596,0.0,4.471193551042211,-0.23886362222257043,-0.9710531241794721,-0.00019541599405025977,23.13888888888889,300.5,9.662479155535,1.1
162.48633011148584,-55.56528363920525,-113.03678150280857,0.0,4.471053868058937,-0.23899925948915837,-0.971019749522961,-0.0003727846108531855,23.166666666666668,300.5,9.683822117959474,1.1
162.98628805029043,-55.68482838984644,-113.5222369509544,0.0,4.470805773780528,-0.23924015657547165,-0.970960425291239,-0.0006288868860140932,23.194444444444443,300.5,9.705239562898203,1.1
163.48624598909498,-55.80452770831323,-114.0076543084299,0.0,4.470410849812986,-0.23962359345244783,-0.9708658679039737,-0.0009571833805102572,23.194444444444443,300.5,9.7270435079615,1.1
163.98620392789957,-55.924460582962745,-114.49301401001802,0.0,4.469839300307683,-0.24017845218997372,-0.9707287525893258,-0.0013336470380934976,23.22222222222222,300.5,9.748380983176771,1.1
164.48616186670412,-56.044717926782376,-114.9782934141281,0.0,4.469070956187128,-0.24092423495129944,-0.970543926369709,-0.0017400718304614328,23.25,300.5,9.770184829229777,1.1
164.9861198055087,-56.165397410828476,-115.46346800561085,0.0,4.468099397628613,-0.24186706135371452,-0.9703093963433099,-0.002143452851179214,23.29589508601353,300.5,9.791304446192974,1.1
165.4860777443133,-56.28659618485975,-115.94851312838767,0.0,4.466932035838481,-0.24299959841018895,-0.9700263889052126,-0.002521589868865905,23.333333333333332,300.5,9.812545300931362,1.1
165.98603568311785,-56.408405479514656,-116.43340528192357,0.0,4.465584657808685,-0.24430636968541464,-0.9696980961779462,-0.0028625395830977666,23.305555555555557,300.5,9.833821347665488,1.1
166.48599362192243,-56.53090757301,-116.91812286182167,0.0,4.464077506389144,-0.2457675735227349,-0.969328788288446,-0.003161952469102748,23.277777777777775,300.5,9.85515215916012,1.1
166.985951560727,-56.6541749866536,-117.4026463699927,0.0,4.462428846975282,-0.2473653318230921,-0.9689222840930286,-0.003432252946671169,23.277777777777775,300.5,9.876959186738118,1.1
167.48590949953157,-56.77827348789233,-117.88695767141613,0.0,4.460646667075621,-0.24909173189156458,-0.9684798960759387,-0.0036989544300349477,23.305555555555557,300.5,9.898286957657596,1.1
167.98586743833613,-56.903267729220545,-118.37103855586979,0.0,4.458727654635571,-0.250949797065815,-0.9680001029713924,-0.003983377753283978,23.333333333333332,300.5,9.919567172567321,1.1
168.4858253771407,-57.029226658306065,-118.85486930910164,0.0,4.45665670826966,-0.2529539337893985,-0.967478323984816,-0.004307460363955714,23.333333333333332,300.5,9.940830823535235,1.1
168.98578331594527,-57.15622821098404,-119.33842741246542,0.0,4.454412913316062,-0.2551241181862604,-0.9669083122611384,-0.004675880970125169,23.333333333333332,300.5,9.96209537913102,1.1
169.48574125474985,-57.284360935694835,-119.82168699031256,0.0,4.451972687551031,-0.25748283082695866,-0.9662828736086218,-0.005091297529317014,23.36111111111111,300.5,9.983329243939622,1.1
169.98569919355444,-57.41372412679426,-120.30461861800413,0.0,4.449315803645877,-0.2600492204319846,-0.9655953619154957,-0.005542747360261564,23.38888888888889,300.5,10.004644030172589,1.1
170.485657132359,-57.54442586182213,-120.78718967216395,0.0,4.446424295879448,-0.26284015591835347,-0.9648393920424351,-0.006027112533796643,23.38888888888889,300.5,10.025816544883224,1.1
170.98561507116358,-57.67658151688823,-121.26936455584834,0.0,4.443285962070091,-0.2658668446589244,-0.9640097618339284,-0.006531870345960494,23.416666666666664,300.5,10.047056400577732,1.1
171.48557300996814,-57.81031167689745,-121.75110509226289,0.0,4.43988811077635,-0.26914086540523063,-0.9631008226395218,-0.007064477092634367,23.444444444444446,300.5,10.068207304820236,1.1
171.98553094877272,-57.94574295508431,-122.23237012148802,0.0,4.4362180261836155,-0.27267370636339844,-0.9621065688675279,-0.007622087992881861,23.416666666666664,300.5,10.089456601473703,1.1
172.48548888757728,-58.083007817730795,-122.71311534533561,0.0,4.432261582883955,-0.27647808238204796,-0.9610202234929011,-0.008209620324743608,23.38888888888889,300.5,10.110672940729808,1.1
172.98544682638186,-58.222245252963624,-123.19329291292998,0.0,4.428004648298989,-0.2805665651585551,-0.9598345703896741,-0.008821873532469429,23.416666666666664,300.5,10.13175245211087,1.1
173.48540476518642,-58.363599420319076,-123.67285156512324,0.0,4.4234385644097305,-0.28494631031938794,-0.9585434785315515,-0.009441071872750605,23.47222222222222,300.5,10.153092264348144,1.1
173.985362703991,-58.50721521379951,-124.1517377153354,0.0,4.418567705770492,-0.2896118414344495,-0.9571441799963825,-0.01003458138895514,23.499999999999996,300.5,10.174389515587645,1.1
174.48532064279559,-58.65323060725759,-124.62989761281503,0.0,4.413414372791787,-0.29454045669149864,-0.9556390110140771,-0.010563318814790383,23.52777777777778,300.5,10.195447056809009,1.1
174.98527858160014,-58.80176732427526,-125.10728024330243,0.0,4.408021675320203,-0.299689621009271,-0.9540367556123399,-0.010987120915237613,23.555555555555554,300.5,10.216982186670311,1.1
175.48523652040473,-58.952921741834,-125.58384045572447,0.0,4.402448467579549,-0.3050019842510747,-0.9523517152832284,-0.011285719549474944,23.555555555555554,300.5,10.237955848859533,1.1
175.98519445920928,-59.106760433329555,-126.05954091422832,0.0,4.396756071768321,-0.3104181763559509,-0.9506001029811882,-0.011470710368316334,23.555555555555554,300.5,10.258835751665456,1.1
176.48515239801387,-59.26332317718486,-126.5343517752787,0.0,4.390991103122407,-0.3158931674504145,-0.9487947653513611,-0.011588143898398892,23.555555555555554,300.5,10.280171075799382,1.1
176.98511033681842,-59.42263389257064,-127.00824767923619,0.0,4.385170271623842,-0.3214105591755475,-0.9469399413112015,-0.011708571711718078,23.555555555555554,300.5,10.301057133472668,1.1
177.485068275623,-59.58471710651607,-127.48120248525748,0.0,4.379272547335957,-0.326989727670611,-0.9450278927089399,-0.01190782794792194,23.555555555555554,300.5,10.322289729511082,1.1
177.98502621442756,-59.749615385308985,-127.95318314710173,0.0,4.3732428967512815,-0.3326819370151627,-0.9430390918640856,-0.012240089473206112,23.583333333333336,300.5,10.343612216619825,1.1
178.48498415323215,-59.9174014090426,-128.42414491706128,0.0,4.367010429371196,-0.3385528980737026,-0.9409473604861737,-0.012716951533623812,23.61111111111111,300.5,10.364838369592153,1.1
178.98494209203673,-60.08818063437509,-128.8940295035177,0.0,4.3605069220785815,-0.34466515333203784,-0.9387256958657321,-0.013311346178222955,23.61111111111111,300.5,10.385969370614484,1.1
179.4849000308413,-60.26208422190768,-129.3627666630718,0.0,4.353691450203961,-0.35105495744911996,-0.9363548562646518,-0.013947899146946895,23.61111111111111,300.6,10.406731537650861,1.1
179.98485796964587,-60.439251719596555,-129.83027983906314,0.0,4.346565573463883,-0.3577183373542116,-0.9338295300109857,-0.014536114844145508,23.638888888888886,300.6,10.427863295327372,1.1
180.48481590845043,-60.61981013748002,-130.29649381187386,0.0,4.339175822588313,-0.3646092749629485,-0.9311606073127198,-0.014986211228802842,23.666666666666668,300.6,10.448850312997088,1.1
180.984773847255,-60.80385311982537,-130.76134318012697,0.0,4.331613006978487,-0.37164097672911056,-0.9283765315947149,-0.015219921636694176,23.694444444444443,300.6,10.469840556178067,1.1
181.48473178605957,-60.99142384299426,-131.22478029354542,0.0,4.323995898378801,-0.3787016718932013,-0.925518797056707,-0.015197821436634796,23.722222222222225,300.6,10.490876502512688,1.1
181.98468972486415,-61.18250599177488,-131.6867806923785,0.0,4.3164586604819455,-0.38566670423357946,-0.9226381702734874,-0.014901867958657144,23.75,300.6,10.51197005011541,1.1
182.4846476636687,-61.37702063693043,-132.14734650951698,0.0,4.309135406562515,-0.39241301582089544,-0.9197891198608242,-0.014349031209393298,23.679029681801847,300.6,10.533109862910267,1.1
182.9846056024733,-61.574830771463716,-132.60650668469475,0.0,4.302144830834196,-0.39883323073848503,-0.9170234751949933,-0.013579116179805764,23.607583326155314,300.6,10.554254000516817,1.1
183.48456354127788,-61.77575074830202,-133.06431472203153,0.0,4.295584617991338,-0.4048404746265768,-0.9143873304591048,-0.012637548882030038,23.56812429332816,300.6,10.574904949119627,1.1
183.98452148008244,-61.97955727126934,-133.52084519203282,0.0,4.289527701417352,-0.4103713825255153,-0.9119184878069405,-0.011573615019301974,23.61111111111111,300.6,10.595939076873986,1.1
184.48447941888702,-62.186000669019265,-133.9761894898971,0.0,4.284025349179972,-0.41538284177632656,-0.9096466867733995,-0.01042500001749116,23.638888888888886,300.6,10.616909025167734,1.1
184.98443735769158,-62.3948136625747,-134.4304521565446,0.0,4.2791126219639315,-0.4198466572363452,-0.9075950553013534,-0.009218318092112536,23.666666666666668,300.6,10.638164090589074,1.1
185.48439529649616,-62.60571739819993,-134.8837480512904,0.0,4.274814655269751,-0.42374358073976925,-0.9057821911374935,-0.00796483070041597,23.694444444444443,300.6,10.659338354523337,1.1
185.98435323530072,-62.81842384721803,-135.3362009512424,0.0,4.2711557062253345,-0.4270549477105315,-0.90422567516962,-0.006662659363033064,23.666666666666668,300.6,10.680400123687868,1.1
186.4843111741053,-63.03263562480143,-135.78794320827242,0.0,4.2681595946950655,-0.42976218786137177,-0.9029421143598337,-0.0053106862900050315,23.638888888888886,300.6,10.70120379905893,1.1
186.98426911290986,-63.248045302455694,-136.23911556952226,0.0,4.26585366729211,-0.4318431623939582,-0.9019487142258065,-0.003904318393412984,23.577747561693855,300.6,10.722402175558042,1.1
187.48422705171444,-63.46433466364001,-136.68986694066575,0.0,4.264261906279057,-0.43327830150569974,-0.9012601807715328,-0.0024561647792344034,23.449179843106048,300.6,10.743659051296365,1.1
187.98418499051903,-63.681176964116894,-137.14035261193152,0.0,4.263401825833869,-0.43405329741135684,-0.9008871932746787,-0.0009839167744533654,23.333333333333332,300.6,10.764853078601785,1.1
188.48414292932358,-63.89824085841485,-137.59073156808134,0.0,4.263277475783592,-0.434165319422977,-0.9008332117602816,0.0004786837657362707,23.333333333333332,300.6,10.786025108037464,1.1
188.98410086812817,-64.11519747610527,-138.04116220434463,0.0,4.2638746660862585,-0.43362727317702493,-0.901092330428496,0.0018974433577376862,23.333333333333332,300.6,10.807280704670937,1.1
189.48405880693272,-64.3317275006363,-138.49179803808164,0.0,4.2651658307108224,-0.43246345350849463,-0.9016514633601534,0.003251116401287387,23.305555555555557,300.6,10.828571788919104,1.1
189.9840167457373,-64.54752572850462,-138.94278472009006,0.0,4.26711511144779,-0.4307050611781119,-0.902492742505755,0.004533552017129387,23.277777777777775,300.6,10.849825261600712,1.1
190.48397468454186,-64.76230191682542,-139.39425896182385,0.0,4.269691328374522,-0.42837861739937705,-0.903599336074899,0.005765554899103412,23.25,300.6,10.87137324181432,1.1
190.98393262334645,-64.97577611820543,-139.84635020970921,0.0,4.2728771607780915,-0.4254977323056955,-0.9049594906970757,0.006981786469889337,23.194444444444443,300.6,10.892878605536838,1.1
191.483890562151,-65.18767069952511,-140.29918387671486,0.0,4.276675199349053,-0.4220576005988729,-0.9065690165545711,0.00822056517978201,23.13888888888889,300.6,10.914230901909765,1.1
191.9838485009556,-65.39770181236118,-140.75288473317036,0.0,4.281102761026746,-0.418039586622598,-0.9084288106485876,0.00950059087927614,23.13888888888889,300.6,10.935665826086282,1.1
192.48380643976017,-65.60557498354981,-141.20757820049977,0.0,4.286180075330099,-0.4134218395109952,-0.9105396106789341,0.01081347298804879,23.13888888888889,300.6,10.957101397531636,1.1
192.98376437856473,-65.8109867918541,-141.66338873293623,0.0,4.291915353742274,-0.4081928705575694,-0.9128957116921798,0.012118412150648052,23.083333333333332,300.6,10.978537713542782,1.1
193.4837223173693,-66.01363386861226,-142.1204349560105,0.0,4.298288993097696,-0.40236615087796945,-0.9154788258761899,0.013355260787607782,22.998497219412393,300.6,11.000108200202307,1.1
193.98368025617387,-66.21322601016495,-142.57882332713496,0.0,4.305253787220794,-0.3959803218597264,-0.9182589965254179,0.01447127740825261,22.916666666666668,300.6,11.022062218777146,1.1
194.48363819497845,-66.40949837324936,-143.03864277703846,0.0,4.3127372602559495,-0.3890975316927201,-0.9211965647084408,0.0154254952186008,22.944444444444443,300.6,11.043718004993176,1.1
194.983596133783,-66.60222080751682,-143.49996120848246,0.0,4.320654595563861,-0.3817919907325124,-0.9242482760668289,0.016209064831809075,22.97222222222222,300.6,11.065371163190814,1.1
195.4835540725876,-66.791200380264,-143.9628253778259,0.0,4.3289235162519635,-0.37413648968569707,-0.9273736502002116,0.01683650781679539,22.916666666666668,300.6,11.087240726036178,1.1
195.98351201139215,-66.9762786923012,-144.42726314691768,0.0,4.337471941445653,-0.3661953319261459,-0.9305380050677672,0.017336487336655913,22.86111111111111,300.6,11.108861373116305,1.1
196.48346995019673,-67.15732565733316,-144.8932871092175,0.0,4.3462461004647714,-0.3580166524148453,-0.9337152010081382,0.01774579905843573,22.805555555555554,300.6,11.130685183764777,1.1
196.98342788900132,-67.33423164607257,-145.36089864073918,0.0,4.355207666125526,-0.34963483832985764,-0.9368860548786359,0.01809239327641141,22.80024170555362,300.7,11.152382597200138,1.1
197.48338582780588,-67.50690112910655,-145.83009099576827,0.0,4.364331667107784,-0.3410722546526468,-0.9400370828356507,0.018398807788474247,22.804970584158994,300.7,11.173957882059447,1.1
197.98334376661046,-67.67524769410124,-146.30085165314586,0.0,4.373601575835551,-0.33234366722463615,-0.9431583572527363,0.01867977739442468,22.836205100170403,300.7,11.196206767212269,1.1
198.48330170541502,-67.83919056372683,-146.77316388452064,0.0,4.383008759161841,-0.32345662922896995,-0.946242996807814,0.018952752656216154,22.88888888888889,300.7,11.217906404359368,1.1
198.9832596442196,-67.99865053361414,-147.24700834060178,0.0,4.392554499790373,-0.31440943942554195,-0.9492874719494176,0.019240573495121753,22.86111111111111,300.7,11.239338947630552,1.1
199.48321758302416,-68.1535445852615,-147.7223648564075,0.0,4.402252985667955,-0.30518814595615484,-0.9522920747164941,0.019570222893282536,22.833333333333332,300.7,11.261234186938971,1.1
199.98317552182874,-68.30377952594375,-148.1992142748541,0.0,4.41213143559377,-0.29576623879414216,-0.955260347753201,0.019964783380812454,22.833333333333332,300.7,11.28276983871758,1.1
200.4831334606333,-68.44924646787501,-148.67753966517012,0.0,4.422226116691166,-0.28610828444862624,-0.9581972915688418,0.020436249335695433,22.833333333333332,300.7,11.304768106061552,1.1
200.98309139943788,-68.58981788032389,-149.15732646858925,0.0,4.4325751468610965,-0.2761767274716043,-0.9611068698136931,0.020975813306631855,22.86111111111111,300.7,11.326327285824183,1.1
201.48304933824247,-68.72534965011238,-149.6385610426289,0.0,4.443204936608092,-0.265944953122438,-0.9639882166856109,0.021548742051009588,22.916666666666668,300.7,11.34847592620327,1.1
201.98300727704702,-68.85568918996854,-150.12122765131738,0.0,4.454120175068795,-0.2554071582953001,-0.9668335862450784,0.022102522021757522,22.97222222222222,300.7,11.370122348053718,1.1
202.4829652158516,-68.98068805858914,-150.605304727942,0.0,4.465295598497483,-0.24458665973872187,-0.9696274366362859,0.022575077227621212,22.97222222222222,300.7,11.39156231113893,1.1
202.98292315465616,-69.10021688431658,-151.09076131026987,0.0,4.476676881894754,-0.23353545241228862,-0.9723482876349336,0.02291830244670167,22.97222222222222,300.7,11.41321320798385,1.1
203.48288109346075,-69.21417718601485,-151.57755512862985,0.0,4.488192428001998,-0.22232309420261115,-0.9749730466962545,0.023108821382539155,22.88888888888889,300.7,11.435184448483497,1.1
203.9828390322653,-69.32250748444027,-152.0656326803663,0.0,4.499764885898701,-0.21102562471751724,-0.977480529582345,0.023154258606427783,22.805555555555554,300.7,11.456724525320325,1.1
204.4827969710699,-69.42518178953486,-152.55493130754562,0.0,4.511330566724498,-0.19970653517666942,-0.9798557545923429,0.0230897672480357,22.805555555555554,300.7,11.478644236399639,1.1
204.98275490987444,-69.52220164633088,-153.0453824639148,0.0,4.522844667237947,-0.1884113889638794,-0.9820901936730159,0.022964635307874206,22.86111111111111,300.7,11.500459215055663,1.1
205.48271284867903,-69.61358421288635,-153.5369152193903,0.0,4.534292624810616,-0.17715636160610154,-0.9841827185754117,0.02283375221815207,22.88888888888889,300.7,11.522091712392225,1.1
205.9826707874836,-69.69934926654959,-154.02945923384408,0.0,4.545680636206066,-0.16593723254564563,-0.9861363165684004,0.022734884287714176,22.916666666666668,300.7,11.543832082062591,1.1
206.48262872628817,-69.77950969546727,-154.52294638538282,0.0,4.557033379093397,-0.1547314276990366,-0.9879565705445851,0.02269497306546873,22.916666666666668,300.7,11.565575056052934,1.1
206.98258666509275,-69.8540649636462,-155.0173114033667,0.0,4.5683820428165935,-0.1435097174835066,-0.9896489079404899,0.022718574437288155,22.944444444444443,300.7,11.587362359564535,1.1
207.4825446038973,-69.92299969935308,-155.51249141354052,0.0,4.579757660861347,-0.1322428069954492,-0.9912173525508744,0.022800329888695202,22.97222222222222,300.7,11.608662617261064,1.1
207.9825025427019,-69.98628491737831,-156.00842507076294,0.0,4.591186098523691,-0.12090635189316853,-0.9926639179862867,0.02292516016696574,23.0,300.7,11.630519909040842,1.1
208.48246048150645,-70.04388162696188,-156.50505149672605,0.0,4.602684094693508,-0.10948496539415757,-0.9939884518205632,0.02307490250884005,23.055555555555554,300.7,11.652353267376602,1.1
208.98241842031103,-70.09574524727223,-157.0023092858699,0.0,4.614259847456166,-0.09797172248836282,-0.9951891988926845,0.02323086142748689,23.055555555555554,300.7,11.673799438552377,1.1
209.4823763591156,-70.14183027810503,-157.50013583426457,0.0,4.625911340063281,-0.08636989514184755,-0.9962631385398067,0.023374374966778463,22.97222222222222,300.7,11.695652568819032,1.1
209.98233429792018,-70.18209496108224,-157.99846687302332,0.0,4.637628035872001,-0.07469132167513434,-0.9972067019762861,0.023484767984174936,22.88888888888889,300.7,11.717077859678259,1.1
210.48229223672476,-70.21650649020677,-158.49723625546505,0.0,4.6493873048876875,-0.06296000594251283,-0.9980160507986426,0.02354157768108399,22.88888888888889,300.7,11.738541498920712,1.1
210.98225017552932,-70.24504607043276,-158.99637605678552,0.0,4.66115917002144,-0.0512074045865159,-0.9986880402385486,0.023531100368497555,22.88888888888889,300.7,11.76003623116758,1.1
211.4822081143339,-70.26771245099359,-159.49581704622688,0.0,4.672906770376015,-0.039471953034493364,-0.999220678791048,0.023443260954560095,22.88888888888889,300.7,11.782026878936975,1.1
211.98216605313846,-70.28452439882045,-159.99548939991072,0.0,4.684591074565562,-0.02779432594128264,-0.9996136630946326,0.023279455740043375,22.88888888888889,300.8,11.804054487907047,1.1
212.48212399194304,-70.29552038393074,-160.49532361386164,0.0,4.696176530926908,-0.01621173924424197,-0.9998685811198773,0.023052049594124248,22.88888888888889,300.8,11.825605942437841,1.1
212.9820819307476,-70.3007554858032,-160.99525141525015,0.0,4.707636505735869,-0.004752456758930101,-0.9999887070136115,0.022784811857830472,22.916666666666668,300.7,11.847323733340241,1.1
213.48203986955218,-70.30029549640682,-161.49520647735568,0.0,4.718958356707374,0.006569329070679436,-0.9999784217249695,0.02250611358215944,22.916666666666668,300.7,11.869236479994035,1.1
213.98199780835674,-70.29420984665836,-161.9951247785562,0.0,4.730143062931023,0.017753149857860435,-0.9998424004162477,0.022243079559740895,22.916666666666668,300.7385439514779,11.890770879029558,1.1
214.48195574716132,-70.28256488381007,-162.49494454192265,0.0,4.741203798044045,0.028810830364547776,-0.9995848818653198,0.022011136863857816,22.916666666666668,300.8,11.912299110173965,1.1
214.9819136859659,-70.26542005174176,-162.99460593035934,0.0,4.752155987451321,0.03975652653944229,-0.9992093967720272,0.02180622073561815,22.916666666666668,300.8,11.934253540052405,1.1
215.48187162477046,-70.24282881454285,-163.49405074665358,0.0,4.7630093944108,0.05059879828222782,-0.9987190604030717,0.02160988561975817,22.916666666666668,300.8,11.955803806213018,1.1
215.98182956357505,-70.21484319953795,-163.9932223943844,0.0,4.773761366312414,0.06133386595408211,-0.9981173061755451,0.02139207678359385,22.97222222222222,300.8,11.977294192213298,1.1
216.4817875023796,-70.18152109761861,-164.4920662724982,0.0,4.784393518182828,0.07194233416282841,-0.9974087931010053,0.021125876690693372,23.09398213987454,300.8,11.998766714070968,1.1
216.9817454411842,-70.14293280606171,-164.99053049768546,0.0,4.794877659639847,0.08239516365974407,-0.9965997376105835,0.020798565210804077,23.166666666666668,300.8,12.020715213820518,1.1
217.48170337998874,-70.09916410521684,-165.48856666034845,0.0,4.805182812483946,0.09266071951983089,-0.9956977408119732,0.020412432996643488,23.083333333333332,300.8,12.042124588846084,1.1
217.98166131879333,-70.0503156071783,-165.98613035879902,0.0,4.815282884254759,0.10271244099624173,-0.9947110909528423,0.019983437822013665,22.978823628566644,300.8,12.063524698743201,1.1
218.48161925759788,-69.99649888306597,-166.48318132791198,0.0,4.825160542600483,0.11253268684168292,-0.9936480233926859,0.01952361794701748,22.97222222222222,300.8,12.085378485568315,1.1
218.98157719640247,-69.93783338739182,-166.97968344366063,0.0,4.834801432355711,0.12210695975827662,-0.9925169471493123,0.019037455258814263,22.97222222222222,300.8,12.106982128795984,1.1
219.48153513520705,-69.87444539812351,-167.47560486347615,0.0,4.844191187859816,0.13142093138658428,-0.9913266559482211,0.018511802323532188,23.0,300.8,12.128543235842985,1.1
219.9814930740116,-69.80647093556686,-167.9709185768099,0.0,4.853304856933432,0.1404499716001049,-0.9900877766529237,0.017932343747849327,23.055555555555554,300.8,12.150345891403811,1.1
220.4814510128162,-69.73405918131142,-168.46560318273038,0.0,4.8621144572244255,0.14916668628486526,-0.9888120649055576,0.01729295242289838,23.081713420826375,300.8,12.172116633700501,1.1
220.98140895162075,-69.65737369548366,-168.959643448679,0.0,4.870590561139187,0.15754250138288928,-0.9875122076501244,0.016605153884541236,23.02777777777778,300.8,12.193361619400651,1.1
221.48136689042533,-69.57658957362962,-169.45303021470946,0.0,4.878715760326093,0.16556094612384387,-0.9861995604940096,0.015894978368370026,22.97222222222222,300.8,12.215085257723908,1.1
221.9813248292299,-69.49188698169556,-169.94575951948264,0.0,4.886485655092205,0.17321853828997935,-0.984883413401141,0.015192252033616807,22.944444444444443,300.8,12.236770306723031,1.1
222.48128276803448,-69.40344399873088,-170.43783130927545,0.0,4.893910116367358,0.18052592576694065,-0.9835702263315971,0.014513809044014695,22.916666666666668,300.8,12.258452437218015,1.1
222.98124070683903,-69.31143255127243,-170.92924844467296,0.0,4.901000131911833,0.1874948581877363,-0.982265584326948,0.013849382817412183,23.00185622999514,300.8,12.28013364855965,1.1
223.48119864564362,-69.21602088125293,-171.42001683572414,0.0,4.907756004484748,0.19412659004154414,-0.9809764864862166,0.013167378192773093,23.163001726111542,300.9,12.301736124280032,1.1
223.98115658444817,-69.1173812016952,-171.91014672302146,0.0,4.914158072965283,0.20040284751553253,-0.979713579934292,0.012421884674630368,23.22222222222222,300.9,12.323322599510684,1.1
224.48111452325276,-69.01570059325913,-172.3996548887706,0.0,4.920164105449324,0.2062833892279613,-0.9784922908887047,0.011577377297485954,23.134054814958045,300.9,12.34434805332302,1.1
224.98107246205734,-68.91118955222323,-172.88856667762806,0.0,4.925719858002354,0.21171643870172624,-0.9773311360963889,0.010618778966361854,23.02777777777778,300.9,12.36584392004427,1.1
225.4810304008619,-68.80408539298698,-173.37691706758943,0.0,4.930769705769456,0.2166490917002178,-0.9762495434393148,0.00956204430587677,23.10754362253837,300.9,12.387743140822762,1.1
225.98098833966648,-68.6946483965075,-173.86475008793676,0.0,4.935274116675226,0.2210443080492921,-0.975263766310945,0.008448067057444214,23.166666666666668,300.9,12.40923422539788,1.1
226.48094627847104,-68.58315192391365,-174.35211663158944,0.0,4.939216578280454,0.22488752019862898,-0.9743847306166652,0.007326997087508709,23.277777777777775,300.9,12.430612848380044,1.1
226.98090421727562,-68.4698704888739,-174.83907147415357,0.0,4.942604781317609,0.22818763634149028,-0.9736171745716505,0.006237624286818278,23.36604018905962,300.9,12.452354893612293,1.1
227.48086215608018,-68.35507048030938,-175.32567061986077,0.0,4.945459755819751,0.23096635480931857,-0.9729617376578054,0.005195333129642013,23.363134498702898,300.9,12.47385431609339,1.1
227.98082009488476,-68.23900663168872,-175.81196991921092,0.0,4.947803500620637,0.23324609237074462,-0.9724177396539916,0.004185306308316513,23.166666666666668,300.9,12.494765366830714,1.1
228.48077803368932,-68.12192566937763,-176.29802538684166,0.0,4.949642782228381,0.2350342468952831,-0.9719870898249457,0.0031648367735914633,22.974160060279694,300.9,12.516139524340138,1.1
228.9807359724939,-68.00407656337673,-176.78389521697116,0.0,4.950959408283309,0.23631378633666622,-0.9716767952293749,0.002082103704108438,23.21496064718035,300.9,12.537477166596986,1.1
229.4806939112985,-67.88572296985254,-177.26964242957683,0.0,4.951710942346344,0.23704396774238387,-0.9714989229829067,0.0008964444280567231,23.47222222222222,300.9,12.558815709662301,1.1
229.98065185010304,-67.76715299288557,-177.75533687986533,0.0,4.951840759212775,0.23717008269057005,-0.9714681424918411,-0.00040452574886715625,23.47222222222222,300.9,12.58013649304113,1.1
230.48060978890763,-67.64868224722679,-178.24105553737957,0.0,4.951294718644477,0.23663958634296992,-0.9715975021455274,-0.0017985930143485857,23.36111111111111,300.9,12.601457799942175,1.1
230.98056772771218,-67.53064868155955,-178.7268805900086,0.0,4.950037614385344,0.2354180003244985,-0.97189421498598,-0.0032344450536220433,23.277777777777775,300.9,12.622779313412712,1.1
231.48052566651677,-67.41340042856851,-179.21289571635654,0.0,4.948065071796283,0.2335004408399367,-0.9723566959339331,-0.004643198971230157,23.305555555555557,300.9,12.644119080134065,1.1
231.98048360532133,-67.29727951373292,-179.69918135602603,0.0,4.9454078793056215,0.23091588063522472,-0.9729737180779646,-0.005959076528443769,23.333333333333332,300.9,12.665457994051676,1.1
232.4804415441259,-67.18260606753469,-180.18581028564063,0.0,4.942126471003336,0.22772191912002648,-0.9737262076951056,-0.007129129907254945,23.36111111111111,300.9,12.68637187657057,1.1
232.98039948293047,-67.06966568886352,-180.67284427222836,0.0,4.938302873940027,0.223997126890599,-0.9745898045561306,-0.008124035023313794,23.38888888888889,300.9,12.707720201836862,1.1
233.48035742173505,-66.95870219336558,-181.16033237908937,0.0,4.934027600529763,0.21982845460374548,-0.975538543854895,-0.008935577200996187,23.333333333333332,300.9,12.728696738320329,1.1
233.98031536053963,-66.84991554195885,-181.6483108106226,0.0,4.929390935848336,0.21530286269505078,-0.976547324667533,-0.009573997809041742,23.25,301.0,12.750137891434568,1.1
234.4802732993442,-66.74346408334151,-182.13680392088042,0.0,4.924474334177194,0.21049898558041663,-0.9775940758155276,-0.010061079128693353,23.171691332325196,301.0,12.771638224072586,1.1
234.98023123814878,-66.6394696833319,-182.62582596163242,0.0,4.9193468635595545,0.20548365554132947,-0.9786605475369753,-0.01042443208508636,23.11111111111111,301.0,12.793133498015854,1.1
235.48018917695333,-66.53802432612429,-183.11538311026118,0.0,4.9140624033461275,0.20030911777349042,-0.9797327479148616,-0.010697168233074419,23.02777777777778,301.0,12.814623936300748,1.1
235.98014711575792,-66.43919805140837,-183.60547566036388,0.0,4.908657311468216,0.19501067202994643,-0.9808011204084285,-0.010915402880267535,22.97222222222222,301.0,12.836226991932124,1.1
236.48010505456247,-66.34304769433759,-184.09610019076047,0.0,4.903149562464803,0.18960573510228865,-0.9818603084025348,-0.011116400175507274,22.916666666666668,301.0,12.85782724364753,1.1
236.98006299336706,-66.24962604015315,-184.58725158713108,0.0,4.897537605709491,0.18409262071537005,-0.9829089006607616,-0.01134254042805067,22.69456990620509,301.0,12.879990966753235,1.1
237.4800209321716,-66.15899202454872,-185.07892500091427,0.0,4.8917987818817465,0.178448879203854,-0.9839491844149719,-0.011631510498174496,22.414505559565328,301.0,12.902155599711296,1.1
237.9799788709762,-66.07122023728309,-185.57111738437618,0.0,4.8858921239939495,0.17263394887965106,-0.9849860505074263,-0.012024074659778134,22.194444444444446,301.0,12.924323245121178,1.1
238.47993680978078,-65.98641065326534,-186.06382876370114,0.0,4.8797573640294925,0.1665880852409028,-0.9860265766477949,-0.01254813720874277,22.11111111111111,301.0,12.947010296239757,1.1
238.97989474858534,-65.90469580918337,-186.5570627551985,0.0,4.873324274651051,0.16024148481354564,-0.9870778421911568,-0.013221229017562395,22.027777777777775,301.0,12.96922354041412,1.1
239.47985268738992,-65.82624503558935,-187.05082631487736,0.0,4.866516760101884,0.15351827697989043,-0.9881458083871659,-0.014044009210044728,21.833899338327196,301.0,12.991959247640443,1.1
239.97981062619448,-65.75126503438764,-187.5451286903113,0.0,4.859261700255043,0.14634524262598306,-0.9892335770487889,-0.01501029905235844,21.656891077175416,301.0,13.01470384244337,1.1
240.47976856499906,-65.67999826796562,-188.03997989930275,0.0,4.851490846069671,0.13865371151743083,-0.9903409252789874,-0.01610151217498571,21.417055977796412,301.0,13.037971969598658,1.1
240.97972650380362,-65.61271884582789,-188.53538877679168,0.0,4.843146666092225,0.13038539761213716,-0.9914633871654187,-0.017301100855507148,21.171410761869584,301.0,13.061658425145389,1.1
241.4796844426082,-65.54972828395756,-189.03136101652186,0.0,4.834179160472509,0.1214893207670552,-0.9925927387098696,-0.018589897311905256,21.02777777777778,301.0,13.085088768166095,1.1
241.97964238141276,-65.49135101976604,-189.52789712140643,0.0,4.8245485251747064,0.11192453589882133,-0.9937167092606591,-0.019950658835922813,20.90386882632199,301.0,13.108921444504817,1.1
242.47960032021734,-65.43792987839191,-190.02499056776765,0.0,4.814224067774427,0.10165916712170421,-0.9948192869763439,-0.02135906482707988,20.694444444444443,301.0,13.133038304664801,1.1
242.97955825902193,-65.38982014336351,-190.52262582161129,0.0,4.8031892955043345,0.09067559635980683,-0.9958804829018356,-0.022785883619526773,20.456066989345977,301.0,13.157163176767089,1.1
243.47951619782648,-65.34738202295259,-191.02077646262967,0.0,4.7914439355116185,0.07897263608108819,-0.9968767841365371,-0.024192559896009096,20.305555555555554,301.0,13.181577031015813,1.1
243.97947413663107,-65.31097124137061,-191.5194035435721,0.0,4.779006973582185,0.0665687294985396,-0.9977818420140498,-0.02554683114141286,20.22222222222222,301.0,13.206022363414334,1.1
244.47943207543562,-65.28093063490965,-192.01845457134112,0.0,4.765910977591735,0.053496447643924326,-0.9985680397897185,-0.026824121279017312,20.083333333333332,301.0,13.230978957456665,1.1
244.9793900142402,-65.25758401280919,-192.51786318279437,0.0,4.752197057574309,0.039797564158717005,-0.9992077631238825,-0.028019392790951992,19.888888888888886,301.0,13.255985469979763,1.1
245.47934795304477,-65.24123468687688,-193.0175494711937,0.0,4.7379014352801025,0.025509687371605232,-0.9996745749743778,-0.02915835969262203,19.730802779671915,301.0,13.281382199863621,1.1
245.97930589184935,-65.23217102152489,-193.51742065851718,0.0,4.723043845068113,0.010654663083621597,-0.9999432374662947,-0.030273713908895487,19.630541975921403,301.0,13.306600977733659,1.1
246.4792638306539,-65.23067472874853,-194.01737142285393,0.0,4.707624228258773,-0.004764734097018538,-0.9999886485900651,-0.031419000814494474,19.444444444444443,301.0,13.332265640386284,1.1
246.9792217694585,-65.23703291772422,-194.51728360927922,0.0,4.691616424296015,-0.02077106223107586,-0.9997842582146375,-0.032631890266307195,19.22222222222222,301.0,13.358280263140598,1.1
247.47917970826308,-65.25154764387717,-195.01702505055104,0.0,4.674978906727392,-0.037401348283338486,-0.9993003248006018,-0.03394437944191042,19.02777777777778,301.0,13.384490376502765,1.1
247.97913764706763,-65.27454277249785,-195.516447629815,0.0,4.657658243071131,-0.05470341750822493,-0.9985026470234923,-0.03536396944675268,18.85380021452162,301.1,13.410526384554444,1.1
248.47909558587222,-65.30636538174227,-196.0153849547658,0.0,4.639604599782783,-0.07272013427766802,-0.9973523861056522,-0.03687157125490166,18.86111111111111,301.1,13.436915398683924,1.1
248.97905352467677,-65.34738029922735,-196.51365029150168,0.0,4.620783018858978,-0.09147789437770777,-0.9958071072452842,-0.03842756166062427,18.916666666666664,301.1,13.462926680081823,1.1
249.47901146348136,-65.39795921005255,-197.01103517210595,0.0,4.601184305609895,-0.11097561472862613,-0.9938231296038564,-0.03996749240421316,18.86111111111111,301.1,13.489775067985297,1.1
249.9789694022859,-65.45846396727403,-197.50730977491656,0.0,4.580835840585815,-0.13117401988620483,-0.9913593579055445,-0.041412729114551766,18.805555555555557,301.1,13.516325501795114,1.1
250.4789273410905,-65.52922641821067,-198.00222531050062,0.0,4.559805191350491,-0.15199240667785374,-0.9883816612585818,-0.04268333411290239,18.75,301.1,13.542592418814042,1.1
250.97888527989505,-65.61052852926251,-198.49551849357454,0.0,4.538195077801058,-0.1733142955935962,-0.9848665670754062,-0.043723552916530066,18.709768277400396,301.1,13.568896684027171,1.1
251.47884321869964,-65.70258808802573,-198.98691734550414,0.0,4.516130367451205,-0.19500114044828878,-0.9808030155050843,-0.044497857817749634,18.555555555555554,301.1,13.596131715990555,1.1
251.97880115750422,-65.80555057513045,-199.4761475888877,0.0,4.493745540350827,-0.21690555927705285,-0.9761925928599894,-0.04500695025524145,18.444444444444446,301.1,13.623077995594535,1.1
252.47875909630878,-65.91948912095205,-199.96293843986732,0.0,4.471170207217208,-0.23888629025168603,-0.9710475479242956,-0.045263194534620216,18.47222222222222,301.1,13.650415823853136,1.1
252.97871703511336,-66.04440841304394,-200.44702771533716,0.0,4.448526383034295,-0.2608114002045875,-0.9653897728499731,-0.04528498109918113,18.499999999999996,301.1,13.677626651488767,1.1
253.47867497391792,-66.18024926082164,-200.92816653453264,0.0,4.42593280831052,-0.2825545852123899,-0.9592512217221588,-0.045060422158610794,18.55516893334794,301.1,13.703972163201053,1.1
253.9786329127225,-66.32688790706726,-201.40612529111888,0.0,4.4035175168000675,-0.30398369929790087,-0.9526772331493828,-0.044570342621096735,18.51261942327638,301.1,13.7310914015241,1.1
254.47859085152706,-66.48413279103102,-201.8807006775568,0.0,4.381421035331446,-0.3249585934576536,-0.9457282445491535,-0.043781871587511595,18.444444444444446,301.1,13.75806489972252,1.1
254.97854879033164,-66.65172047491707,-202.35172354752478,0.0,4.359792616472791,-0.3453356023721955,-0.9384792601513541,-0.04270184272702038,18.416666666666664,301.1,13.78492043033295,1.1
255.4785067291362,-66.82931938894123,-202.81906427068088,0.0,4.338768697052976,-0.3649883439960003,-0.9310120884000687,-0.04137138424521752,18.444444444444446,301.1,13.812214692698802,1.1
255.97846466794078,-67.01654276248217,-203.28263386022888,0.0,4.3184522201849225,-0.3838266048016953,-0.9234051859538169,-0.03988584791137912,18.444444444444446,301.1,13.839895547164286,1.1
256.47842260674537,-67.21297198091874,-203.7423789295011,0.0,4.298891759330884,-0.4018142580926805,-0.9157211922814874,-0.038361470888047706,18.444444444444446,301.1,13.866879147828403,1.1
256.97838054554995,-67.4181844576051,-204.198271899319,0.0,4.280077249303629,-0.41897097103352077,-0.9079996285413495,-0.03691452785739901,18.444444444444446,301.1,13.893662657522436,1.1
257.4783384843545,-67.63177956700545,-204.65029870866528,0.0,4.26194944025775,-0.43536127471546093,-0.900255830571582,-0.03562123086944435,18.444444444444446,301.1,13.920866626016675,1.1
257.97829642315907,-67.85339549874793,-205.09844817173493,0.0,4.2444224261741255,-0.45107239452701114,-0.8924873639977591,-0.034512769173714146,18.47222222222222,301.1,13.947676371971891,1.1
258.47825436196365,-68.08271518486565,-205.5427053162196,0.0,4.227407048474437,-0.4661923749861976,-0.8846833724586037,-0.03357125285431278,18.499999999999996,301.1,13.974642014453245,1.1
258.97821230076823,-68.31946203904997,-205.98304967242044,0.0,4.2108291382344545,-0.480793845072615,-0.8768336664044614,-0.0327581279648841,18.499999999999996,301.1,14.001733439982427,1.1
259.47817023957276,-68.56339044763594,-206.4194570684254,0.0,4.194638283631517,-0.49492689404271584,-0.8689346175364578,-0.032017137903755835,18.53592873816429,301.1,14.02858686914783,1.1
259.97812817837735,-68.81427394130013,-206.85190383086976,0.0,4.178807915518906,-0.5086198612043603,-0.8609911943733555,-0.03131271666182125,18.638888888888886,301.1,14.05523257928318,1.1
260.47808611718193,-69.07189652279696,-207.28037034559588,0.0,4.16332783971598,-0.5218865980824556,-0.853014876037881,-0.030612992245860542,18.638888888888886,301.1,14.0822527866035,1.1
260.9780440559865,-69.33604614923796,-207.70484430087654,0.0,4.148200604490816,-0.5347301512703714,-0.8450228785792523,-0.029899756274881416,18.568512165384817,301.2,14.109067124092293,1.1
261.4780019947911,-69.6065105047929,-208.12532309821063,0.0,4.133437897132435,-0.5471462557952419,-0.8370370211461663,-0.029153481054676307,18.61111111111111,301.2,14.135567976148394,1.1
261.9779599335956,-69.88307289295227,-208.54181664277937,0.0,4.119063873788409,-0.5591209085008219,-0.8290861292273654,-0.028343441426855354,18.722222222222225,301.2,14.162386725145295,1.1
262.4779178724002,-70.16550677688048,-208.954351470593,0.0,4.10511705005206,-0.5706292742358771,-0.8212077881906845,-0.027443954420146396,18.833333333333332,301.2,14.188458115011446,1.1
262.9778758112048,-70.45357059011336,-209.36297524106018,0.0,4.091651297784031,-0.5816353863668068,-0.8134496157267119,-0.02641845557435021,18.97222222222222,301.2,14.215075377047572,1.1
263.4778337500094,-70.74700245332303,-209.76776184377218,0.0,4.078731533874706,-0.5920961282784087,-0.8058673432257434,-0.02526088189936775,18.834251788287347,301.2,14.241933871243312,1.1
263.9777916888139,-71.04551885254743,-210.16881389014316,0.0,4.066425762594896,-0.6019678666138791,-0.7985203113035604,-0.02396328209983732,18.722222222222225,301.2,14.268203267587356,1.1
264.4777496276185,-71.34881505260665,-210.56626394575719,0.0,4.054798831744628,-0.6112113096611599,-0.791467456653961,-0.022546888361569217,18.75,301.2,14.294795788830914,1.1
264.9777075664231,-71.65656892738927,-210.9602728722047,0.0,4.043907031281977,-0.6197953907860666,-0.7847634507036799,-0.021023497156858594,18.767973410237207,301.2,14.321294085537078,1.1
265.47766550522766,-71.96844411054833,-211.35102816176382,0.0,4.033801663161802,-0.6276939333636896,-0.7784602276407061,-0.019401534839997844,18.86111111111111,301.2,14.348005843435166,1.1
265.97762344403225,-72.28409147514539,-211.738743132051,0.0,4.024534873759712,-0.6348807061968302,-0.7726101791324096,-0.01766919531879348,18.944444444444446,301.2,14.374443562476747,1.1
266.4775813828368,-72.60314738265235,-212.1236584633191,0.0,4.016167419532027,-0.6413231858376482,-0.767270859154086,-0.015803527999791782,19.0,301.2,14.400878675894052,1.1
266.97753932164136,-72.92522958436774,-212.50604552168272,0.0,4.008773276128069,-0.6469789133377956,-0.762507892218989,-0.01377456996146131,19.0,301.2,14.427312417634385,1.1
267.47749726044594,-73.2499323218502,-212.88621027940079,0.0,4.002436818778883,-0.6517974914613209,-0.7583930578036229,-0.011571607309489158,18.944444444444446,301.2,14.453515608903876,1.1
267.9774551992505,-73.57682448772258,-213.26449442631375,0.0,3.9972402165758565,-0.6557297399886863,-0.7549957007125072,-0.00921465411660364,18.93848701692683,301.2,14.479571065218732,1.1
268.47741313805506,-73.90545283375724,-213.64127157856964,0.0,3.9932491301955615,-0.6587377625700831,-0.7523726205572349,-0.00675013403023704,18.97222222222222,301.2,14.505771670133406,1.1
268.97737107685964,-74.23534989169684,-214.01693860365864,0.0,3.9904994105300218,-0.6608040834108206,-0.7505584343324544,-0.004250745485406196,19.029461269098267,301.2,14.532121211375076,1.1
269.4773290156642,-74.56604587626215,-214.39190267377606,0.0,3.9889885615580147,-0.6619373092214407,-0.7495592029057337,-0.0017969552266851358,19.13888888888889,301.1,14.558039792070828,1.1
269.9772869544688,-74.89708197743246,-214.76656657074167,0.0,3.988674800972755,-0.6621724587693303,-0.749351476176153,0.0005354032208235757,19.13888888888889,301.1,14.58434213935855,1.1
270.4772448932734,-75.22802246560926,-215.14131491220658,0.0,3.9894846864098086,-0.6615653528236644,-0.7498875141934959,0.0026959144321789985,19.083333333333332,301.1,14.610339649507582,1.1
270.9772028320779,-75.55846281230562,-215.51650425220726,0.0,3.9913259169923054,-0.6601835163832559,-0.7511043367574437,0.004659922583472884,19.13888888888889,301.1,14.63620303570497,1.1
271.4771607708825,-75.88803334378237,-215.89245775433832,0.0,3.99409990241103,-0.658097426524469,-0.7529327839866392,0.006427123557560862,19.22222222222222,301.1,14.66208349908303,1.1
271.9771187096871,-76.21639872453618,-216.2694641695098,0.0,3.9977128764759273,-0.6553728105620904,-0.7553055535185389,0.008017263253104805,19.22222222222222,301.1,14.687930046340718,1.1
272.4770766484917,-76.54325392939731,-216.64778045741116,0.0,4.002085059467056,-0.6520642229509719,-0.7581637350515686,0.009465697823571859,19.22222222222222,301.1,14.714187664853169,1.1
272.9770345872962,-76.86831780020573,-217.02763686089847,0.0,4.007154147516002,-0.6482126630910985,-0.7614593511201672,0.01080729428353052,19.27777777777778,301.1,14.739703989237213,1.1
273.4769925261008,-77.19132617986236,-217.40924248336057,0.0,4.012876274882339,-0.6438449073763551,-0.7651560201981898,0.012079499002408376,19.333333333333332,301.1,14.765217050900798,1.1
273.97695046490537,-77.51202517042549,-217.79279072784942,0.0,4.019222360128803,-0.6389762299632502,-0.7692264800056947,0.013304680866100588,19.305555555555554,301.1,14.790987648093207,1.1
274.47690840370996,-77.8301664434075,-218.17846295376802,0.0,4.026173505438063,-0.6336138308855819,-0.7736494770311018,0.014499545470247467,19.27777777777778,301.1,14.8167556347525,1.1
274.97686634251454,-78.14550432323077,-218.56643045516103,0.0,4.033713408570399,-0.6277626336084001,-0.7784048277374991,0.01565905165652431,19.305555555555554,301.1,14.842731081084112,1.1
275.47682428131907,-78.4577961795124,-218.95685377948155,0.0,4.0418220221598915,-0.6214302813476273,-0.7834694668104232,0.016770458431321508,19.333333333333332,301.1,14.8684962662026,1.1
275.97678222012365,-78.76680558226717,-219.34987995786528,0.0,4.050464307636686,-0.6146361919497881,-0.7888107197201768,0.017791091408166832,19.333333333333332,301.1,14.894168139631434,1.1
276.47674015892824,-79.07230952354534,-219.7456368896973,0.0,4.059588219972636,-0.6074136691908465,-0.794385696296272,0.018690982512231943,19.333333333333332,301.1,14.919773565739687,1.1
276.9766980977328,-79.37410589029254,-220.14422815924945,0.0,4.069118996342257,-0.5998150841753698,-0.8001386534818162,0.019414198886293095,19.38888888888889,301.1,14.945561158950794,1.1
277.47665603653735,-79.67202404100136,-220.54572622565246,0.0,4.0789590631356205,-0.591912754552712,-0.8060020415593381,0.0199237063622303,19.444444444444443,301.1,14.9710638249819,1.1
277.97661397534193,-79.96593370978444,-220.95016775160016,0.0,4.08899287052466,-0.5837958251763222,-0.8119005077635418,0.02018581014233397,19.5,301.1,14.996613946109589,1.1
278.4765719141465,-80.255752880795,-221.35755044787894,0.0,4.0990912098175185,-0.5755673512625751,-0.817754378869709,0.02018156532608592,19.527777777777775,301.1,15.021817540671366,1.1
278.9765298529511,-80.54145278245316,-221.76783255507024,0.0,4.109122564262575,-0.5673353459432845,-0.8234868579664242,0.019919745186993076,19.606762795716474,301.1,15.047686921291586,1.1
279.4764877917557,-80.82305787640162,-222.18093604301706,0.0,4.118964403545956,-0.5592033751329117,-0.8290305092335022,0.019430148180482103,19.63888888888889,301.1,15.073158559458033,1.1
279.9764457305602,-81.10064064499855,-222.59675312392983,0.0,4.128518558445306,-0.5512572873609849,-0.8343353061757656,0.018777289059700834,19.61111111111111,301.1,15.098380663048966,1.1
280.4764036693648,-81.3743098865466,-223.0151564254109,0.0,4.137721640180606,-0.5435555950576643,-0.8393731679542231,0.01803724326197804,19.61111111111111,301.1,15.12355458828767,1.1
280.9763616081694,-81.64419518611146,-223.4360106067043,0.0,4.1465533325355795,-0.5361214076339856,-0.8441408865092094,0.017302786902270346,19.694444444444446,301.1,15.148820062704582,1.1
281.47631954697397,-81.91042815176534,-223.85918486249446,0.0,4.155037826162044,-0.528940088920083,-0.8486591673535464,0.01665766824537205,19.749999999999996,301.1,15.174275225822088,1.1
281.9762774857785,-82.17312462247116,-224.28456364228626,0.0,4.163236609941227,-0.5219644162655522,-0.8529672608913904,0.016164734918954503,19.77777777777778,301.1,15.199317477380417,1.1
282.4762354245831,-82.43237105606563,-224.71205386474105,0.0,4.171233676942344,-0.5151265621094787,-0.8571141260119736,0.015851098953072268,19.73741954106608,301.1,15.224905793043243,1.1
282.97619336338767,-82.68821791137583,-225.14158736448135,0.0,4.179118082586594,-0.5083527856290447,-0.8611489100865137,0.015708207182799777,19.555555555555557,301.1,15.250199470483844,1.1
283.47615130219225,-82.94068087362339,-225.5731184836144,0.0,4.186963903810532,-0.501580788317251,-0.8651108095446762,0.015687700726082554,19.444444444444443,301.1,15.275825200872537,1.1
283.97610924099683,-83.18975013852715,-226.0066172209847,0.0,4.194816104371909,-0.49477237162164,-0.8690226120647827,0.015723503938550893,19.416666666666668,301.1,15.301348380209651,1.1
284.47606717980136,-83.43540400563873,-226.4420604771934,0.0,4.202685402810742,-0.48791852439526306,-0.8728891759851013,0.015747896400743682,19.305555555555554,301.1,15.327390235342262,1.1
284.97602511860595,-83.67762304169678,-226.87942370778967,0.0,4.2105527234120625,-0.4810361965241313,-0.8767007343635553,0.015711141270651194,19.125040285698223,301.1,15.352997099429727,1.1
285.47598305741053,-83.91640085059043,-227.3186751530428,0.0,4.218380839802794,-0.47415861249705904,-0.8804394415261414,0.01559317769731817,18.944444444444446,301.1,15.379382904849594,1.1
285.9759409962151,-84.15174841255966,-227.75977403838633,0.0,4.226133214968941,-0.4673189357691219,-0.8840888033855057,0.015416241554146972,18.779377226582806,301.1,15.405884839686038,1.1
286.47589893501964,-84.38368957798457,-228.20267360518284,0.0,4.233793623235535,-0.4605328093241121,-0.8876426823536828,0.015236385353460741,18.5191403002987,301.1,15.432621898378494,1.1
286.9758568738242,-84.61224920082942,-228.64732768127726,0.0,4.241378189952054,-0.453787242565033,-0.8911100596925298,0.015126691253341677,18.22222222222222,301.1,15.459363550553665,1.1
287.4758148126288,-84.83743689011561,-229.09369890533867,0.0,4.248943135795003,-0.4470331228229191,-0.894517404581481,0.0151715261743023,17.867731428424232,301.1,15.487523337153455,1.1
287.9757727514334,-85.05922819943895,-229.54176739447314,0.0,4.256585999415285,-0.4401834585616226,-0.8979078587520706,0.015452870193129268,17.53200996670841,301.1,15.515695282396994,1.1
288.475730690238,-85.27754555567168,-229.99153868885924,0.0,4.264445821106408,-0.43311253906834324,-0.9013398518326885,0.016052864811795343,17.303357927106102,301.1,15.54415822924836,1.1
288.9756886290425,-85.4922391434369,-230.44305082194137,0.0,4.272700805923001,-0.42565731968800324,-0.9048844380339541,0.017051779731067716,17.037432061496144,301.1,15.573304891572278,1.1
289.4756465678471,-85.7030670159274,-230.89638062700135,0.0,4.281575011792103,-0.41761053382168534,-0.9086261288567301,0.018548257467708315,16.740573799999513,301.1,15.602678686400035,1.1
289.9756045066517,-85.90967164494556,-231.35165028489612,0.0,4.291341297692571,-0.4087168565768229,-0.9126612357002793,0.02064288393172443,16.47222222222222,301.1,15.633023968278009,1.1
290.47556244545626,-86.1115544949567,-231.80903272339947,0.0,4.302326828500471,-0.39866632800169544,-0.9170960467244663,0.023443054841503816,16.22222222222222,301.1,15.663558062689878,1.1
290.9755203842608,-86.30804943652065,-232.26875485518136,0.0,4.314904109020911,-0.3871005261646766,-0.9220375169389966,0.027020974865732853,15.993461378318262,301.1,15.694470780761085,1.1
291.4754783230654,-86.49830214526307,-232.73109397924526,0.0,4.3294710200878095,-0.3736286930046568,-0.9275783523582425,0.03139787711120983,15.723247939516959,301.1,15.72592614835478,1.1
291.97543626186996,-86.68126092536771,-233.19636599153048,0.0,4.346416119619036,-0.35785789777230426,-0.9337760572010759,0.03651386787836101,15.362467899456561,301.1,15.757902311239127,1.1
292.47539420067454,-86.85568483425351,-233.66490214219863,0.0,4.366077097935948,-0.3394309662386694,-0.9406309686366292,0.042218356965715485,15.097642919929115,301.1,15.790969709765102,1.1
292.9753521394791,-87.02017360225534,-234.13701531181485,0.0,4.388689580772586,-0.31807600123694957,-0.9480652179239106,0.04826238241539489,14.856065580808302,301.1,15.824363278181803,1.1
293.47531007828366,-87.17322080529068,-234.6129573098656,0.0,4.414348639577424,-0.29364750648887156,-0.9559137732729183,0.054327380972547974,14.555555555555555,301.1,15.858310527121228,1.1
293.97526801708824,-87.31328827562974,-235.09287593043865,0.0,4.442970377186386,-0.266171058323106,-0.9639258102733621,0.06002802097656708,14.170517524464206,301.1,15.893722738238576,1.1
294.4752259558928,-87.43889987893078,-235.57677603651592,0.0,4.474272154802076,-0.23587300719567814,-0.9717838877427777,0.06495362564154127,13.83794725848783,301.1,15.929667797388877,1.1
294.9751838946974,-87.54874765336933,-236.06449307814322,0.0,4.50776010051728,-0.20320379665206206,-0.979136464966037,0.06867625232139629,13.666666666666668,301.1,15.966513172761623,1.1
295.47514183350194,-87.64180742253758,-236.55568784937392,0.0,4.542728565121075,-0.16884764977530525,-0.9856421618241358,0.07078453702423403,13.527777777777779,301.1,16.00328458018873,1.1
295.9750997723065,-87.71745336883679,-237.0498631128313,0.0,4.578275919413816,-0.13371138911945857,-0.9910203148370597,0.07090366210629007,13.235275478968314,301.1,16.04106016551428,1.1
296.4750577111111,-87.7755649069882,-237.5464064400288,0.0,4.613323178215072,-0.09890384248602274,-0.995096995242926,0.06871330173162041,12.972222222222223,301.1,16.07955577745341,1.1
296.9750156499157,-87.81661667934502,-238.04465282583828,0.0,4.6466542472188594,-0.06568740282501992,-0.997840250295659,0.06398872608458672,12.880311678066239,301.1,16.11861755917923,1.1
297.4749735887203,-87.8417399116149,-238.54395986567332,0.0,4.676967603816252,-0.035413969986874905,-0.9993727286301987,0.05662491690335602,12.632412760633587,301.1,16.158466281234382,1.1
297.9749315275248,-87.85274732465399,-239.04378248210477,0.0,4.7029463103733455,-0.009442529687571765,-0.9999554183227867,0.04667551110868925,12.5,301.1,16.19872437561664,1.1
298.4748894663294,-87.8521132807218,-239.54373141182825,0.0,4.723344941732867,0.010955742169844986,-0.9999399840557972,0.03438054532524668,12.327415127243466,301.1,16.23842611083847,1.1
298.97484740513397,-87.84290544292638,-240.04360057550767,0.0,4.737085193578681,0.02469370288834662,-0.9996950640258568,0.02016308188607216,12.13888888888889,301.1,16.27935993315283,1.1
299.47480534393856,-87.82867223925254,-240.5433551256633,0.0,4.743341628292867,0.03094770569620783,-0.9995210050379837,0.004609522434945024,12.083333333333332,301.1,16.320726914769462,1.1
299.9747632827431,-87.81329376376932,-241.04307647021943,0.0,4.741615420414755,0.029222279410976056,-0.9995729380020384,-0.011586511417417353,12.13888888888889,301.1,16.361332489263276,1.1
300.47472122154767,-87.8008098173525,-241.54287662567017,0.0,4.731766427997854,0.01937623497757434,-0.999812263136482,-0.027698935948104363,12.055555555555555,301.1,16.403760672711385,1.1
300.97467916035225,-87.79524095747202,-242.04279695755974,0.0,4.714014448285634,0.0016254671851571084,-0.9999986789273424,-0.043038814706005804,12.0,301.1,16.444985726622633,1.1
301.47463709915684,-87.80041598978721,-242.54271501810337,0.0,4.688900969086124,-0.023485851687663498,-0.9997241693439771,-0.05702256773665428,12.0,301.1,16.4863860852777,1.1
301.9745950379614,-87.81982000884736,-243.0422752981535,0.0,4.657222454942712,-0.0551385478998215,-0.99847871311085,-0.0692280627561982,12.098362766203884,301.1,16.52908211916668,1.1
302.47455297676595,-87.85647640156111,-243.54085855006403,0.0,4.619936637576873,-0.09232069400762968,-0.9957293253981976,-0.07943598209383092,12.266127297476151,301.1,16.570838834581718,1.1
302.97451091557053,-87.91287493639093,-244.03758827535412,0.0,4.57805925708653,-0.1339261027472007,-0.9909913213560179,-0.08762254438066466,12.13888888888889,301.1,16.612202137993602,1.1
303.4744688543751,-87.99094852870692,-244.53136900791057,0.0,4.532572487353009,-0.17884902823908114,-0.9838765293968225,-0.09393873072420453,12.083333333333332,301.1,16.654310523542193,1.1
303.9744267931797,-88.0920954438095,-245.02093893558646,0.0,4.484351016326448,-0.22606671748930235,-0.9741118207082861,-0.09863691814557116,12.194444444444443,301.2,16.695967285656245,1.1
304.47438473198423,-88.21723162903325,-245.50492883028264,0.0,4.4341390488183805,-0.2746733134344671,-0.9615376076300557,-0.10196566208280804,12.222222222222221,301.2,16.737538250056495,1.1
304.9743426707888,-88.36684662378437,-245.98191722406833,0.0,4.3825830588312025,-0.32385941586487965,-0.9461052154785211,-0.10404435477241873,12.083333333333332,301.1,16.779660417221788,1.1
305.4743006095934,-88.5410345416235,-246.4504890959834,0.0,4.33032326492118,-0.37283803355478623,-0.9278964385829919,-0.10477491409319013,11.888888888888888,301.2,16.82240725711261,1.1
305.974258548398,-88.73948169359471,-246.90931349211607,0.0,4.278120375190198,-0.42074700867328485,-0.9071780170906274,-0.10377554940328451,11.722222222222223,301.2,16.866652411395577,1.1
306.47421648720257,-88.96140478176207,-247.35725714956638,0.0,4.226990285334588,-0.46656103790877335,-0.8844890038352586,-0.10043767290547917,11.666666666666666,301.2,16.91055851777097,1.1
306.9741744260071,-89.20546073224307,-247.79354275439817,0.0,4.178285690441305,-0.5090694230220623,-0.8607254629346018,-0.09405411700721467,11.666666666666666,301.1,16.95352499783507,1.1
307.4741323648117,-89.46966524469487,-248.21793935662086,0.0,4.13368818591197,-0.5469367376851367,-0.837173939495455,-0.0840472372578262,11.472222222222221,301.1,16.997235748888993,1.1
307.97409030361626,-89.75136297115152,-248.63094435482049,0.0,4.0950818437057395,-0.5788413930516797,-0.8154401521203078,-0.07018765913478425,11.333333333333332,301.1,17.041836676138807,1.1
308.47404824242085,-90.04727510074751,-249.03390116480722,0.0,4.064338766998395,-0.6036330628272453,-0.7972622689314972,-0.05272258062430164,11.222222222222221,301.1,17.086518395695148,1.1
308.9740061812254,-90.35361571090766,-249.42900120323065,0.0,4.043080634147049,-0.620443705340397,-0.7842509856566829,-0.03230785758143891,11.11111111111111,301.2,17.131479359004697,1.1
309.47396412002996,-90.66624439941683,-249.8191537102596,0.0,4.032481104690315,-0.628721388003534,-0.7776306425719793,-0.010089600732051226,11.166666666666668,301.1,17.176353028620763,1.1
309.97392205883455,-90.98081885454023,-250.20774210358837,0.0,4.033148857717322,-0.6282019826550778,-0.7780502997803095,0.012723077448031252,11.305555555555555,301.2,17.221415089359446,1.1
310.47387999763913,-91.29292625266939,-250.59831090492975,0.0,4.0450952994433065,-0.6188624440131923,-0.7854993796242097,0.03494167587834279,11.25,301.2,17.266339337794847,1.1
310.9738379364437,-91.59819697864042,-250.99423641330938,0.0,4.06776306998736,-0.6008994615399385,-0.7993246131084742,0.05548989227647611,10.97076862337627,301.1,17.31210465911691,1.1
311.47379587524824,-91.89241653346556,-251.39842833502772,0.0,4.100100504791047,-0.574741702860132,-0.8183348794921524,0.07348555577011462,11.11111111111111,301.1,17.357627491774757,1.1
311.9737538140528,-92.17164825892326,-251.813100779059,0.0,4.14066990270172,-0.5410785438310988,-0.8409720622027926,0.08829364978129263,11.13888888888889,301.1,17.402427228045045,1.1
312.4737117528574,-92.43236882838727,-252.23964072738403,0.0,4.187781778963344,-0.5008730680019357,-0.8655207506179897,0.09956174807913719,11.166666666666668,301.1,17.447324185217756,1.1
312.973669691662,-92.6716016403342,-252.6785819543193,0.0,4.239630969513115,-0.45534351482652774,-0.8903158335699887,0.1071855528943283,11.11111111111111,301.2,17.493001732151125,1.1
313.4736276304665,-92.88703421409481,-253.12967400984607,0.0,4.294405304788114,-0.40591854190637977,-0.9139092609972823,0.11124250229339161,11.055555555555555,301.2,17.53958289275766,1.1
313.9735855692711,-93.07710689890516,-253.59202116769887,0.0,4.350364697203117,-0.35416803042031725,-0.9351818038371968,0.11192666339449119,11.083333333333332,301.1,17.586461986250455,1.1
314.4735435080757,-93.2410660977788,-254.0642615703866,0.0,4.405877070714132,-0.3017349618760178,-0.9533918463998305,0.10947563448120708,11.083333333333332,301.1,17.63315254754821,1.1
314.9735014468803,-93.37898222785297,-254.54475835876707,0.0,4.459441516483519,-0.25025871484033724,-0.9681789997962478,0.104176116097127,11.027777777777779,301.1,17.678591358104644,1.1
315.47345938568486,-93.49172694058426,-255.0317836321943,0.0,4.509712990387842,-0.2012912646961008,-0.9795314322455632,0.09636156191395231,11.13888888888889,301.1,17.724300140450893,1.1
315.9734173244894,-93.58091028961202,-255.52367833857977,0.0,4.555524361571777,-0.15622209473672496,-0.9877219533431814,0.08641280087370964,11.11111111111111,301.1,17.770449541273184,1.1
316.473375263294,-93.64878284152053,-256.0189737566844,0.0,4.595909276567624,-0.11621649229120357,-0.9932239057330067,0.07473890940583361,11.11111111111111,301.1,17.81575380715497,1.1
316.97333320209856,-93.69811599761003,-256.5164669605765,0.0,4.630104045164925,-0.08219211069875779,-0.9966165044483676,0.061737017398374616,11.194444444444443,301.1,17.86030072694107,1.1
317.47329114090314,-93.73207906204966,-257.01525449139973,0.0,4.657535537314311,-0.054825939119080985,-0.9984959270821844,0.04776199186694686,11.194444444444443,301.1,17.906049157584373,1.1
317.97324907970767,-93.75412626886065,-257.5147175094618,0.0,4.677794641171209,-0.03458743939158077,-0.9994016755220764,0.03312031428165446,11.39687466050797,301.1,17.950574975556574,1.1
318.47320701851226,-93.76790117469906,-258.0144822815076,0.0,4.690619106714282,-0.02176815415455179,-0.9997630456586719,0.01809876939747486,11.5,301.1,17.9939140900909,1.1
318.97316495731684,-93.77715210816147,-258.514354187313,0.0,4.695891103809213,-0.01649712818717545,-0.9998639131209687,0.0029920684200331203,11.68085308143747,301.1,18.0370214218635,1.1
319.4731228961214,-93.78565138337859,-259.0142398296321,0.0,4.693649065952603,-0.018738817590434394,-0.9998244129422488,-0.01186126881084752,11.944444444444445,301.1,18.080073729582182,1.1
319.973080834926,-93.79710748011097,-259.514064730738,0.0,4.684116177377346,-0.028269036507154767,-0.9996003509277881,-0.026066507582229906,12.027777777777777,301.1,18.121525345827916,1.1
320.47303877373054,-93.81506416127387,-260.01369457478586,0.0,4.667725151305748,-0.04464898089666386,-0.9990027369856848,-0.039186333164362944,11.972222222222223,301.1,18.162562576594492,1.1
320.9729967125351,-93.84278785746196,-260.5128724798208,0.0,4.64513042550864,-0.06720785660916706,-0.9977389959353106,-0.05079010178649301,12.166666666666666,301.1,18.205188243361903,1.1
321.4729546513397,-93.88315415635492,-261.0111818956759,0.0,4.617186872509359,-0.09505836324508982,-0.9954717010428596,-0.06051982303634016,12.222222222222221,301.1,18.246597649378817,1.1
321.9729125901443,-93.93855051766415,-261.5080393967065,0.0,4.5848960820118245,-0.1271477913755327,-0.9918837830856617,-0.06816223007970112,12.321140168318808,301.1,18.287122092118956,1.1
322.4728705289488,-94.01081508695259,-262.0027203926567,0.0,4.54931885821216,-0.16234835938663578,-0.9867335051595582,-0.07369401151799328,12.444444444444443,301.1,18.327579848403154,1.1
322.9728284677534,-94.10122521447794,-262.494405286889,0.0,4.511477869382237,-0.1995621976537156,-0.979885161265145,-0.07728429721728816,12.444444444444443,301.1,18.368130589201044,1.1
323.472786406558,-94.21053723363772,-262.98223385800907,0.0,4.472273589867431,-0.2378147080357355,-0.9713105397564045,-0.07922904408710679,12.555555555555555,301.1,18.408419076380955,1.1
323.97274434536257,-94.33906223633647,-263.4653551126972,0.0,4.43244261576687,-0.27630410159090435,-0.9610702593692322,-0.07987269127656606,12.61111111111111,301.1,18.448310085062325,1.1
324.4727022841671,-94.48675617150455,-263.94296503870146,0.0,4.392556942616611,-0.31440712048025976,-0.9492882399942134,-0.07950788894128712,12.694444444444445,301.1,18.48798501795053,1.1
324.9726602229717,-94.65329992820627,-264.414333916373,0.0,4.353068939669252,-0.35163778015342834,-0.9361361394416782,-0.0783171924752823,12.777777777777777,301.1,18.52802995061823,1.1
325.47261816177627,-94.83815419689203,-264.8788288799462,0.0,4.314371146706858,-0.3875918824123599,-0.9218310760047328,-0.07635993750662011,12.888888888888888,301.1,18.56647386302471,1.1
325.97257610058085,-95.04058693038704,-265.3359389553664,0.0,4.276854804511636,-0.4218947693167669,-0.9066448056560805,-0.07358925603765011,12.972222222222223,301.1,18.60575428547181,1.1
326.47253403938544,-95.25967833134685,-265.78530513407117,0.0,4.240951384720995,-0.45416753165685664,-0.8909162997659871,-0.06990221526481395,13.055555555555555,301.1,18.64426570057669,1.1
326.97249197818996,-95.49431603791336,-266.22675644903643,0.0,4.207147593055725,-0.4840186822554604,-0.8750576639443184,-0.06518764937833738,13.138888888888888,301.1,18.68293483084642,1.1
327.47244991699455,-95.74319083402342,-266.6603450364282,0.0,4.175975245774749,-0.5110567210629483,-0.8595469899059549,-0.05938276839707601,13.166666666666666,301.1,18.720912045757014,1.1
327.97240785579913,-96.00480304307776,-267.08637385848857,0.0,4.147981185244931,-0.5349155526794173,-0.8449055281519192,-0.05248849621248473,13.194444444444445,301.1,18.758806908655444,1.1
328.4723657946037,-96.27748185383165,-267.50541079755425,0.0,4.123688491018967,-0.5552807371966371,-0.8316629743461947,-0.04459943934117772,13.36111111111111,301.1,18.796902647280984,1.1
328.97232373340825,-96.55941784917059,-267.91828088816135,0.0,4.103548359680051,-0.5719167923591763,-0.8203116374997924,-0.035904971176912465,13.5,301.1,18.83364652876498,1.1
329.47228167221283,-96.8487073655607,-268.3260361289136,0.0,4.087898098118598,-0.5846843214237545,-0.8112608977888949,-0.026666965338056504,13.555555555555554,301.1,18.870080428472548,1.1
329.9722396110174,-97.14340356049426,-268.7299044110348,0.0,4.076925296984976,-0.5935507489564078,-0.8047965633706988,-0.017222034131986287,13.694444444444443,301.1,18.907145762182697,1.1
330.472197549822,-97.44157120870686,-269.13121877122745,0.0,4.070643273414904,-0.5985947548319912,-0.8010520079792749,-0.007926313898433748,13.805555555555555,301.1,18.94320733959393,1.1
330.9721554886266,-97.74134092686647,-269.53133881009546,0.0,4.068887843692474,-0.6000000223191447,-0.7999999832606409,0.0008661592952807012,13.916666666666666,301.1,18.97924359404916,1.1
331.4721134274311,-98.04095958537566,-269.93157189218147,0.0,4.071329161785545,-0.5980451818162106,-0.8014623887035596,0.008848442181379944,14.027777777777777,301.1,19.01486168003281,1.1
331.9720713662357,-98.33883327157432,-270.33310450286683,0.0,4.077504438829948,-0.5930845580759018,-0.8051401784608145,0.015796413052913818,14.027777777777777,301.1,19.050727852723192,1.1
332.4720293050403,-98.63355911340777,-270.73695200733465,0.0,4.086863020473756,-0.5855237260820547,-0.8106552696399296,0.02158221935997029,14.11111111111111,301.1,19.085602742266936,1.1
332.97198724384486,-98.92394410335991,-271.14393058480704,0.0,4.098817161642802,-0.5757914337414206,-0.8175966149819843,0.026184876126810294,14.249999999999998,301.2,19.120899989745112,1.1
333.4719451826494,-99.20900944554184,-271.55465149123586,0.0,4.112788949081479,-0.5643123198292,-0.8255613882013781,0.02966223563971754,14.305555555555555,301.1,19.155848810920066,1.1
333.971903121454,-99.48798276312093,-271.9695332465345,0.0,4.12824745488461,-0.5514834583726155,-0.8341858277035038,0.03214322651800185,14.388888888888888,301.1,19.19042851192351,1.1
334.47186106025856,-99.76027969266397,-272.3888262845418,0.0,4.144730432114066,-0.5376593008032545,-0.8431621885851829,0.03377055953225518,14.472222222222221,301.1,19.22503937345926,1.1
334.97181899906315,-100.02548133053308,-272.8126421350831,0.0,4.161850723257942,-0.5231460305915654,-0.8522430584500462,0.034701721806346515,14.61111111111111,301.2,19.259122431495715,1.1
335.47177693786773,-100.28330874411874,-273.2409838711249,0.0,4.17929887430646,-0.5081970887294581,-0.8612408019868214,0.03508913731410605,14.666666666666666,301.2,19.292920536459476,1.1
335.97173487667226,-100.53359630379622,-273.6737744496974,0.0,4.19683992512001,-0.4930126135729003,-0.8700221622797997,0.035076969744654976,14.75,301.2,19.32682888491926,1.1
336.47169281547684,-100.77626493651508,-274.1108825451664,0.0,4.2143103974696245,-0.47773845253209396,-0.8785021177961042,0.034807356098239726,14.88888888888889,301.2,19.3602369049486,1.1
336.9716507542814,-101.01129508491464,-274.55214491483,0.0,4.2316129706536145,-0.46246735312424253,-0.8866363106112095,0.034406554898759906,14.972222222222221,301.2,19.39361894723588,1.1
337.471608693086,-101.23870076176408,-274.99738475504614,0.0,4.2487111011356635,-0.4472406698281521,-0.8944136533235982,0.03399147438340254,15.027777777777779,301.2,19.427037526144247,1.1
337.97156663189054,-101.45850577530602,-275.4464256412814,0.0,4.265612843391329,-0.43206036067690246,-0.9018446899171414,0.03362291707004821,15.13888888888889,301.2,19.45950103218606,1.1
338.4715245706951,-101.67072913971643,-275.89909917658156,0.0,4.282348895014376,-0.41690723832295745,-0.9089490385241215,0.03332846150973732,15.222222222222221,301.2,19.492421319110413,1.1
338.9714825094997,-101.87537867079917,-276.3552468883297,0.0,4.298951586961706,-0.40175947194416955,-0.9157452302377239,0.033087171078287875,15.277777777777777,301.2,19.525036530400868,1.1
339.4714404483043,-102.0724543574984,-276.8147176893921,0.0,4.315436571012689,-0.38660952138056087,-0.9222435025403506,0.03285376442108407,15.305555555555555,301.2,19.557284725187177,1.1
339.9713983871089,-102.26195786770592,-277.2773631156957,0.0,4.331794617895884,-0.37147236728761557,-0.9284440103429689,0.03257759947878613,15.36111111111111,301.2,19.589824342765926,1.1
340.4713563259134,-102.44390295590833,-277.7430330268251,0.0,4.34799928930086,-0.35637912397436333,-0.934341436518399,0.03223851011760749,15.444444444444445,301.2,19.62182885981484,1.1
340.971314264718,-102.61832122956704,-278.21157418389765,0.0,4.3640151471227675,-0.3413697780859079,-0.9399290795637605,0.0318234489393136,15.61111111111111,301.2,19.65420591639237,1.1
341.4712722035226,-102.78526487266572,-278.6828305478872,0.0,4.379807388130148,-0.3264842414575703,-0.9452026449814214,0.031344718293799284,15.694444444444445,301.2,19.68597578784099,1.1
341.97123014232716,-102.94480483231767,-279.1566447955448,0.0,4.3953460896005065,-0.31175819654243797,-0.9501614741130092,0.030809005971003084,15.722222222222221,301.2,19.71764079971674,1.1
342.4711880811317,-103.09702948519298,-279.63285986671946,0.0,4.410602533409603,-0.2972263921743556,-0.9548070338005561,0.03021273669505148,15.694444444444445,301.2,19.74954465579474,1.1
342.97114601993627,-103.24204584738803,-280.1113194152737,0.0,4.425541178925086,-0.28293023450102356,-0.9591404914845353,0.0295357243044276,15.75,301.2,19.78115932095781,1.1
343.47110395874085,-103.37998379362887,-280.5918676870967,0.0,4.440118573268645,-0.26891889964384424,-0.9631628239370247,0.02876701852283182,15.925266594753662,301.2,19.812619194822265,1.1
343.97106189754544,-103.51099867566374,-281.0743496849849,0.0,4.454288757384115,-0.25524416362223856,-0.9668766296362654,0.027910431548060034,16.02777777777778,301.2,19.84387183719754,1.1
344.47101983635,-103.63527005164825,-281.55861269646147,0.0,4.4680154579807825,-0.2419485079305535,-0.9702890906890477,0.027002086168139955,16.083333333333332,301.2,19.875063594550355,1.1
344.97097777515455,-103.7529928399192,-282.04450942769506,0.0,4.481289544251021,-0.22904786955131595,-0.9734151598644862,0.026114221549484087,16.02777777777778,301.2,19.905690242500864,1.1
345.47093571395914,-103.86435972423705,-282.531902411821,0.0,4.494145587361271,-0.21651501900255418,-0.9762792871644485,0.02534184131388783,16.116800002142256,301.2,19.936409600154242,1.1
345.9708936527637,-103.96953876924856,-283.02066826048133,0.0,4.506660652967669,-0.20428018280749582,-0.9789124613121114,0.02476136213657088,16.25,301.2,19.967075220099822,1.1
346.4708515915683,-104.06865389829167,-283.5106998956157,0.0,4.518947150576624,-0.19223766112313595,-0.9813483997265733,0.024431355403475952,16.305555555555557,301.2,19.997187917047796,1.1
346.97080953037283,-104.1617706568116,-284.00190669807563,0.0,4.531134463549079,-0.18026368069881965,-0.9836183230404535,0.024361126444782055,16.333333333333332,301.2,20.027367741986822,1.1
347.4707674691774,-104.24889310826458,-284.49421199782273,0.0,4.543345249997396,-0.16823978709277082,-0.985746100189587,0.02451621086183598,16.305555555555557,301.2,20.058233766755432,1.1
347.970725407982,-104.32997137989949,-284.98754867016623,0.0,4.55567712732479,-0.15607120282643516,-0.9877458072036093,0.02483415336955559,16.36111111111111,301.2,20.088515807676302,1.1
348.4706833467866,-104.40491617411443,-285.48185418133255,0.0,4.56819414375976,-0.14369566904543,-0.9896219251297873,0.025247733008784187,16.45594064441977,301.2,20.118827726398223,1.1
348.97064128559117,-104.47361462907934,-285.9770663356315,0.0,4.580930749691021,-0.13107993026595902,-0.9913718030494267,0.025705248285604273,16.61111111111111,301.2,20.14921193385136,1.1
349.4705992243957,-104.5359431172926,-286.47312034739974,0.0,4.593899087793848,-0.11821282368456766,-0.992988282064054,0.026174921012873824,16.694444444444443,301.2,20.17900359960366,1.1
349.9705571632003,-104.59177467506771,-286.9699474095104,0.0,4.607105421872321,-0.10508916144322576,-0.9944628038027162,0.026657090488457828,16.694444444444443,301.2,20.208851689984847,1.1
350.47051510200487,-104.64097981914081,-287.4674743122093,0.0,4.620555998836199,-0.09170396017063798,-0.9957863142707988,0.027155021189947115,16.75,301.2,20.238746395308567,1.1
350.97047304080945,-104.68342553327358,-287.96562328131404,0.0,4.634262386611465,-0.07804714030175634,-0.9969496696878524,0.02767996122323259,16.805555555555554,301.2,20.268016279522065,1.1
351.470430979614,-104.71897316188851,-288.46431179608834,0.0,4.64823726472646,-0.06410772259427067,-0.9979429842950829,0.02822559102790103,16.87865550058406,301.2,20.29726319604205,1.1
351.97038891841856,-104.74748000437054,-288.9634521163312,0.0,4.662486914645497,-0.049881357162674285,-0.9987551502783901,0.028777645218271572,16.916666666666664,301.2,20.327227305781193,1.1
352.47034685722315,-104.7688026138017,-289.46295075914554,0.0,4.677012805495016,-0.035368796625666936,-0.9993743283801382,0.029327800001861443,16.97222222222222,301.2,20.355909535795476,1.1
352.97030479602773,-104.78279925833402,-289.96270818769733,0.0,4.691811573763505,-0.020575954471203667,-0.9997882926387961,0.02987393162556033,16.926022066689043,301.2,20.38532641119839,1.1
353.4702627348323,-104.7893300212303,-290.4626187558599,0.0,4.706887391979783,-0.0055015606517507315,-0.9999848663006832,0.030443013060827556,16.86111111111111,301.2,20.41479912375353,1.1
353.97022067363685,-104.7882506480035,-290.9625706236317,0.0,4.722260676266101,0.009871535548774162,-0.9999512752059019,0.031075987521011084,17.059312834523894,301.2,20.44427052408572,1.1
354.47017861244143,-104.77940237503248,-291.4624451171641,0.0,4.7379771887194,0.025585416085570585,-0.9996726396594678,0.031824993721865195,17.25,301.2,20.47330847117876,1.1
354.970136551246,-104.76259970262191,-291.9621152257076,0.0,4.754104474388532,0.04170339629481093,-0.9991300349491441,0.03272345904247167,17.331625501075955,301.2,20.501877036077467,1.1
355.4700944900506,-104.7376224664794,-292.46144312132964,0.0,4.770720571862876,0.05829851750727633,-0.998299195059504,0.03377642293507371,17.38888888888889,301.2,20.530564115393872,1.1
355.9700524288551,-104.70421520137266,-292.96027751863716,0.0,4.787896340016913,0.0754356309590813,-0.9971506734600369,0.03494960405834974,17.416666666666668,301.2,20.559216542045622,1.1
356.4700103676597,-104.66209622739507,-293.4584515201707,0.0,4.805675753102356,0.09315152810222407,-0.9956519436089203,0.03617090960451826,17.444444444444443,301.2,20.58781949089432,1.1
356.9699683064643,-104.61097609126679,-293.9557820019924,0.0,4.824059252598805,0.11143832418748771,-0.9937713519227068,0.03734360120167271,17.47222222222222,301.3,20.616419464877062,1.1
357.4699262452689,-104.55058192998905,-294.4520712286872,0.0,4.842996865221703,0.1302368740712605,-0.9914829078870431,0.03836204229100619,17.416666666666668,301.3,20.64491738488159,1.1
357.96988418407346,-104.48068410483317,-294.94711101591145,0.0,4.862384256019909,0.14943346115667447,-0.9887717839252578,0.03912156222015641,17.38888888888889,301.3,20.673992199671535,1.1
358.469842122878,-104.40112192409383,-295.4406894857567,0.0,4.882069744132484,0.16886770606428333,-0.985638725826348,0.039535204442867435,17.52777777777778,301.2,20.702360772831202,1.1
358.9698000616826,-104.31182484936522,-295.9325998403569,0.0,4.901861557792212,0.1883409375131308,-0.9821037069763432,0.03953389381958391,17.555555555555557,301.2,20.730607989171894,1.1
359.46975800048716,-104.2128284528751,-296.42265043329724,0.0,4.921540145241934,0.20762963783480126,-0.9782075104458099,0.03907295182365557,17.52777777777778,301.3,20.758829421077596,1.1
359.96971593929175,-104.10428394093701,-296.91067528308133,0.0,4.940868699790752,0.22649701452326929,-0.9740118594822375,0.03813415314079015,17.583333333333332,301.3,20.787568489722005,1.1
360.4696738780963,-103.98646044078173,-297.39654381430296,0.0,4.959610374047187,0.24471078146389383,-0.9695961187191966,0.036728086444649956,17.63888888888889,301.3,20.815677678711268,1.1
360.96963181690086,-103.85974025831831,-297.88016891247753,0.0,4.9775365700416625,0.2620517029676129,-0.965053835271263,0.03488153184681064,17.555555555555557,301.3,20.843904164731693,1.1
361.46958975570544,-103.7246098484077,-298.3615126192083,0.0,4.994436896071006,0.2783232281840396,-0.9604874703259877,0.03262984253867553,17.5,301.3,20.872719308903168,1.1
361.96954769451,-103.58164912671667,-298.8405899159294,0.0,5.010115135287814,0.2933471573672944,-0.9560059859982718,0.029999573860813075,17.621777608920326,301.3,20.90076798784226,1.1
362.4695056333146,-103.43152282639457,-299.31747123767946,0.0,5.024387543671775,0.306961324845411,-0.9517219893693484,0.027004126246618375,17.72222222222222,301.3,20.929298946874706,1.1
362.96946357211914,-103.27497564504235,-299.7922844355607,0.0,5.037069386222363,0.31900590591490197,-0.9477527272402927,0.02363341215215166,17.805555555555554,301.3,20.957183751429493,1.1
363.4694215109237,-103.1128329069631,-300.2652169813892,0.0,5.047970430263437,0.3293182415271943,-0.9442189872044707,0.019880596435148657,17.833333333333332,301.3,20.985415845341297,1.1
363.9693794497283,-102.94600107696574,-300.73651669293986,0.0,5.0569012663175235,0.33773766130690835,-0.9412402839524773,0.015758062376339123,17.833333333333332,301.3,21.012953064227485,1.1
364.4693373885329,-102.7754644688063,-301.20648929699,0.0,5.063685976558844,0.34411588151738415,-0.9389271857218289,0.011313483199460598,17.86111111111111,301.3,21.040916783770623,1.1
364.9692953273374,-102.6022744898434,-301.6754911662994,0.0,5.068184628191884,0.34833629150784406,-0.9373696325455408,0.006642985940598286,17.88888888888889,301.3,21.06888068327101,1.1
365.469253266142,-102.42752868116438,-302.1439159201642,0.0,5.0703167226247725,0.3503340588308664,-0.9366248166811998,0.0018855997232763173,17.916666666666668,301.3,21.096678440930244,1.1
365.9692112049466,-102.25234073777706,-302.61217559295096,0.0,5.070078194429614,0.3501106374396708,-0.9367083545862006,-0.002802444577528362,17.97222222222222,301.3,21.124595821216523,1.1
366.4691691437512,-102.0778069512691,-303.0806793412958,0.0,5.0675423255902885,0.347734144742077,-0.9375931764792746,-0.007265417585411893,18.083333333333332,301.3,21.15183006725076,1.1
366.96912708255576,-101.90497269101695,-303.54981237242055,0.0,5.062858539680068,0.34333886082631376,-0.939211598441208,-0.011367308224489123,18.166666666666668,301.3,21.178878468043195,1.1
367.4690850213603,-101.73480306348957,-304.0199180147595,0.0,5.05623271150059,0.337108315149511,-0.9414658697250039,-0.015017603984897928,18.22222222222222,301.3,21.20587683680904,1.1
367.96904296016487,-101.56816296657,-304.49128576878263,0.0,5.047905814969996,0.3292572298528316,-0.9442402642281463,-0.01816295476761354,18.22222222222222,301.3,21.233377558327298,1.1
368.46900089896945,-101.40580497414285,-304.96414496583947,0.0,5.038136919431731,0.32001748145945025,-0.9474116378641073,-0.02078828838518595,18.13888888888889,301.4,21.260254935664822,1.1
368.96895883777404,-101.24836526618596,-305.4386638504801,0.0,5.027182886899876,0.3096205117102576,-0.9508602098774973,-0.022910140862443654,18.298632880678852,301.4,21.287501567408878,1.1
369.46891677657857,-101.09636638239971,-305.9149529729535,0.0,5.015287135363902,0.2982876749073426,-0.9544760148889921,-0.024569176783235894,18.48021025375173,301.4,21.314575138270126,1.1
369.96887471538315,-100.95022532654038,-306.39307157313465,0.0,5.002666895880168,0.2862185248798101,-0.9581643679534454,-0.02582260953908822,18.47222222222222,301.4,21.341501056610465,1.1
370.46883265418774,-100.8102656016485,-306.8730357385888,0.0,4.989508619343871,0.2735863193605105,-0.9618474545679105,-0.0267413606726611,18.444444444444446,301.4,21.368735431900703,1.1
370.9687905929923,-100.67673265259623,-307.3548272609342,0.0,4.975959291166717,0.2605292186040153,-0.9654659632807265,-0.02740615765854278,18.38888888888889,301.4,21.395256640186233,1.1
371.4687485317969,-100.54981191418943,-307.83840258507456,0.0,4.9621258925431295,0.24714904161771595,-0.9689774771517884,-0.027897159734117112,18.38888888888889,301.4,21.422100637758042,1.1
371.96870647060143,-100.42964714306423,-308.3237007148504,0.0,4.948075929085862,0.23351099798439526,-0.9723541606947191,-0.028289489943759252,18.52777777777778,301.4,21.449020097949024,1.1
372.468664409406,-100.31635781513451,-308.8106496490718,0.0,4.933843100725997,0.2196484641933591,-0.975579085557649,-0.028639470178149284,18.61111111111111,301.4,21.47606116769469,1.1
372.9686223482106,-100.21005239121605,-309.2991706631051,0.0,4.91943921538876,0.20557403575666638,-0.9786415665721117,-0.028979151798334754,18.650907998881483,301.4,21.502865375919466,1.1
373.4685802870152,-100.11083584759498,-309.78918046600603,0.0,4.904866695645108,0.19129143965715611,-0.9815332827336486,-0.029311249053778875,18.643665895300813,301.4,21.529656055538343,1.1
373.9685382258197,-100.01881036061519,-310.2805914385305,0.0,4.890133168497149,0.17680975349786454,-0.9842450462501827,-0.029618553618697183,18.61111111111111,301.4,21.556362745560538,1.1
374.4684961646243,-99.93407097446159,-310.77331100649366,0.0,4.875257641799223,0.16214956801352,-0.9867661919588798,-0.029870708117252034,18.694444444444443,301.4,21.582793097152205,1.1
374.9684541034289,-99.85669810805658,-311.2672408564274,0.0,4.86027640722833,0.1473489493218324,-0.9890845702637121,-0.030034939394668284,18.833333333333332,301.5,21.609154764996294,1.1
375.46841204223347,-99.78674933445497,-311.7622765941204,0.0,4.8452398916170925,0.1324604669177877,-0.9911882892286015,-0.030087700212473117,18.86111111111111,301.5,21.635540369352274,1.1
375.96836998103805,-99.72425326467528,-312.2583083021144,0.0,4.8302081833828225,0.11754681024052191,-0.9930673428334449,-0.03001280026906776,18.86111111111111,301.5,21.66192774859403,1.1
376.4683279198426,-99.66920536642911,-312.7552217705458,0.0,4.815247052830467,0.10267679901516603,-0.9947147706473445,-0.029806324603254126,18.777777777777775,301.5,21.6884498185802,1.1
376.96828585864716,-99.62156664266905,-313.2529002774087,0.0,4.800421733843562,0.08791909197503794,-0.996127618965705,-0.02946976714089609,18.666666666666668,301.5,21.71498686424965,1.1
377.46824379745175,-99.58126393175992,-313.7512266336256,0.0,4.785795959755768,0.07334107051134703,-0.9973069173410207,-0.02901100500202742,18.772572389681557,301.5,21.741625212057073,1.1
377.96820173625633,-99.5481916494985,-314.2500851842985,0.0,4.771428372531333,0.05900509968261384,-0.9982576812684413,-0.028438020740913974,18.86111111111111,301.5,21.768191815943442,1.1
378.46815967506086,-99.52221392437013,-314.7493636476617,0.0,4.757373645641903,0.04496949481339186,-0.9989883605609369,-0.02776319190931842,18.916666666666664,301.5,21.794214552886494,1.1
378.96811761386545,-99.50316764992711,-315.24895476426605,0.0,4.74367883590743,0.03128475002411874,-0.9995105124089133,-0.02700115250416187,18.977122167858028,301.5,21.82035279608578,1.1
379.46807555267003,-99.49086635777148,-315.7487576777577,0.0,4.730383366468507,0.017993415008709567,-0.9998381054032319,-0.026170546255094167,19.055555555555554,301.5,21.84641095596736,1.1
379.9680334914746,-99.48510508360984,-316.2486789819965,0.0,4.7175151888111335,0.005126185975378026,-0.9999868610223566,-0.025298717941752733,19.11111111111111,301.5,21.872881208381507,1.1
380.4679914302792,-99.48566722007666,-316.7486333926645,0.0,4.70508808681171,-0.007300828713174128,-0.9999733485949017,-0.024411285155762994,19.055555555555554,301.5,21.899268040033824,1.1
380.9679493690837,-99.49233127140518,-317.24854393483866,0.0,4.69310335007596,-0.01928443482908649,-0.9998140379957279,-0.023535960738930228,19.04610484383832,301.5,21.92531954875636,1.1
381.4679073078883,-99.50487772057241,-317.74834165210365,0.0,4.681549249211814,-0.03083484285039926,-0.9995244931798276,-0.02269152758888343,19.083333333333332,301.5,21.951554837005943,1.1
381.9678652466929,-99.52309398084317,-318.24796504096633,0.0,4.670407933048741,-0.041968717131248987,-0.9991189252448165,-0.021886050864071603,19.11111111111111,301.5,21.977581124870053,1.1
382.4678231854975,-99.54677643707048,-318.7473593514189,0.0,4.659660590022896,-0.052703960448935376,-0.9986101804773457,-0.021112759154919298,19.158032574525382,301.5,22.003378345365828,1.1
382.967781124302,-99.57572911103352,-319.2464760111411,0.0,4.6492942363081475,-0.06305288960591239,-0.9980101868780421,-0.020359557672515478,19.22222222222222,301.5,22.029357988343392,1.1
383.4677390631066,-99.60976049390528,-319.7452722801959,0.0,4.639304168890053,-0.07301976645907124,-0.9973304937212452,-0.019600518610549553,19.333333333333332,301.5,22.054986433598057,1.1
383.9676970019112,-99.64867743029426,-320.24371132924335,0.0,4.629701420744021,-0.08259336616894954,-0.9965833311193208,-0.018803492223766732,19.416666666666668,301.5,22.080518111199222,1.1
384.46765494071576,-99.69227719401248,-320.7417627721797,0.0,4.620513307230507,-0.09174647180373918,-0.9957823983740453,-0.017934654021046114,19.444444444444443,301.5,22.106292910711094,1.1
384.96761287952035,-99.740339341626,-321.23940358289803,0.0,4.611783425196109,-0.10043592824063616,-0.9949435282057177,-0.01696513661079235,19.444444444444443,301.5,22.13170245228564,1.1
385.4675708183249,-99.79261867558266,-321.73661922882536,0.0,4.603567854285832,-0.10860647592397663,-0.9940848220284699,-0.015873471310176156,19.444444444444443,301.5,22.157498393290506,1.1
385.96752875712946,-99.84884043219697,-322.2334047292995,0.0,4.595928622274352,-0.1161972776510617,-0.9932261538373233,-0.014662310194779843,19.444444444444443,301.5,22.1833081692489,1.1
386.46748669593404,-99.9087010544103,-322.72976510317665,0.0,4.588919366932823,-0.12315614201567394,-0.9923873057853043,-0.013360935438018884,19.444444444444443,301.5,22.20879093442232,1.1
386.9674446347386,-99.97187554021193,-323.2257147855724,0.0,4.582573485369603,-0.12945119230198385,-0.9915857949827613,-0.012019971536075471,19.5,301.5,22.234127120365002,1.1
387.46740257354315,-100.03802998551878,-323.7212759454209,0.0,4.576894903691091,-0.13507987581329392,-0.9908347123260595,-0.010705215874884835,19.555555555555557,301.6,22.259800585190074,1.1
387.96736051234774,-100.10683739527859,-324.21647584982225,0.0,4.571855533463143,-0.14007132243944392,-0.9901414164805274,-0.009472671036432656,19.61111111111111,301.6,22.28486631252484,1.1
388.4673184511523,-100.1779914540241,-324.71134413780544,0.0,4.567404043666322,-0.1444775244879974,-0.9895080822902964,-0.008359392785426205,19.63888888888889,301.6,22.310403675751637,1.1
388.9672763899569,-100.2512153064087,-325.2059104966849,0.0,4.563477598825048,-0.14836164970865173,-0.9889331731192595,-0.007371370836779419,19.68872540879038,301.6,22.335588229432908,1.1
389.4672343287615,-100.32626323988549,-325.7002034229696,0.0,4.560016445797315,-0.15178360326671475,-0.9884137482751707,-0.00649441315108856,19.749999999999996,301.6,22.36091133335827,1.1
389.967192267566,-100.40291707818294,-326.1942499154436,0.0,4.556971644414479,-0.15479241858581166,-0.9879470163669481,-0.005699521944508597,19.77777777777778,301.6,22.386134129827685,1.1
390.4671502063706,-100.48097938868489,-326.68807586734624,0.0,4.554308761538732,-0.1574226538567581,-0.9875313200363295,-0.00496256484214089,19.805555555555554,301.6,22.411360739088014,1.1
390.9671081451752,-100.5602674088368,-327.18170654284944,0.0,4.552003169742575,-0.1596990775396641,-0.9871657432432409,-0.004267541955049017,19.805555555555554,301.6,22.436092611901934,1.1
391.4670660839798,-100.64060931674496,-327.6751668179421,0.0,4.550034389748415,-0.1616422789460706,-0.9868494179240928,-0.0036163832154737685,19.805555555555554,301.6,22.46127881644075,1.1
391.9670240227843,-100.72184433425714,-328.168480877512,0.0,4.5483784225947606,-0.16327624679099173,-0.9865803906594978,-0.0030176826414818583,19.916430659523332,301.6,22.485983007485682,1.1
392.4669819615889,-100.80382523822337,-328.66167154054364,0.0,4.547003020181184,-0.16463303697625312,-0.9863548870137846,-0.0024998902525917082,20.027777777777775,301.6,22.51118358215826,1.1
392.96693990039347,-100.88642470984638,-329.1547589966807,0.0,4.545860552735258,-0.1657598076375257,-0.9861661554585872,-0.002089933756097345,20.0,301.6,22.53588376649989,1.1
393.46689783919805,-100.96954211616848,-329.64775941986926,0.0,4.544890732062645,-0.1667161338589315,-0.986004934425346,-0.0018134070273677725,19.901700145441456,301.6,22.561077589528214,1.1
393.96685577800264,-101.05310949162299,-330.1406837732431,0.0,4.5440225453519485,-0.16757210730115527,-0.9858598221119725,-0.0016850234063709388,19.996823358608655,301.6,22.585771281819824,1.1
394.46681371680717,-101.13709500160022,-330.6335370567248,0.0,4.543182141186426,-0.16840056872841144,-0.9857186456854449,-0.0017005313864143876,20.11111111111111,301.6,22.610935678425278,1.1
394.96677165561175,-101.22150147259882,-331.12631841882546,0.0,4.54230582913125,-0.16926430109076718,-0.985570695777961,-0.0018205546154357792,20.194444444444446,301.6,22.635476949336304,1.1
395.46672959441634,-101.30635734545491,-331.61902259075055,0.0,4.5413540311153,-0.1702022885120453,-0.9854091439525323,-0.001993862243862949,20.27777777777778,301.6,22.65979780339287,1.1
395.9666875332209,-101.39170365417138,-332.11164204297273,0.0,4.54031693423388,-0.1712241615467371,-0.9852320977833684,-0.0021495563112653667,20.305555555555554,301.6,22.683979563432537,1.1
396.46664547202545,-101.47757779026549,-332.60416975589993,0.0,4.539216579981314,-0.1723081619991888,-0.9850430941377445,-0.002240718790918313,20.305555555555554,301.6,22.708672537581606,1.1
396.96660341083003,-101.5640015942663,-333.0966013160802,0.0,4.538092396890452,-0.17341542167569307,-0.9848487658138388,-0.002241504041888994,20.305555555555554,301.6,22.733102175487264,1.1
397.4665613496346,-101.65097575144925,-333.5889359718972,0.0,4.536986824837682,-0.174504136743653,-0.9846564407240489,-0.0021709680148336466,20.305555555555554,301.6,22.757482319195272,1.1
397.9665192884392,-101.73848379519144,-334.0811760173632,0.0,4.535925379389737,-0.1755491973402239,-0.9844706594476055,-0.0020722075930252556,20.38888888888889,301.6,22.782118943746095,1.1
398.4664772272438,-101.82650256499458,-334.5733249973351,0.0,4.5349088919110585,-0.17654980857353533,-0.9842917073168137,-0.0019997011696423483,20.50496024724343,301.6,22.806357137801527,1.1
398.9664351660483,-101.91501497993193,-335.065385433108,0.0,4.533913208259721,-0.17752976405823342,-0.9841154316813795,-0.001994564225439478,20.514856941737772,301.6,22.83093030019488,1.1
399.4663931048529,-102.00401988930396,-335.55735702159944,0.0,4.532900144760757,-0.17852664421112296,-0.9839350777905599,-0.0020703027535848633,20.444444444444443,301.6,22.85506931429179,1.1
399.9663510436575,-102.09353541355618,-336.04923595646306,0.0,4.5318318224871765,-0.1795777018931995,-0.9837437923477622,-0.002212660330226715,20.444444444444443,301.6,22.879646256283156,1.1
400.46630898246207,-102.18359541838392,-336.54101548792994,0.0,4.530684290479099,-0.18070646089829567,-0.9835370735206745,-0.00238034011446443,20.47222222222222,301.6,22.903822939144014,1.1
400.9662669212666,-102.27424004019052,-337.03268759465936,0.0,4.529455803664072,-0.18191458656203446,-0.9833143359048336,-0.002530369874861993,20.52777777777778,301.6,22.927997411881865,1.1
401.4662248600712,-102.36550521569191,-337.5242448878761,0.0,4.528164466693417,-0.18318422468893697,-0.9830786030756203,-0.002626840457992639,20.583333333333332,301.6,22.95217229259587,1.1
401.96618279887576,-102.4574141298819,-338.01568222343343,0.0,4.526842447633484,-0.18448371288237947,-0.9828355710296264,-0.002650988931659423,20.666666666666668,301.6,22.97673488730898,1.1
402.46614073768035,-102.54997286433039,-338.5069975850159,0.0,4.525524759345882,-0.18577862326845596,-0.9825916258224864,-0.002611551947347017,20.756732793286695,301.6,23.000484761116642,1.1
402.96609867648493,-102.64317198418274,-338.9981918744335,0.0,4.524239039935466,-0.18704180649330085,-0.982351954557898,-0.0025256662044010228,20.805555555555557,301.6,23.024479887777126,1.1
403.46605661528946,-102.73699092678707,-339.4892681564067,0.0,4.523002103172065,-0.18825677034249996,-0.9821198442248334,-0.0024204954372910744,20.72222222222222,301.6,23.0481574085167,1.1
403.96601455409404,-102.83140407798574,-339.98023054646444,0.0,4.521818806236832,-0.18941877767523743,-0.9818963930395197,-0.0023131282672611336,20.669343817927594,301.6,23.072192754890786,1.1
404.46597249289863,-102.92638532962516,-340.4710833512889,0.0,4.520686374580553,-0.19053058654079935,-0.9816812596726184,-0.002219191383300375,20.726354317626814,301.6,23.09629751086913,1.1
404.9659304317032,-103.02191140061535,-340.96183042079576,0.0,4.51959770123765,-0.19159920363898683,-0.9814732523940253,-0.002137433252064107,20.782864804286888,301.6,23.120366265908658,1.1
405.46588837050774,-103.11796221249587,-341.4524750581395,0.0,4.518546358523124,-0.19263096231295335,-0.9812712735825836,-0.0020703853770759287,20.86111111111111,301.7,23.143986195417384,1.1
405.9658463093123,-103.21452110215142,-341.9430199607942,0.0,4.517525510388487,-0.19363259071484232,-0.9810741153516682,-0.002014807816060562,20.916666666666664,301.7,23.168067030841016,1.1
406.4658042481169,-103.31157486095901,-342.4334671958616,0.0,4.5165259573317,-0.19461312945271983,-0.9808800792373239,-0.001988113289858241,20.944444444444446,301.7,23.19211395944562,1.1
406.9657621869215,-103.4091168922271,-342.9238175560082,0.0,4.515531355568786,-0.1955886180890648,-0.9806860315483289,-0.0019952086934928457,20.97222222222222,301.7,23.215695097100003,1.1
407.4657201257261,-103.50714945192195,-343.4140700835288,0.0,4.514520239253376,-0.19658010558628858,-0.9804877674339867,-0.0020575280892630773,20.97222222222222,301.7,23.239275372189258,1.1
407.9656780645306,-103.60568745370846,-343.904221268418,0.0,4.513465092852831,-0.19761455410326664,-0.9802798008765493,-0.0021698497847561604,20.97222222222222,301.6,23.26312586590776,1.1
408.4656360033352,-103.70475817475453,-344.3942650529711,0.0,4.512342724743796,-0.1987146641901869,-0.9800573872155555,-0.0023256622387813034,21.06827999690549,301.6,23.286916159777196,1.1
408.9655939421398,-103.80439892901302,-344.8841932456411,0.0,4.511137149036578,-0.1998960528744845,-0.9798171094878887,-0.0024987058170218715,21.166666666666668,301.6,23.310497269035434,1.1
409.46555188094436,-103.90465133592855,-345.373996638278,0.0,4.509846413893319,-0.201160570387397,-0.9795582805129142,-0.002663005292950476,21.166666666666668,301.6,23.334079722263603,1.1
409.9655098197489,-104.00555500863521,-345.8636662740605,0.0,4.508479967044064,-0.20249889649576025,-0.9792824908666545,-0.0027991895397875325,21.138888888888886,301.6,23.357565695129427,1.1
410.4654677585535,-104.10714295458828,-346.35319440227477,0.0,4.507054191234671,-0.2038949274851911,-0.9789927775759169,-0.002899621212179199,21.166666666666668,301.6,23.381151852970774,1.1
410.96542569735806,-104.20943970736894,-346.8425748986757,0.0,4.505586187944039,-0.2053318718878111,-0.9786924043779268,-0.0029689930034640104,21.194444444444443,301.6,23.404641944148146,1.1
411.46538363616264,-104.31246250178596,-347.3318030636681,0.0,4.504087525586338,-0.20679837021847164,-0.9783835822799686,-0.003024797916965413,21.222222222222225,301.6,23.428221572378657,1.1
411.9653415749672,-104.41622481038601,-347.82087491427353,0.0,4.502563234599257,-0.20828947067320105,-0.9780672248913557,-0.003071794141821945,21.222222222222225,301.6,23.451727001415797,1.1
412.46529951377175,-104.5207381015494,-348.30978683074227,0.0,4.5010159948236055,-0.20980252526568222,-0.9777437805438308,-0.0031177176488655636,21.25,301.6,23.475223806214498,1.1
412.96525745257634,-104.62601280646075,-348.7985353603772,0.0,4.499449662494991,-0.21133373896764554,-0.9774139608036889,-0.003145440061219147,21.305555555555557,301.6,23.498242305733104,1.1
413.4652153913809,-104.73205513648912,-349.28711791463206,0.0,4.497876989123174,-0.21287062989742622,-0.9770803932773766,-0.0031416266673444143,21.333333333333332,301.6,23.521662536887742,1.1
413.9651733301855,-104.8388634031541,-349.7755336012824,0.0,4.496318071222536,-0.2143935587342077,-0.976747358313951,-0.003088068460100289,21.333333333333332,301.6,23.544879826513863,1.1
414.46513126899004,-104.94642447061156,-350.2637840573834,0.0,4.494797578015036,-0.21587844805757644,-0.9764202454190779,-0.002988987863925826,21.333333333333332,301.6,23.568174218875903,1.1
414.9650892077946,-105.05471409392165,-350.7518734469116,0.0,4.493336327216543,-0.2173050119354907,-0.976103750524357,-0.0028520531293603157,21.36111111111111,301.6,23.591603514549032,1.1
415.4650471465992,-105.16369951608311,-351.23980794718443,0.0,4.491946358576133,-0.218661555183628,-0.9758007605472939,-0.002708022143538172,21.38888888888889,301.6,23.615094337736696,1.1
415.9650050854038,-105.27334595572239,-351.72759433981724,0.0,4.490624958651747,-0.2199507869573898,-0.975510969347257,-0.0025803042630479192,21.444444444444446,301.6,23.63802820323911,1.1
416.4649630242084,-105.38362238549372,-352.2152386971311,0.0,4.489360397810948,-0.22118420373703873,-0.9752320482927189,-0.0024819805301152065,21.517633585756883,301.6,23.661269618174494,1.1
416.9649209630129,-105.49450449571529,-352.70274569238956,0.0,4.488138426660452,-0.22237574373091515,-0.9749610395293354,-0.0024091495959922926,21.52777777777778,301.6,23.684459785393194,1.1
417.4648789018175,-105.60597351790263,-353.190118826479,0.0,4.486952753418684,-0.22353157236616877,-0.9746966893118639,-0.0023330986620812137,21.52777777777778,301.6,23.707424349165557,1.1
417.96483684062207,-105.71800976158453,-353.6773618835969,0.0,4.485814022243094,-0.2246413447055091,-0.9744415150479276,-0.0022172393178498955,21.52777777777778,301.6,23.730486401214254,1.1
418.46479477942665,-105.83058419228156,-354.16448087976073,0.0,4.4847489967785314,-0.22567902213357377,-0.9742017136963135,-0.0020356981822879463,21.5,301.6,23.753798642955353,1.1
418.9647527182312,-105.94365218456132,-354.6514855519559,0.0,4.483793839048799,-0.22660943534279598,-0.9739857102717776,-0.0017768195606127227,21.52777777777778,301.6,23.776721703266038,1.1
419.46471065703577,-106.05715146035632,-355.13838989461476,0.0,4.482981652654277,-0.22740041845708417,-0.9738013399485251,-0.0014672685266717922,21.583333333333332,301.6,23.799578753615894,1.1
419.96466859584035,-106.17100776358605,-355.6252108772655,0.0,4.482327698435153,-0.2280371912819533,-0.9736524222699997,-0.0011482968441924061,21.63888888888889,301.6,23.822539395061106,1.1
420.46462653464494,-106.28514483899227,-356.1119661102397,0.0,4.481824394737426,-0.22852720524311743,-0.9735375269930636,-0.0008696880996852993,21.666666666666668,301.7,23.8453702270657,1.1
420.9645844734495,-106.39949570984419,-356.59867116351865,0.0,4.481443000326642,-0.22889849038462207,-0.9734502971901755,-0.0006633616883655358,21.694444444444443,301.7,23.86833213673082,1.1
421.46454241225405,-106.514010269931,-357.0853377313769,0.0,4.481145183543206,-0.22918839006562367,-0.9733820842090364,-0.0005354519255685336,21.72222222222222,301.7,23.891502237475123,1.1
421.96450035105863,-106.62865678738771,-357.5719732332019,0.0,4.48089586735477,-0.2294310628512266,-0.9733249135817682,-0.0004671643870569912,21.75,301.7,23.914494444207413,1.1
422.4644582898632,-106.74341762295843,-358.0585817918173,0.0,4.480673403076915,-0.22964758719614584,-0.9732738492813771,-0.00042475380471073673,21.77777777777778,301.7,23.937455333595558,1.1
422.9644162286678,-106.85828152686261,-358.5451660321447,0.0,4.4804729077309196,-0.22984271945626786,-0.9732277864472157,-0.0003765266042207326,21.805555555555554,301.7,23.960395063476753,1.1
423.46437416747233,-106.97323648897505,-359.031728766169,0.0,4.480300578989409,-0.2300104311622372,-0.9731881634897548,-0.00031135881071608397,21.86111111111111,301.7,23.982792763650263,1.1
423.9643321062769,-107.08826681963185,-359.51827368955054,0.0,4.480164126955817,-0.230143222524501,-0.9731567690388009,-0.00023351224343667586,21.916666666666668,301.7,24.00564954657691,1.1
424.4642900450815,-107.20335421333111,-360.0048051203872,0.0,4.480065344800787,-0.23023935192431344,-0.9731340302473612,-0.00016232279107870765,21.916666666666668,301.7,24.028574456195084,1.1
424.9642479838861,-107.31848174386587,-360.49132705666847,0.0,4.47999741162133,-0.23030545948170725,-0.9731183871106946,-0.00011103454142182627,21.88888888888889,301.7,24.050975512860365,1.1
425.46420592269067,-107.43363692939317,-360.9778424487394,0.0,4.479949947536513,-0.23035164739593225,-0.9731074547766964,-8.035777444151083e-05,21.88888888888889,301.7,24.07377343007582,1.1
425.9641638614952,-107.54881185635004,-361.4643531678443,0.0,4.4799157230320095,-0.23038495138148657,-0.9730995705357958,-5.699153715955022e-05,21.944444444444443,301.7,24.096391294414058,1.1
426.4641218002998,-107.66400003909676,-361.95086074836235,0.0,4.479896993845277,-0.23040317670464358,-0.9730952554423481,-1.6625082922437492e-05,22.0,301.7,24.119247069471196,1.1
426.96407973910436,-107.77919112659704,-362.4373676406314,0.0,4.479906690698313,-0.23039374073212932,-0.9730974895823421,5.7761293173148543e-05,22.027777777777775,301.7,24.142098865272104,1.1
427.46403767790895,-107.89436718226698,-362.92387809113916,0.0,4.479961298260478,-0.23034060190698571,-0.9731100693719738,0.00016261909952571427,22.055555555555557,301.7,24.1644706192314,1.1
427.9639956167135,-108.00950322381672,-363.41039801191073,0.0,4.480072360392909,-0.23023252480721088,-0.9731356454887967,0.00028252945028535447,22.027777777777775,301.7,24.186897303120602,1.1
428.46395355551806,-108.12457128786212,-363.89693401359114,0.0,4.480238907741521,-0.23007044845326718,-0.9731739766087627,0.0003823952806978855,22.0,301.7,24.209795459975247,1.1
428.96391149432264,-108.23954787297357,-364.3834916401603,0.0,4.4804445989734205,-0.22987027023356568,-0.9732212794954431,0.00043785187826092157,22.027777777777775,301.7,24.232170139907,1.1
429.46386943312723,-108.35441955944869,-364.87007404195964,0.0,4.480666120039975,-0.22965467557945288,-0.9732721767237037,0.0004457435529364822,22.055555555555557,301.7,24.254546023589437,1.1
429.9638273719318,-108.46918406222989,-365.35668173457327,0.0,4.480882084163501,-0.22944447835288306,-0.9733217511970917,0.0004163100386157445,22.104191930266705,301.7,24.277501818979204,1.1
430.46378531073634,-108.58384679307456,-365.84331342032374,0.0,4.4810855424718845,-0.2292464432082786,-0.9733684134367385,0.0003982696105636533,22.193737344632485,301.7,24.29994908881354,1.1
430.9637432495409,-108.69841092397209,-366.32996832667226,0.0,4.481291334745095,-0.22904612665687363,-0.973415569971779,0.0004271740296148805,22.249999999999996,301.7,24.322327685807963,1.1
431.4637011883455,-108.81286842142254,-366.8166483218808,0.0,4.481530100238856,-0.2288137020810428,-0.9734702305360795,0.0005312084437074848,22.249999999999996,301.7,24.34473943293468,1.1
431.9636591271501,-108.92719360925109,-367.3033594133666,0.0,4.481842155600927,-0.22850991433994425,-0.9735415856800116,0.0007204934155616394,22.249999999999996,301.7,24.367125267779212,1.1
432.4636170659546,-109.04134116091848,-367.79011219492384,0.0,4.482265348353648,-0.22809789814654893,-0.9736382022399935,0.0009747491007894517,22.22222222222222,301.7,24.389502925459784,1.1
432.9635750047592,-109.15525021120791,-368.27692084371046,0.0,4.482824992250643,-0.22755297177695008,-0.973765703357578,0.0012651775381456406,22.166666666666664,301.7,24.411879444277467,1.1
433.4635329435638,-109.26885024878848,-368.7638016927932,0.0,4.483537207125613,-0.22685938370379274,-0.9739275229838898,0.0015847976694142812,22.194444444444446,301.7,24.43425462528298,1.1
433.9634908823684,-109.38206321522004,-369.2507726875038,0.0,4.4844176730047405,-0.22600178592887657,-0.9741268874006909,0.001938302095031651,22.22222222222222,301.7,24.456726642616577,1.1
434.46344882117296,-109.49480138199486,-369.73785381417196,0.0,4.48549328284222,-0.2249538749330236,-0.9743694135966182,0.0023663965781859173,22.290882760608753,301.7,24.47894355876383,1.1
434.9634067599775,-109.60695845349298,-370.22506906159316,0.0,4.486813807515354,-0.22366700031995645,-0.974665621106989,0.0029189512884006696,22.388888888888886,301.7,24.501130990739004,1.1
435.4633646987821,-109.71839792435995,-370.71244892396044,0.0,4.488452567915099,-0.22206945727921854,-0.975030848816443,0.0036399537634944083,22.450595557817735,301.7,24.523557119837122,1.1
435.96332263758666,-109.82894346578443,-371.2000322886527,0.0,4.490495995964027,-0.22007658964450633,-0.9754825957906392,0.004537406393810069,22.416666666666668,301.7,24.54593037637773,1.1
436.46328057639124,-109.93837705397735,-371.68786637673713,0.0,4.493024357224005,-0.21760951643568333,-0.9760359103827215,0.0055788879495963185,22.36111111111111,301.7,24.56791371709308,1.1
436.96323851519577,-110.04644703387467,-372.17600429240343,0.0,4.496089954941848,-0.21461636512862298,-0.9766984262396339,0.00668522693725417,22.244965534465155,301.7,24.590362481518508,1.1
437.46319645400035,-110.15288639169287,-372.66450028225364,0.0,4.499699636626841,-0.21108940416106745,-0.9774667582332023,0.007754364944398136,22.128502258834178,301.7,24.612747837363937,1.1
437.96315439280494,-110.25743705922801,-373.1534039001527,0.0,4.5038069341661995,-0.2070728881128841,-0.9783255179175226,0.008675358000438671,22.0,301.7,24.63528214947159,1.1
438.4631123316095,-110.35987558111191,-373.64275435653065,0.0,4.508316624903063,-0.20265885189234986,-0.9792494011995486,0.009364301090784958,21.85875742846816,301.7,24.658169465150294,1.1
438.9630702704141,-110.46003350741302,-374.1325766305245,0.0,4.513099721641168,-0.1979727069235251,-0.9802075327773053,0.009769248036466026,21.623703258468804,301.7,24.681093365390247,1.1
439.46302820921863,-110.55781005334842,-374.62287979673386,0.0,4.5180103305745245,-0.1931569234416253,-0.9811678770356101,0.009874003000196129,21.327025690543913,301.7,24.70445415028084,1.1
439.9629861480232,-110.65317640326234,-375.11365745803573,0.0,4.522902948783273,-0.18835415090978308,-0.9821011729119636,0.009696710589524739,21.02664559753007,301.7,24.728081516977838,1.1
440.4629440868278,-110.74617254055786,-375.6048897884602,0.0,4.527643827460542,-0.1836960291281397,-0.9829830969465109,0.009266415749186642,20.691273436652025,301.7,24.752228312561055,1.1
440.9629020256324,-110.83690094201096,-376.09654606158466,0.0,4.532112932414787,-0.1793011546552221,-0.983794234552787,0.008608875620386458,20.416666666666668,301.7,24.776407921952725,1.1
441.4628599644369,-110.92552061020848,-376.5885868641126,0.0,4.536201198812101,-0.1752776545374723,-0.9845190418777295,0.007742225055024007,20.22222222222222,301.7,24.80104459977286,1.1
441.9628179032415,-111.01224265684426,-377.08096573740687,0.0,4.539807269386294,-0.17172627745350721,-0.9851447028898653,0.006679255031757481,19.976079218742814,301.7,24.825722296250518,1.1
442.4627758420461,-111.0973270630543,-377.5736303148184,0.0,4.542835926396218,-0.16874182900307397,-0.9856602838426114,0.005432189783991216,19.649814291704153,301.7,24.8512133709973,1.1
442.96273378085067,-111.18107905006573,-378.0665232204794,0.0,4.545202076656349,-0.16640913847784045,-0.9860567928020489,0.004029356383025854,19.36111111111111,301.7,24.87662012730365,1.1
443.46269171965525,-111.26384235195587,-378.5595831621006,0.0,4.5468371509705925,-0.1647966406172339,-0.986327565893438,0.0025093295931298627,19.104986802342314,301.7,24.902440950231355,1.1
443.9626496584598,-111.34598892345551,-379.0527462914698,0.0,4.547699138729186,-0.16394637721092217,-0.9864692521307565,0.0009387713285379674,18.833333333333332,301.7,24.9287389832024,1.1
444.46260759726437,-111.42790378964999,-379.545947972437,0.0,4.547777273452741,-0.16386929920824045,-0.98648205902439,-0.0006236123884831268,18.560271547651865,301.7,24.955660448569066,1.1
444.96256553606895,-111.50997000259692,-380.03912448033367,0.0,4.5470909650887945,-0.1645462914502941,-0.9863693618366067,-0.0021178058497087083,18.277777777777775,301.7,24.98263547373497,1.1
445.46252347487354,-111.59255520214002,-380.5322143133933,0.0,4.545679797255856,-0.16593805986485774,-0.9861361773549772,-0.0035232017288821717,17.99746970059603,301.7,25.010182181557088,1.1
445.96248141367806,-111.67600599214309,-381.0251583404024,0.0,4.543586275935951,-0.1680021918292766,-0.9857866217090587,-0.0048492716306154275,17.72222222222222,301.7,25.03786795558892,1.1
446.46243935248265,-111.76065017151207,-381.5178987824346,0.0,4.5408403181000665,-0.17070848353407653,-0.9853215788002899,-0.006138745683822764,17.41480743099289,301.7,25.06613386496851,1.1
446.96239729128723,-111.84680781556169,-382.01037675398027,0.0,4.537437338092467,-0.17406051827183297,-0.9847349572239938,-0.0074835281784809485,17.15181341996703,301.7,25.095069433762376,1.1
447.4623552300918,-111.93481166856522,-382.50252806910777,0.0,4.533329012559974,-0.1781046497346869,-0.9840115516308152,-0.008968567505200352,16.907784421585575,301.7,25.12463952164584,1.1
447.96231316889634,-112.02502873630273,-382.99427834008867,0.0,4.528419985972363,-0.18293302317580676,-0.9831253780834669,-0.01069456112712289,16.654707529799506,301.7,25.154861057854436,1.1
448.46227110770093,-112.11788358272612,-383.48553714036035,0.0,4.522568866961397,-0.188682242541627,-0.9820381924087589,-0.012743768434731406,16.333333333333332,301.7,25.18506959487859,1.1
448.9622290465055,-112.21387772533213,-383.9761918570935,0.0,4.515600163812536,-0.19552113834260273,-0.9806994873360609,-0.015170346042883946,15.982621677347563,301.7,25.215251239230977,1.1
449.4621869853101,-112.31360235148237,-384.4661015454239,0.0,4.507317053560735,-0.2036375801252178,-0.9790463400476739,-0.018005004789501466,15.86111111111111,301.7,25.246705458442296,1.1
449.9621449241147,-112.41774472190471,-384.95509059776657,0.0,4.497513319715903,-0.21322595006042408,-0.977002914131186,-0.021255923361572563,15.628053201598917,301.7,25.27878016948488,1.1
450.4621028629192,-112.52708911630991,-385.44294199730814,0.0,4.485980478283326,-0.2244791399180875,-0.9744788944567429,-0.02492209373538613,15.238330370789091,301.7,25.310840213303184,1.1
450.9620608017238,-112.64251394398174,-385.92938962603625,0.0,4.472516531809565,-0.23757872895110732,-0.9713682862591182,-0.02898140594864021,14.88888888888889,301.7,25.344147558921332,1.1
451.4620187405284,-112.76498431785458,-386.41411007180227,0.0,4.456929608724547,-0.2526898990986386,-0.967547319201247,-0.03341086320761604,14.610416048791448,301.7,25.378050044487015,1.1
451.96197667933296,-112.89554170603891,-386.8967134875145,0.0,4.439048163933605,-0.2699497238644562,-0.9628744189070056,-0.03815222587826612,14.36111111111111,301.7,25.412929443961406,1.1
452.4619346181375,-113.03528540069821,-387.3767353877337,0.0,4.418737105262966,-0.28944969754153177,-0.9571932263619064,-0.04311624681387096,14.249999999999998,301.7,25.447698401380677,1.1
452.9618925569421,-113.18534532834953,-387.85363076237047,0.0,4.395915195256958,-0.3112174038158521,-0.9503387435867912,-0.04817536958409128,14.11111111111111,301.7,25.483130944589032,1.1
453.46185049574666,-113.34684501280002,-388.32677181730963,0.0,4.370574832262347,-0.3351968390338718,-0.9421481195129037,-0.053165826530056325,13.972222222222221,301.7,25.51842726566596,1.1
453.96180843455124,-113.52085687530045,-388.7954525952074,0.0,4.342792777511674,-0.36123893139054736,-0.9324732888655929,-0.057914556173545184,14.027777777777777,301.7,25.554571398452744,1.1
454.46176637335583,-113.70835551502913,-389.25889990601263,0.0,4.312732602473428,-0.3891018224217573,-0.921194752366766,-0.062256124797721586,14.027777777777777,301.7,25.59051137008172,1.1
454.96172431216036,-113.91017521775859,-389.71628955295574,0.0,4.280627224267648,-0.41847153063207015,-0.908229914752015,-0.06607714096267915,14.0,301.7,25.626325325239137,1.1
455.46168225096494,-114.12698070927185,-390.1667663046105,0.0,4.246756392750733,-0.4489881321552646,-0.8935377200676682,-0.06931286191587889,13.88888888888889,301.7,25.662314587809007,1.1
455.9616401897695,-114.35925307111172,-390.6094643221746,0.0,4.2114112404813575,-0.4802833567972471,-0.8771133890116878,-0.071980034633875,13.75,301.7,25.698557593200075,1.1
456.4615981285741,-114.60729431039374,-391.0435214275278,0.0,4.174859696500568,-0.5120152698925035,-0.8589763462383041,-0.07415651608227604,13.694444444444443,301.7,25.735125764354716,1.1
456.96155606737864,-114.871248293387,-391.468088179737,0.0,4.137315889063435,-0.5438961269050829,-0.8391525505756685,-0.07597524071254527,13.694444444444443,301.7,25.77191600752179,1.1
457.4615140061832,-115.15113170562077,-391.8823253736769,0.0,4.098919985148688,-0.5757073625473879,-0.8176558155536658,-0.07759654672957653,13.555555555555554,301.7,25.80908352999903,1.1
457.9614719449878,-115.44687024646066,-392.28539453033824,0.0,4.059728782762033,-0.6073020021212776,-0.7944710682079542,-0.07918784275652614,13.527777777777779,301.7,25.846929355539306,1.1
458.4614298837924,-115.75833171274921,-392.67643964338083,0.0,4.019719329519996,-0.6385938690568101,-0.7695439366293868,-0.08089559269187652,13.472222222222221,301.7,25.88454677009557,1.1
458.961387822597,-116.08535207847461,-393.05456776063414,0.0,3.978805276526379,-0.6695358313918045,-0.7427797590689216,-0.08281910171685505,13.352251204653175,301.7,25.92263791326497,1.1
459.4613457614015,-116.42774665607566,-393.4188303670106,0.0,3.936867249955834,-0.7000887152898957,-0.7140558736707817,-0.08499200092750553,13.25,301.7,25.960527962093106,1.1
459.9613037002061,-116.7853075674008,-393.76821473927555,0.0,3.893783929725674,-0.7301934546497747,-0.6832404545887395,-0.0873855801615027,13.194444444444445,301.7,25.999081926185937,1.1
460.4612616390107,-117.15778739258639,-394.1016452092065,0.0,3.849464214856977,-0.7597475454042305,-0.650218168965038,-0.08991162152143235,13.11111111111111,301.7,26.03709315964939,1.1
460.96121957781526,-117.544873540415,-394.4179977444327,0.0,3.803872299343217,-0.7885924907710866,-0.6149161597319213,-0.09243869754716642,13.027105194067442,301.7,26.076048426027146,1.1
461.4611775166198,-117.94615960749209,-394.71612803497794,0.0,3.757047069691266,-0.8165111833380335,-0.5773296177089169,-0.09480427844570448,12.86111111111111,301.7,26.114457033495476,1.1
461.96113545542437,-118.36111762015884,-394.99491098870675,0.0,3.709113741317319,-0.8432360875584963,-0.537543394191613,-0.09682774408491424,12.805555555555555,301.7,26.154371116308603,1.1
462.46109339422895,-118.78907602813015,-395.25329034528164,0.0,3.6602938392104845,-0.8684638025938926,-0.49575258303326725,-0.09830143924347229,12.63725858393704,301.7,26.19411738195653,1.1
462.96105133303354,-119.22920603053319,-395.4903403285315,0.0,3.6109216818764565,-0.8918719613660062,-0.45228796637668023,-0.09898629829528623,12.444444444444443,301.7,26.234835309547993,1.1
463.4610092718381,-119.68051784038815,-395.7053392694101,0.0,3.561460199056415,-0.9131429420229813,-0.407639506713486,-0.09860389820389598,12.305555555555554,301.7,26.27623910898244,1.1
463.96096721064265,-120.1418694362402,-395.89785591056904,0.0,3.5125232609988153,-0.931990419942638,-0.3624829059902624,-0.09683391569358629,12.222222222222221,301.7,26.31729403233126,1.1
464.46092514944723,-120.61199023472344,-396.06784717638357,0.0,3.4648922069457377,-0.9481923236318665,-0.3176968954925461,-0.09333277854159325,12.11111111111111,301.7,26.35857818258908,1.1
464.9608830882518,-121.08952212829512,-396.21576016458687,0.0,3.419516469136528,-0.9616271318655695,-0.27435972601677266,-0.08778528630047677,12.055555555555555,301.7,26.400416202831423,1.1
465.4608410270564,-121.57307839852344,-396.3426233804819,0.0,3.377483238065575,-0.9723065893415314,-0.233708999234173,-0.0799641708157377,12.027777777777777,301.7,26.442431187114238,1.1
465.96079896586093,-122.06131539891398,-396.4501087085584,0.0,3.339953951842656,-0.9803908215676398,-0.19706302795280545,-0.06980800350586461,12.0,301.7,26.48410193248151,1.1
466.4607569046655,-122.5530045930406,-396.54054422669833,0.0,3.308069463900472,-0.9861747102249803,-0.16570890414421388,-0.05745260224025253,11.916666666666666,301.7,26.52613076188934,1.1
466.9607148434701,-123.04708882900789,-396.6168686128265,0.0,3.2828428812943033,-0.9900407617021666,-0.14078100073587252,-0.043264358921229665,11.722222222222223,301.7,26.567876253776046,1.1
467.4606727822747,-123.54271020919198,-396.68252563205544,0.0,3.2650581852716174,-0.9923878084720883,-0.12315209131787294,-0.027768813510970623,11.805555555555555,301.7,26.610656163893793,1.1
467.96063072107927,-124.03919768928175,-396.7413153184194,0.0,3.255202319195806,-0.993553360399618,-0.11336542699882975,-0.011618225289126417,11.888888888888888,301.6,26.652810397741156,1.1
468.4605886598838,-124.5360203975848,-396.7972185424175,0.0,3.253427274799618,-0.9937530237249491,-0.1116016480053983,0.004511781946795666,11.972222222222223,301.6,26.694822730356236,1.1
468.9605465986884,-125.03271789923977,-396.85421705734217,0.0,3.2595529099785834,-0.9930507525782912,-0.11768688458655613,0.01996634323480531,12.0,301.6,26.736760304117016,1.1
469.46050453749297,-125.52882479075706,-396.91612154917465,0.0,3.2730878977751106,-0.9913669506444347,-0.13111662430811344,0.034151748949698614,11.972222222222223,301.6,26.77869914144619,1.1
469.96046247629755,-126.0238075997791,-396.9864167195421,0.0,3.2932754145981646,-0.9885182094486394,-0.15110178552371833,0.046592472542141536,12.0,301.6,26.82020707798991,1.1
470.4604204151021,-126.51702788688993,-397.068134525512,0.0,3.319153886589408,-0.9842773780257983,-0.17662967787622713,0.056891451592346785,12.19969616474706,301.6,26.862378123861788,1.1
470.96037835390666,-127.0077356276444,-397.16376068241334,0.0,3.349633167390481,-0.9784375111432274,-0.20654306279283904,0.06493129492503635,12.166666666666666,301.6,26.902972173030424,1.1
471.46033629271125,-127.49509435701297,-397.275184893835,0.0,3.383573138886078,-0.9708653036537163,-0.23962587957350773,0.070684591292895,12.277777777777779,301.6,26.943397312367484,1.1
471.96029423151583,-127.97822619193683,-397.4036919034003,0.0,3.4198603372761807,-0.9615327314449053,-0.27469038272225643,0.0742911434581966,12.471202668171731,301.6,26.983926592108368,1.1
472.4602521703204,-128.456267442205,-397.54999628483995,0.0,3.4574720103290066,-0.9505235721369573,-0.3106524405376507,0.07598001641623575,12.604576379399274,301.6,27.023529499316748,1.1
472.96021010912494,-128.9284211590084,-397.7143087765257,0.0,3.4955266701850274,-0.9380164815767056,-0.34659065234143005,0.0760817497586121,12.694444444444445,301.5,27.06399617165971,1.1
473.4601680479295,-129.39399652247567,-397.896428794904,0.0,3.533319380708159,-0.9242511996891977,-0.3817849131030177,0.0749723943961207,12.61111111111111,301.5,27.10326921464719,1.1
473.9601259867341,-129.85242904040123,-398.09585067119275,0.0,3.5703462655680407,-0.9094846262837498,-0.4157375548991309,0.07307178786906057,12.666666666666666,301.5,27.143319861494767,1.1
474.4600839255387,-130.3032772221946,-398.3118758632366,0.0,3.606313582529148,-0.893946672626208,-0.44817334425479977,0.07079289636474188,12.805555555555555,301.5,27.18304508230443,1.1
474.9600418643432,-130.74620089657563,-398.54371927632627,0.0,3.641125077428086,-0.877806633903545,-0.4790151495254902,0.06850159640073517,12.916666666666666,301.5,27.222288215007957,1.1
475.4599998031478,-131.18092544801098,-398.7905975056181,0.0,3.67484723265871,-0.861157205643287,-0.5083387327055116,0.06647501822401929,13.03978746859325,301.5,27.260864697738715,1.1
475.9599577419524,-131.60720380250123,-399.05179151361403,0.0,3.707658154074424,-0.8440176352928667,-0.5363154214775457,0.06486989967326837,13.027777777777777,301.5,27.299330468425087,1.1
476.459915680757,-132.02478508181565,-399.3266775785745,0.0,3.7397779620675835,-0.8263589072986672,-0.5631438149603994,0.06370115217044267,13.11111111111111,301.5,27.337739410065392,1.1
476.95987361956156,-132.43339872505837,-399.61472617499777,0.0,3.771406369802607,-0.8081372424082839,-0.5889942252965936,0.062872787941032,13.305555555555555,301.5,27.37578604469207,1.1
477.4598315583661,-132.83275608915255,-399.9154773494621,0.0,3.8026728774222134,-0.7893294672761938,-0.6139698625254175,0.06221544947169846,13.509018925146798,301.5,27.41264936261057,1.1
477.9597894971707,-133.22256689032352,-400.2285036880963,0.0,3.8336189143029085,-0.7699546423305577,-0.6380986199276903,0.0615565548446099,13.444444444444443,301.5,27.450535052955228,1.1
478.45974743597526,-133.60256230887458,-400.5533758870425,0.0,3.8642083699726726,-0.7500783959031149,-0.661348924546952,0.06077137713359628,13.5,301.5,27.48783231045547,1.1
478.95970537477984,-133.9725148402993,-400.88964071687195,0.0,3.8943640588995367,-0.7297969640782892,-0.6836639461183487,0.05982670102847115,13.605136440475574,301.5,27.524430176285758,1.1
479.4596633135844,-134.33224677855867,-401.236818789763,0.0,3.924016811769792,-0.7092065902692559,-0.7050007179561278,0.05878221522396664,13.527777777777779,301.5,27.56143595855547,1.1
479.95962125238896,-134.6816217506424,-401.5944181640717,0.0,3.9531454510479276,-0.6883729308681596,-0.7253569521607826,0.057766540891548125,13.555555555555554,301.5,27.598246002325364,1.1
480.45957919119354,-135.02052336230582,-401.96195944705306,0.0,3.981803291039057,-0.6673059613080251,-0.7447836961177201,0.05693080477594293,13.694444444444443,301.5,27.63411794643029,1.1
480.9595371299981,-135.34882494979348,-402.3389996535007,0.0,4.01011298383547,-0.645956795339009,-0.7633739703155706,0.05639659882777525,13.916666666666666,301.5,27.670497921803033,1.1
481.4594950688027,-135.66636276624914,-402.7251488926487,0.0,4.038245789277691,-0.6242281707757289,-0.7812420820782682,0.05622866426876825,14.0,301.5,27.706768831425713,1.1
481.95945300760724,-135.97291722991966,-403.1200740291285,0.0,4.066386274927445,-0.6019993978490599,-0.7984965403740766,0.056414023852225985,14.138888888888888,301.5,27.741945461959475,1.1
482.4594109464118,-136.26820915306322,-403.52348941103224,0.0,4.094693756572796,-0.5791578112843392,-0.8152154498219067,0.056870620931181816,14.249999999999998,301.5,27.777486465006522,1.1
482.9593688852164,-136.55191084469442,-403.93513767144,0.0,4.12327273184566,-0.5556264607056435,-0.8314320394137575,0.05746367449484238,14.194444444444445,301.5,27.812979155383022,1.1
483.459326824021,-136.8236703419348,-404.35476531145497,0.0,4.152150095462654,-0.5313885792337604,-0.8471281944664134,0.058023961409091995,14.277777777777777,301.5,27.84816832041289,1.1
483.9592847628255,-137.08314582668635,-404.7820974316123,0.0,4.181264029166547,-0.5065036369850824,-0.8622378243390184,0.05836994341481184,14.36111111111111,301.5,27.883497616643826,1.1
484.4592427016301,-137.33004617880678,-405.216816136018,0.0,4.21046193278836,-0.4811157907479198,-0.8766570571740148,0.05832265147739954,14.388888888888888,301.5,27.91822321549654,1.1
484.9592006404347,-137.56417379378792,-405.65854519965404,0.0,4.23950781814634,-0.4554531549850877,-0.8902597506425468,0.057736691421651325,14.501107055577458,301.5,27.95207970800158,1.1
485.4591585792393,-137.78546255239937,-406.1068443872044,0.0,4.268107343670371,-0.4298093669254036,-0.9029196576125607,0.05652646261788306,14.555555555555555,301.5,27.985911875192535,1.1
485.95911651804386,-137.9940037532476,-406.5612146037089,0.0,4.295939815668419,-0.4045156608392472,-0.9145310711702402,0.05467124837609062,14.555555555555555,301.5,28.020908383116147,1.1
486.4590744568484,-138.1900571945205,-407.02111245328484,0.0,4.322691762767001,-0.3799083515315762,-0.9250241318130896,0.05222256006121929,14.583333333333332,301.5,28.055466552870758,1.1
486.95903239565297,-138.37404462024273,-407.4859707270983,0.0,4.348089691622523,-0.35629465588312337,-0.9343736502005644,0.04927897746100008,14.666666666666666,301.5,28.089754431722312,1.1
487.45899033445755,-138.5465295080391,-407.9552201148269,0.0,4.3719176217030835,-0.33393143067366615,-0.9425973687679371,0.04597244771458188,14.804527001271504,301.5,28.123925944091546,1.1
487.95894827326214,-138.7081878115326,-408.4283103272104,0.0,4.394027466204204,-0.3130108302918881,-0.9497495565252888,0.04243144553115579,15.0,301.5,28.156764593275582,1.1
488.45890621206667,-138.8597759074799,-408.9047244983111,0.0,4.414332692232231,-0.29366275073844883,-0.9559090902532142,0.038778130908087835,15.027777777777779,301.5,28.190403080216697,1.1
488.95886415087125,-139.00209920030716,-409.38398952934625,0.0,4.432807563620749,-0.2759533426700588,-0.9611710319548863,0.035133160066602415,15.0,301.5,28.223998997129797,1.1
489.45882208967583,-139.13598019385617,-409.86568239454743,0.0,4.449485738855566,-0.25988512802762515,-0.965639539491867,0.03161275270860897,15.0,301.5,28.257817523697177,1.1
489.9587800284804,-139.26222698752136,-410.34943340280125,0.0,4.464459395677145,-0.24539737932963288,-0.9694225736066538,0.028337123099887066,15.11111111111111,301.5,28.29068036562561,1.1
490.458737967285,-139.381601110405,-410.8349270019072,0.0,4.477879982814333,-0.2323654505598593,-0.9726285505711384,0.025419371021665447,15.25,301.5,28.323736017729697,1.1
490.95869590608953,-139.494787167228,-411.3219011715842,0.0,4.489951321065948,-0.22060787785653346,-0.9753625809039614,0.022954644399429402,15.333333333333334,301.5,28.35641128667269,1.1
491.4586538448941,-139.60236763561352,-411.8101448473283,0.0,4.50091432940679,-0.20990192691025455,-0.9777224458297775,0.02098980989073361,15.36111111111111,301.5,28.389056177465868,1.1
491.9586117836987,-139.7048087208535,-412.29949304242217,0.0,4.511022697679126,-0.20000819296324543,-0.9797942246959701,0.01953421471530276,15.36111111111111,301.5,28.421791560936203,1.1
492.4585697225033,-139.80245629362386,-412.7898205162216,0.0,4.520526353035173,-0.19068767425292382,-0.9816507581049437,0.018563253908525448,15.30670675529779,301.5,28.45391711361856,1.1
492.9585276613078,-139.895539692755,-413.2810350295279,0.0,4.529660686424617,-0.18171311858971032,-0.9833515864289851,0.0180507156709015,15.122103314332135,301.5,28.487208561368085,1.1
493.4584856001124,-139.98417630209948,-413.7730714163025,0.0,4.538655492523796,-0.17286083017247175,-0.9849462591390882,0.018005736241502413,14.827892817682354,301.5,28.52039171712687,1.1
493.958443538917,-140.06836781410587,-414.26588780435924,0.0,4.547759890341795,-0.16388644731055968,-0.9864792103171375,0.01849943298249479,14.48998361788324,301.5,28.554721179512406,1.1
494.45840147772157,-140.14798133766686,-414.7594643359041,0.0,4.5572788033954605,-0.15448895448970013,-0.9879945156430168,0.019685589836402628,14.222222222222223,301.5,28.589070874151503,1.1
494.95835941652615,-140.2227114660225,-415.2538034498044,0.0,4.567607907759919,-0.14427579631880713,-0.9895375155074082,0.021765005605808015,13.914215765535905,301.5,28.624176464881415,1.1
495.4583173553307,-140.29202972436596,-415.74892978340483,0.0,4.579251394419771,-0.13274461010862412,-0.9911502754310818,0.0249689253217805,13.422079899182078,301.5,28.66161024725889,1.1
495.95827529413526,-140.35512786444707,-416.244886168944,0.0,4.592822029350064,-0.11928226132488724,-0.9928603840083566,0.029489441406978772,13.127574299474933,301.5,28.698814650437804,1.1
496.45823323293985,-140.41086933271714,-416.7417216392248,0.0,4.609009896012884,-0.1031950433142387,-0.9946611398035878,0.03544177782143547,12.87596300701379,301.5,28.736930663495006,1.1
496.95819117174443,-140.4577597051874,-417.2394678417877,0.0,4.628536539012945,-0.08375421158481275,-0.9964864434811977,0.04283588179746819,12.60248842789566,301.5,28.77662083319151,1.1
497.45814911054896,-140.49394349918433,-417.73810317466143,0.0,4.652098169618325,-0.06025429140375206,-0.9981830595474117,0.05156313081538363,12.222222222222221,301.5,28.816531564819467,1.1
497.95810704935354,-140.5172311665611,-418.237501957906,0.0,4.680309796848311,-0.03207368184376154,-0.9994855071150283,0.061413897291876934,11.965428314992122,301.5,28.858489161320566,1.1
498.4580649881581,-140.52515387872222,-418.73737400038993,0.0,4.713666710944524,0.0012777302121642763,-0.9999991837024192,0.07212767953065048,11.58142936925365,301.4,28.902137085413738,1.1
498.9580229269627,-140.51503827694472,-419.2371980370449,0.0,4.752521777940662,0.04012202516572595,-0.9991947873646063,0.08339866573597751,11.24848052052115,301.4,28.946109402522477,1.1
499.4579808657673,-140.48409847572742,-419.73615655917655,0.0,4.797075450528281,0.08458528072319782,-0.9964162434871171,0.09492481297546292,10.916666666666666,301.4,28.992956361831745,1.1
499.9579388045718,-140.4295382662047,-420.2330755756692,0.0,4.847378033595765,0.13457946381156657,-0.9909028044769029,0.10637926941870696,10.611111111111112,301.4,29.040932523171527,1.1
500.4578967433764,-140.3486629781272,-420.72638271836627,0.0,4.903330122138857,0.1897830163878334,-0.9818260572477874,0.11747159446448448,10.36111111111111,301.4,29.089617822659466,1.1
500.957854682181,-140.23900157059632,-421.21408536395217,0.0,4.964674129302582,0.24961742053977298,-0.968344537529422,0.12786575467044725,10.222222222222221,301.4,29.138978645441853,1.1
501.4578126209856,-140.0984424746759,-421.69378238748527,0.0,5.030969084109768,0.31321842813522577,-0.9496811129408115,0.13716698081109688,10.194444444444445,301.4,29.189841411747448,1.1
501.9577705597901,-139.92538013434176,-422.1627212040779,0.0,5.10156430959612,0.3794255404462441,-0.9252222755949381,0.14494205917179448,10.13888888888889,301.4,29.240322301755977,1.1
502.4577284985947,-139.71885737133115,-422.6179046347439,0.0,5.175593980069003,0.44681766989997906,-0.8946250442867969,0.15079074289536404,9.9106928357922,301.4,29.292430115822963,1.1
502.9576864373993,-139.47867128428328,-423.0562500803749,0.0,5.2520227291913475,0.5138218203489623,-0.8578969267536041,0.15447089929946373,9.722222222222221,301.4,29.345834281318144,1.1
503.45764437620386,-139.20540757667916,-423.47476984699057,0.0,5.329756600082684,0.5788907122751417,-0.8154051405538103,0.15601822067630325,9.777777777777779,301.4,29.399324438971124,1.1
503.95760231500844,-138.90037771760112,-423.8707341904372,0.0,5.407798339327876,0.6406997955178289,-0.7677914899394316,0.15578878762130205,9.694444444444445,301.4,29.45237451104333,1.1
504.45756025381297,-138.5654680501709,-424.24177051058854,0.0,5.485397015412866,0.6982915864029544,-0.7158134256626131,0.1543818533053052,9.42327607556946,301.4,29.505524122559,1.1
504.95751819261756,-138.20294236629752,-424.58587866288974,0.0,5.56213007139035,0.7511095043890043,-0.6601776370163597,0.1524686504367044,9.479418340456279,301.4,29.560518120512853,1.1
505.45747613142214,-137.8152560960138,-424.9013747447734,0.0,5.637892499713508,0.7989236972981815,-0.6014323951163619,0.15060426945603533,9.61111111111111,301.4,29.615449338576713,1.1
505.9574340702267,-137.40492620272948,-425.1868050743139,0.0,5.712799658192928,0.8416928040087448,-0.5399566868554335,0.14909924134291921,9.436688071243292,301.4,29.670558458870484,1.1
506.45739200903125,-136.97447165126457,-425.44087598765447,0.0,5.787053156746174,0.8794303387049112,-0.4760276035750082,0.14799406543661572,9.277777777777777,301.4,29.726330482338806,1.1
506.95734994783584,-136.52640988306533,-425.6624279255773,0.0,5.860818071001076,0.9121211175312265,-0.40992080570957423,0.147130406000637,9.222222222222223,301.4,29.780970514848846,1.1
507.4573078866404,-136.06327765206743,-425.8504556759874,0.0,5.934156392329257,0.9397052528465291,-0.3419854350299745,0.14628266380207056,9.388888888888888,301.4,29.835611520352224,1.1
507.957265825445,-135.58764677749113,-426.0041520473958,0.0,6.007026944019497,0.9621100020370766,-0.27266159241854426,0.14527423465234815,9.388888888888888,301.4,29.889912623596256,1.1
508.4572237642496,-135.10211882853395,-426.1229443858554,0.0,6.079340525580167,0.9792954957032389,-0.2024359950585554,0.1440583076769846,9.416666666666666,301.4,29.944020576957108,1.1
508.9571817030541,-134.60930083250537,-426.20649897332794,0.0,6.151032759862685,0.9912805531241277,-0.1317682245381013,0.14277794349291503,9.63888888888889,301.4,29.997752081942437,1.1
509.4571396418587,-134.1117769746144,-426.25469339465684,0.0,6.222108793962797,0.9981354095045482,-0.061038547600578356,0.14158982535437686,9.694444444444445,301.4,30.05052159225855,1.1
509.9570975806633,-133.61208857888715,-426.2675735702562,0.0,6.292641587072367,0.9999552897184669,0.009456138961382008,0.14058874289016646,9.806362863625111,301.4,30.10405812618101,1.1
510.4570555194679,-133.11272841686997,-426.2453231053562,0.0,6.362718774209274,0.9968388806623709,0.07944964442835127,0.1397243713577373,9.56003733328321,301.4,30.15767731200361,1.1
510.9570134582724,-132.61613837879784,-426.18826836029274,0.0,6.432359335247037,0.9888941723406375,0.14862138443281178,0.1387614520910599,9.86155302213814,301.4,30.210031817593947,1.1
511.456971397077,-132.124695928418,-426.09692913467927,0.0,6.501416857607915,0.9762818511956892,0.21650345730707912,0.13727813495416108,9.757779151038969,301.4,30.261439901125197,1.1
511.95692933588157,-131.64066953237386,-425.97211048202416,0.0,6.569495538700248,0.959292447679199,0.28241458854962037,0.13470982771942325,9.75,301.4,30.313590488194432,1.1
512.4568872746861,-131.16613035591195,-425.81501653993456,0.0,6.635893818565746,0.9384405257342039,0.34544084827899413,0.13041905862493222,9.5,301.4,30.36500575467417,1.1
512.9568452134907,-130.70281818532837,-425.6273596146543,0.0,6.699590957932048,0.9145486723842445,0.40447586558435805,0.12379741040882494,9.61111111111111,301.4,30.41790976590664,1.1
513.4568031522953,-130.25197519144334,-425.4114338341275,0.0,6.759288898957068,0.8887874652344518,0.4583195846154931,0.11436473015184528,9.388888888888888,301.4,30.47093638318772,1.1
513.9567610910999,-129.81417463647736,-425.17013054503536,0.0,6.813501917938321,0.8626469699777969,0.50580648986359,0.1018731081325248,9.5,301.4,30.524861513034395,1.1
514.4567190299044,-129.38918731694818,-424.9068867599269,0.0,6.860699067909902,0.8378225818960553,0.5459425988737532,0.08638920316616387,9.444444444444445,301.4,30.578966449251485,1.1
514.956676968709,-128.9759220625174,-424.62557124468185,0.0,6.899469823767552,0.8160316604811799,0.5780072050522626,0.06830692087251987,9.527777777777777,301.4,30.632539177197877,1.1
515.4566349075136,-128.5724674724238,-424.3303347790973,0.0,6.928679653093678,0.798802469322266,0.6015933967428917,0.04830353666689057,9.694444444444445,301.4,30.6839502316422,1.1
515.9565928463181,-128.17623620417666,-424.02545541231535,0.0,6.9475908936449775,0.7872834343873305,0.6165912697559786,0.027256872775826505,9.833333333333332,301.4,30.73437907916856,1.1
516.4565507851227,-127.78419079270904,-423.7152021229039,0.0,6.955930686049472,0.782113872343841,0.623135531555794,0.0061229531846497395,10.027777777777779,301.4,30.783546591691806,1.1
516.9565087239273,-127.39311232449334,-423.4037290264768,0.0,6.953890834971511,0.7833833479637091,0.6215388404059479,-0.014208854293864023,10.199728317835786,301.4,30.832380438884176,1.1
517.4564666627318,-126.99986606589015,-423.09500178079566,0.0,6.942065890181831,0.7906780698123597,0.612232137279481,-0.03301441580543363,10.472222222222223,301.4,30.880738266040538,1.1
517.9564246015365,-126.60162836796542,-422.79275061041807,0.0,6.921347596894144,0.8031918750614462,0.5957204141501936,-0.0498205993752581,10.631759657979192,301.4,30.928513304625497,1.1
518.456382540341,-126.19604619374935,-422.50044219415634,0.0,6.892795056971499,0.8198715170710769,0.5725475486765889,-0.06438830874174795,10.638888888888888,301.4,30.975207446093496,1.1
518.9563404791455,-125.78132546404706,-422.2212670445582,0.0,6.857516873360752,0.8395556324824003,0.5432737247162582,-0.07670739151269296,10.916666666666666,301.4,31.02155951581994,1.1
519.4562984179502,-125.35625545134155,-421.95813509237513,0.0,6.816580491005553,0.8610857222871027,0.508459810479942,-0.08697396614761516,11.11111111111111,301.4,31.06710411515967,1.1
519.9562563567547,-124.92018782559232,-421.71367733747934,0.0,6.770959210517445,0.8833783302614784,0.46866056546763385,-0.09540894495516812,11.055555555555555,301.4,31.11345845551035,1.1
520.4562142955593,-124.4729891565284,-421.4902485696324,0.0,6.721515192406958,0.9054617688780311,0.42442783261735667,-0.1022372504963083,11.222222222222221,301.5,31.15902033705935,1.1
520.9561722343639,-124.01498058397956,-421.2899272919048,0.0,6.669001941954718,0.926491429018709,0.37631586726428456,-0.10766318862559275,11.333333333333332,301.5,31.203564435625964,1.1
521.4561301731684,-123.54687338354711,-421.11451154522484,0.0,6.614086034069097,0.9457500855325454,0.3248950226075849,-0.11183074871563739,11.25,301.5,31.248382288524585,1.1
521.956088111973,-123.06970607596989,-420.9655075467772,0.0,6.55737126849427,0.9626459284355531,0.27076339572854385,-0.11483675526456742,11.083333333333332,301.5,31.29423852739619,1.1
522.4560460507776,-122.58478227996208,-420.8441118963341,0.0,6.499432042361719,0.9767096472500346,0.21456529301989405,-0.11670084376126022,10.944444444444445,301.5,31.339590000279184,1.1
522.9560039895822,-122.0936094996221,-420.75118359465984,0.0,6.440847859300373,0.987596984103529,0.15701018116547047,-0.11737452801897862,10.86111111111111,301.5,31.385575299844998,1.1
523.4559619283867,-121.59783420263945,-420.687205918937,0.0,6.382243045558961,0.9950977927504131,0.09889581822936608,-0.116726875172554,10.833333333333334,301.5,31.431731754144653,1.1
523.9559198671913,-121.0991708822196,-420.6522366021402,0.0,6.324328500520874,0.9991537382076209,0.04113158671552921,-0.11453334702462198,10.822241902027883,301.5,31.478798583053994,1.1
524.4558778059959,-120.59932012558049,-420.6458438530234,0.0,6.267957270270402,0.9998840556865295,-0.01522744836987394,-0.1104550311402365,10.75,301.5,31.52665368054323,1.1
524.9558357448004,-120.09987150339607,-420.6670259580556,0.0,6.214178168105112,0.9976199520827221,-0.06895238361700984,-0.10405231873423561,10.722222222222223,301.5,31.574664236300155,1.1
525.455793683605,-119.60218873069306,-420.7141199934457,0.0,6.1642757805105495,0.9929385885071901,-0.11862950498652992,-0.09485350480440609,10.833333333333334,301.5,31.621650940794584,1.1
525.9557516224096,-119.10728228617155,-420.78471833382474,0.0,6.119750884942978,0.9866742961661994,-0.1627078156848495,-0.0824975263930008,10.777777777777777,301.6,31.667356265743766,1.1
526.4557095612141,-118.61568847305713,-420.875625139245,0.0,6.082224918108552,0.9798753260357456,-0.19961048425957345,-0.0668948338906849,10.833333333333334,301.6,31.71352756113007,1.1
526.9556675000188,-118.12738907905637,-420.98288245603516,0.0,6.053270399006583,0.9736857905043694,-0.22789467165750324,-0.04833328298644063,10.777777777777777,301.6,31.760119615974045,1.1
527.4556254388233,-117.64180633598694,-421.1018771314081,0.0,6.034215346483369,0.9691667434687519,-0.24640581030928332,-0.027482063120295424,10.916666666666666,301.6,31.80545912981523,1.1
527.9555833776278,-117.15789345783493,-421.2275150552664,0.0,6.025972040191746,0.9671026396356913,-0.2543864862953184,-0.005293273332898399,10.833333333333334,301.6,31.851509010237336,1.1
528.4555413164325,-116.67431352029386,-421.3544335283158,0.0,6.0289345305582165,0.9678520122362455,-0.25152034194126416,0.017155896952327505,10.75,301.6,31.898249761068417,1.1
528.955499255237,-116.18967246998078,-421.477221954642,0.0,6.0429539916843416,0.9712829645651453,-0.23792730559047362,0.0387998507614104,10.833333333333334,301.6,31.94425740067609,1.1
529.4554571940416,-115.7027602435291,-421.5906329495112,0.0,6.067385458876592,0.9768054361327058,-0.2141287928831489,0.05874348275423483,10.833333333333334,301.6,31.990426891676528,1.1
529.9554151328462,-115.21275359086466,-421.6897673854721,0.0,6.101197769944906,0.9834859218387747,-0.18098464450039825,0.07633372543267605,10.805555555555555,301.6,32.03696792631521,1.1
530.4553730716507,-114.71934927029588,-421.7702256466836,0.0,6.143109530460402,0.9902054192502696,-0.13961814956300586,0.09121246252513393,10.805555555555555,301.6,32.08344944567089,1.1
530.9553310104553,-114.22281553873727,-421.8282161872366,0.0,6.19173407338521,0.9958212494921471,-0.09132381430874938,0.10323927870029155,10.75,301.6,32.13009220746004,1.1
531.4552889492599,-113.72396956660263,-421.8606172385154,0.0,6.245702457083222,0.9992976002173077,-0.03747407370342551,0.11254956828932532,10.722222222222223,301.6,32.17783985295587,1.1
531.9552468880645,-113.22410102244011,-421.8649934782986,0.0,6.303752195841918,0.9997885090005365,0.020565438737941404,0.11948605516089085,10.75,301.6,32.22531517312203,1.1
532.455204826869,-112.72486707658975,-421.83957936894143,0.0,6.364763732621105,0.9966743252398631,0.08148797093843682,0.12435178266555937,10.388888888888888,301.6,32.27435603259592,1.1
532.9551627656735,-112.22817704825528,-421.7832401846783,0.0,6.427771806683792,0.9895655689678413,0.14408325618666637,0.12745397048925755,10.36111111111111,301.6,32.3237344783405,1.1
533.4551207044782,-111.73608038778828,-421.69541698770536,0.0,6.491960935374861,0.9782854140078775,0.20726227041947515,0.1290818073716327,10.222222222222221,301.6,32.372991977763654,1.1
533.9550786432827,-111.25066849267658,-421.57606067267193,0.0,6.556660898769952,0.962838027650495,0.27007949294625205,0.12952489266418934,10.189829605696588,301.6,32.422332268389845,1.1
534.4550365820872,-110.77399415753561,-421.4255538680911,0.0,6.6213517545871055,0.9433645465779505,0.33175794227083355,0.1290910208962173,9.944444444444443,301.6,32.47309568344822,1.1
534.9549945208919,-110.30801663813526,-421.24462126439835,0.0,6.685673997177478,0.9200890011397558,0.3917093692798865,0.12810998687969102,10.083333333333332,301.6,32.52344577556163,1.1
535.4549524596964,-109.85457445381036,-421.03423238778544,0.0,6.749437902638434,0.893259172188005,0.44954204620035276,0.126922642254113,10.222222222222221,301.6,32.57314254532445,1.1
535.954910398501,-109.41538815243227,-420.79550614795386,0.0,6.812619757816553,0.8630928365759037,0.5050453003952817,0.1258360705219168,10.277777777777777,301.6,32.62396193289035,1.1
536.4548683373056,-108.99208398104099,-420.5296309152897,0.0,6.875329557660887,0.8297457923701838,0.5581414874778401,0.12506947131852805,10.297746119975596,301.7,32.67456227936176,1.1
536.9548262761101,-108.58622701706472,-420.2378142378719,0.0,6.937755518120365,0.7933096648263412,0.6088183437554409,0.12470520269572355,10.145071355080978,301.7,32.72444513756583,1.1
537.4547842149148,-108.19934655524159,-419.92126952191643,0.0,7.000089576847507,0.7538434005303558,0.657054128270137,0.12468581699989532,10.292914946596833,301.7,32.77491012384503,1.1
537.9547421537193,-107.83294108541939,-419.5812342898959,0.0,7.062465776115543,0.7114193853285996,0.7027677128174554,0.12484513533432878,10.11111111111111,301.7,32.82525752034865,1.1
538.4547000925239,-107.4884593404546,-419.2190064505054,0.0,7.124918750691193,0.6661710268982574,0.7457990097347417,0.124967272044342,10.055555555555555,301.7,32.87489533646316,1.1
538.9546580313284,-107.16726126938,-418.8359810511299,0.0,7.18737431800795,0.6183231590215058,0.7859239600735339,0.12484117497837312,10.083333333333332,301.7,32.92572560845947,1.1
539.454615970133,-106.8705690215039,-418.4336742252535,0.0,7.249662767082001,0.5682017109561281,0.822889309486111,0.12430128013154923,10.195650053913976,301.7,32.97391319611819,1.1
539.9545739089376,-106.59941720949249,-418.0137280603344,0.0,7.3115373594421165,0.5162309292052851,0.8564494309250534,0.12320126895079499,10.11111111111111,301.7,33.024463448394194,1.1
540.4545318477421,-106.35460293162474,-417.5779001281805,0.0,7.372675825697346,0.4629370268263452,0.8863911716579671,0.12136113601709404,10.055555555555555,301.7,33.07424174434951,1.1
540.9544897865468,-106.13662994551332,-417.12804372152607,0.0,7.432650670334358,0.4089753797140487,0.9125454173835676,0.11850281394677122,10.128528307288073,301.7,33.125254038124744,1.1
541.4544477253513,-105.94563324638767,-416.66608314592514,0.0,7.490883203104298,0.3551723492818498,0.9348008356359185,0.11430496007242054,10.527777777777777,301.8,33.17535513230892,1.1
541.9544056641558,-105.78128516711918,-416.1939783747418,0.0,7.5466076351208535,0.30255675844785385,0.953131369705943,0.10837361423706399,10.499999999999998,301.7,33.22295042669891,1.1
542.4543636029605,-105.64269363232087,-415.71367299090286,0.0,7.598871989881497,0.2523515056823121,0.9676356326530509,0.1003808945398355,10.416666666666666,301.8,33.271060726843544,1.1
542.954321541765,-105.52832080645314,-415.2270220645459,0.0,7.646598335726614,0.20589997388304024,0.9785730431372833,0.09017890952435545,10.597098234399267,301.8,33.31899107287675,1.1
543.4542794805695,-105.4359540417635,-414.7357081444731,0.0,7.688697234036407,0.16453286166323994,0.986371602101817,0.07788479287614865,10.777777777777777,301.8,33.365888810315,1.1
543.9542374193742,-105.36275072683173,-414.24116474248785,0.0,7.7242024152439495,0.12941522116835733,0.9915904903386,0.06387322299603372,10.75,301.8,33.412136854736445,1.1
544.4541953581787,-105.30535411483129,-413.744529223049,0.0,7.752385003800288,0.10142194239654802,0.9948435000544112,0.048706156065336036,11.0,301.8,33.45761457993497,1.1
544.9541532969833,-105.26005813770307,-413.24663598809815,0.0,7.7728245711286945,0.08106800243613406,0.9967085727438161,0.03302916432913876,11.11111111111111,301.8,33.502272800005656,1.1
545.4541112357879,-105.22299095824299,-412.74805711440916,0.0,7.785422704498906,0.06850523386742004,0.9976507569950369,0.017469507809554446,11.305555555555555,301.8,33.54682735423285,1.1
545.9540691745924,-105.19028869693773,-412.2491703378481,0.0,7.790381394435206,0.06355737114984152,0.997978186421187,0.0025842383255467384,11.462509791823848,301.8,33.59130070501132,1.1
546.454027113397,-105.15824558268687,-411.75024027972574,0.0,7.7881558147869425,0.06577829185110282,0.9978342629520952,-0.011178803724713875,11.722222222222223,301.8,33.634494535703936,1.1
546.9539850522016,-105.12343292383082,-411.25149737170113,0.0,7.779396108778148,0.07451639120890932,0.9972197889338141,-0.0234935937473169,12.083333333333332,301.8,33.67605954405187,1.1
547.4539429910062,-105.08278534923546,-410.75319897630607,0.0,7.764883021935633,0.08898077300299892,0.996033343837338,-0.03416413926417941,12.083333333333332,301.8,33.71732988001761,1.1
547.9539009298107,-105.03365428745957,-410.2556687534094,0.0,7.745463101716087,0.10830566701235578,0.9941176401679073,-0.04312291102043065,12.083333333333332,301.8,33.758261134663606,1.1
548.4538588686153,-104.97382965784442,-409.7593146208775,0.0,7.7219854980513905,0.13161317535393993,0.9913011510501,-0.0504204185788121,12.36111111111111,301.8,33.798215464523054,1.1
548.9538168074199,-104.90153209826605,-409.2646268593668,0.0,7.695249425514023,0.15806648051636887,0.9874284722131362,-0.056201068703401615,12.5,301.8,33.8379239985625,1.1
549.4537747462244,-104.8153812134949,-408.77216557528897,0.0,7.665963960370491,0.18691187226363987,0.9823766853946101,-0.06066654796208549,12.583333333333332,301.8,33.87833342833714,1.1
549.9537326850291,-104.71434873545903,-408.2825433236873,0.0,7.634732086198847,0.2174971972868928,0.9760609454190585,-0.0640419190597914,12.805555555555555,301.8,33.91784165066039,1.1
550.4536906238336,-104.59770396326306,-407.79640583448173,0.0,7.602040624786824,0.24928415993706923,0.9684303834579281,-0.06654878217627183,12.86111111111111,301.8,33.95594090772465,1.1
550.9536485626381,-104.46495970552847,-407.3144171324804,0.0,7.568275889819267,0.28183465682270015,0.9594629884542868,-0.06837657317154545,12.944444444444445,301.8,33.99468857540167,1.1
551.4536065014428,-104.3158244950037,-406.83724655915216,0.0,7.533733696941567,0.3148019015581652,0.9491573962074801,-0.06969226162726727,13.027777777777777,301.8,34.03329712631555,1.1
551.9535644402473,-104.1501605590688,-406.36556051304535,0.0,7.498635546242173,0.34791485235971337,0.9375261359063644,-0.07062584249095509,13.11111111111111,301.8,34.07258158960814,1.1
552.4535223790518,-103.96795055224028,-405.9000165174836,0.0,7.463148002999654,0.38095931577087927,0.924591801676493,-0.07126548513311069,13.194444444444445,301.8,34.110493060410285,1.1
552.9534803178565,-103.7692743032789,-405.4412583392769,0.0,7.427403831920798,0.41375770670305867,0.9103870386510485,-0.07166125741788856,13.416666666666666,301.8,34.14850576947815,1.1
553.453438256661,-103.55429449764407,-404.9899105886203,0.0,7.3915187278487195,0.4461536514463552,0.8949563784347727,-0.07183052053969137,13.5,301.8,34.185468459824015,1.1
553.9533961954656,-103.32324947770516,-404.5465718248988,0.0,7.355605182379717,0.47800010960031525,0.8783597755032312,-0.07177749541468084,13.5,301.8,34.222454228313005,1.1
554.4533541342702,-103.07644859714574,-404.1118069204876,0.0,7.319772778403043,0.5091602832094105,0.8606717179053305,-0.07150781061746202,13.694444444444443,301.8,34.25887114284392,1.1
554.9533120730747,-102.814266963147,-403.6861400841196,0.0,7.2841291206397125,0.5395078736980158,0.8419805545366507,-0.07102282438339876,13.694444444444443,301.8,34.29570727631938,1.1
555.4532700118793,-102.53714052107046,-403.27004770902835,0.0,7.248783442292051,0.5689250781618953,0.8223893575664032,-0.07031301795695424,13.666666666666668,301.8,34.33263708296621,1.1
555.9532279506839,-102.24556350692691,-402.8639499661367,0.0,7.21385990604644,0.5972930743923224,0.8020230565781558,-0.06931507371197533,13.666666666666668,301.8,34.36898645553994,1.1
556.4531858894885,-101.94009539970891,-402.46819419036586,0.0,7.179535992996646,0.62446442878802,0.7810532486191014,-0.06787687404377185,13.805555555555555,301.8,34.40580506430807,1.1
556.953143828293,-101.62138305333866,-402.0830227045207,0.0,7.146092839962782,0.650231261403838,0.7597363402478348,-0.06573199486034723,13.86111111111111,301.8,34.442302577946286,1.1
557.4531017670976,-101.29019867383387,-401.70851860041546,0.0,7.113967448882326,0.6742983868048666,0.738458993819125,-0.06254106539156867,13.916666666666666,301.8,34.4779908569259,1.1
557.9530597059022,-100.94748417744056,-401.3445327655086,0.0,7.083775417484458,0.6962832688430871,0.7177670997818062,-0.057935680829150446,13.972222222222221,301.8,34.51399108344579,1.1
558.4530176447067,-100.59439109930571,-400.99060134637244,0.0,7.056301094554616,0.7157381789500357,0.6983687129255481,-0.051638748424935176,14.055555555555555,301.8,34.55005537300872,1.1
558.9529755835114,-100.23229952658711,-400.6458757529826,0.0,7.032425971697445,0.7322062503782003,0.6810829662435379,-0.043543369282490044,14.055555555555555,301.8,34.58573880506925,1.1
559.4529335223159,-99.8628081857785,-400.30908769253597,0.0,7.013025401218062,0.745281029247589,0.666750468648995,-0.03379089647345495,14.055555555555555,301.8,34.62083256317568,1.1
559.9528914611204,-99.48769354330584,-399.97856872813105,0.0,6.998837682164497,0.7546653721583272,0.6561098810909142,-0.02277737834755424,14.194444444444445,301.8,34.65559859730618,1.1
560.4528493999251,-99.10884551225503,-399.6523317501228,0.0,6.990350385930646,0.7602067235324003,0.6496812583845502,-0.011091970906668273,14.28266333625623,301.8,34.69035176021045,1.1
560.9528073387296,-98.7281907600222,-399.32820249938004,0.0,6.987724117157413,0.761910337491726,0.6476825129824366,0.0005627922677475609,14.36111111111111,301.8,34.72517635844787,1.1
561.4527652775341,-98.34761424739891,-399.00398147522407,0.0,6.9907687294589085,0.759934867068064,0.6499992290874228,0.011508539430602309,14.47494342964137,301.8,34.76019592693417,1.1
561.9527232163388,-97.96888774318859,-398.67760322800854,0.0,6.998983642118015,0.7545695983521091,0.656220025024181,0.02119083574466546,14.472222222222221,301.8,34.79471563496531,1.1
562.4526811551433,-97.59361228336562,-398.34726562520996,0.0,7.011645494323185,0.7462003729637257,0.6657214157504598,0.029280335486477405,14.5,301.8,34.82897670036886,1.1
562.9526390939479,-97.22318177094708,-398.0115073257841,0.0,7.0279280395784856,0.7352622982342161,0.6777826737202263,0.03568748451177474,14.6273804310401,301.8,34.86317139103489,1.1
563.4525970327525,-96.85877060967893,-397.6692284321909,0.0,7.047019131541256,0.722189486502371,0.6916952693097168,0.04054952499061147,14.75,301.8,34.896757573285385,1.1
563.952554971557,-96.50134655797036,-397.31966206106665,0.0,7.068212600349637,0.7073689774038657,0.7068444877104223,0.04413786683691045,14.777777777777779,301.8,34.9307497490702,1.1
564.4525129103616,-96.15170155289617,-396.9623169636975,0.0,7.090950767313633,0.6911151587802299,0.7227446556732036,0.04676499921774556,14.75,301.8,34.96482841351704,1.1
564.9524708491662,-95.81048982994487,-396.59691220732174,0.0,7.114824234646815,0.6736654382336249,0.7390364519626201,0.048706192877657116,14.916666666666668,301.9,34.998322023686434,1.1
565.4524287879708,-95.47826304473897,-396.2233207178245,0.0,7.139537273398551,0.6551977559389904,0.7554574115147135,0.0501398170134051,15.055555555555555,301.9,35.03113975349473,1.1
565.9523867267753,-95.15549230852912,-395.8415306738308,0.0,7.164857021882332,0.6358617989822144,0.7718029363737235,0.051142383923515146,15.166666666666666,301.9,35.064292067033854,1.1
566.4523446655799,-94.84257480102993,-395.4516245187184,0.0,7.190571825211074,0.6158070048987611,0.7878970317989638,0.05172629843710149,15.241659201543797,301.9,35.09739946251115,1.1
566.9523026043845,-94.53982827886357,-395.05376960884445,0.0,7.216459977642972,0.5952057404120934,0.8035733486001708,0.051834982883999334,15.222222222222221,301.9,35.1305804962319,1.1
567.452260543189,-94.24747619229942,-394.6482152804774,0.0,7.2422799191034795,0.574261437184058,0.8186719744582077,0.05144580022251874,15.11111111111111,301.9,35.163398738172766,1.1
567.9522184819937,-93.96563361344084,-394.23528773402614,0.0,7.267775756765228,0.5532043350025121,0.8330455952313944,0.05053194352089472,15.251976602480866,301.9,35.19614231537862,1.1
568.4521764207982,-93.69429625229057,-393.81538174359173,0.0,7.29269365470797,0.5322770040457737,0.8465702516413244,0.04912984394497324,15.371032166822543,301.9,35.22871431601122,1.1
568.9521343596027,-93.43334023295819,-393.38894561217427,0.0,7.316804353106642,0.5117128759130445,0.859156523937752,0.047304061739695695,15.416666666666666,301.9,35.26107396054357,1.1
569.4520922984074,-93.18253166719579,-392.95646224820916,0.0,7.339924757553879,0.4917138365199666,0.8707568564041375,0.045172655117782415,15.472222222222223,301.9,35.29354690625335,1.1
569.9520502372119,-92.94154742420702,-392.51842748685954,0.0,7.361931186911858,0.4724340743879565,0.8813660110063213,0.0428555739996405,15.555555555555555,301.9,35.32549877465337,1.1
570.4520081760164,-92.7100005493492,-392.0753305285582,0.0,7.382761531451367,0.4539737527325521,0.8910150570163916,0.04047500446477193,15.694444444444445,301.9,35.357421530022464,1.1
570.9519661148211,-92.48746675104425,-391.62763799985197,0.0,7.402405607631929,0.43638412168070556,0.8997604672049996,0.03811577562900366,15.61111111111111,301.9,35.38919118386452,1.1
571.4519240536256,-92.27350553153697,-391.17578465160346,0.0,7.420887779397576,0.4196810106589582,0.9076716638147714,0.03583037046113981,15.499999999999998,302.0,35.42113440974299,1.1
571.9518819924302,-92.06767458451314,-390.7201694208452,0.0,7.438251224243021,0.4038582326415216,0.9148215825655113,0.033641579243430836,15.653798007020834,302.0,35.4530734565055,1.1
572.4518399312348,-91.86953759017013,-390.26115513096227,0.0,7.454544962676642,0.3888994204528761,0.9212802183762642,0.03155135614753131,15.777777777777777,302.0,35.484683289805446,1.1
572.9517978700393,-91.67866751359374,-389.799071037857,0.0,7.469817342284003,0.37478447253940683,0.9271119668860707,0.029557439086285154,15.88888888888889,302.0,35.5161519453431,1.1
573.4517558088439,-91.49464854145124,-389.3342154302147,0.0,7.4841185126226275,0.3614878128710951,0.9323768343034227,0.027669506539165552,16.0,302.0,35.54697933098576,1.1
573.9517137476485,-91.31708010701237,-388.866857314688,0.0,7.4975062423787096,0.3489733821694318,0.9371326365767162,0.025907234629509356,16.083333333333332,302.0,35.57784701355912,1.1
574.4516716864531,-91.14558278143531,-388.39723692414424,0.0,7.510048915133706,0.3371920927204477,0.941435867495394,0.024294981489193936,16.02777777777778,302.0,35.60871213901901,1.1
574.9516296252576,-90.9798057927242,-387.925566440491,0.0,7.521829907513192,0.3260779010206864,0.9453429020550921,0.022862431807244267,16.194444444444443,302.0,35.63985309306416,1.1
575.4515875640622,-90.81943456116896,-387.45203031674197,0.0,7.532941216693673,0.31555399111635235,0.9489076238973639,0.021617015779691783,16.36111111111111,302.0,35.67032559405442,1.1
575.9515455028668,-90.66419409542034,-386.97678715844205,0.0,7.54347659872688,0.3055395595390472,0.9521793830768891,0.020556323360430322,16.22222222222222,302.0,35.70083135767027,1.1
576.4515034416713,-90.51384928381717,-386.4999724278229,0.0,7.553523900508415,0.29595746516981314,0.9552011195608278,0.019659130896498032,16.305555555555557,302.0,35.73083818063759,1.1
576.951461380476,-90.36820075463936,-386.0217021065899,0.0,7.56315615824954,0.2867431346474414,0.9580075024406434,0.018890894143244446,16.63888888888889,302.0,35.76161308797189,1.1
577.4514193192805,-90.22707771320395,-385.5420767999485,0.0,7.572429950197003,0.27784656940478225,0.9606254649289667,0.018220686038145632,16.67870283966763,302.0,35.79113339554393,1.1
577.951377258085,-90.09033109760345,-385.0611852943439,0.0,7.5813878389384275,0.2692303607989448,0.9630758084512714,0.01762615518493784,16.67554946213398,302.0,35.820639561273644,1.1
578.4513351968897,-89.9578288461432,-384.57910693936043,0.0,7.590066370396815,0.26086224328003815,0.9653760355586346,0.017106603134293165,16.754189419357893,302.0,35.85030163819377,1.1
578.9512931356942,-89.82945609918643,-384.09591244993834,0.0,7.598508028539642,0.2527036709235923,0.967543722372142,0.01668579851365138,16.77777777777778,302.0,35.88012286045321,1.1
579.4512510744987,-89.70512110598335,-383.6116631847603,0.0,7.606772150593916,0.24469923328340523,0.9695990332248241,0.016404593413385987,16.695283168594802,302.0,35.90993961186117,1.1
579.9512090133034,-89.58476512165066,-383.1264096309862,0.0,7.614939806804432,0.23677180779653878,0.9715652891251102,0.0163103715633817,16.84912252389627,302.0,35.93913682172053,1.1
580.4511669521079,-89.46837434295968,-382.64018976896455,0.0,7.623117996962904,0.22881833274564742,0.9734691420890044,0.016450454260654973,17.027777777777775,302.0,35.96833766210375,1.1
580.9511248909125,-89.35599094865074,-382.15302810322567,0.0,7.631428417756491,0.22072058625884367,0.9753370816295013,0.016842142960164477,17.083333333333332,302.0,35.997604936445065,1.1
581.451082829717,-89.24771831381805,-381.6649364605736,0.0,7.63999954031832,0.21235284747489336,0.9771930557312125,0.017488855999768623,17.166666666666664,302.0,36.026941929804735,1.1
581.9510407685216,-89.14372170971662,-381.17591604061573,0.0,7.648951964355264,0.20359620818177762,0.9790549443284592,0.01835969145240822,17.27777777777778,302.0,36.05558620149314,1.1
582.4509987073262,-89.04422156614586,-380.68596114691985,0.0,7.658386392402366,0.19435046095812797,0.980932157860758,0.019404640179688668,17.25,302.0,36.08432848842779,1.1
582.9509566461307,-88.94948149220103,-380.1950638032391,0.0,7.668373053223395,0.18454469550860886,0.9828241222923025,0.020556826333225087,17.123250293485096,302.0,36.11312597886907,1.1
583.4509145849354,-88.85979259154615,-379.70321878427524,0.0,7.678949669285599,0.1741396139820961,0.9847209730894161,0.021753855322843917,17.3327905445323,302.0,36.141960919206326,1.1
583.9508725237399,-88.77545828174559,-379.2104276900854,0.0,7.690125055491153,0.16312433189152437,0.9866055201269369,0.022946854092644464,17.52777777777778,302.0,36.17147706397179,1.1
584.4508304625444,-88.69678256267797,-378.71670187959205,0.0,7.701890852523796,0.15150510857181937,0.9884564745483947,0.024114518576572486,17.52777777777778,302.0,36.19912061295106,1.1
584.9507884013491,-88.62406447571072,-378.2220638024306,0.0,7.71423372409383,0.13929348654427304,0.9902511421888593,0.02526182417120906,17.555555555555557,302.0,36.22749582000689,1.1
585.4507463401536,-88.55759933438392,-377.7265470732164,0.0,7.7271517019142735,0.12649017794717524,0.9919678598033769,0.02642302474897861,17.61111111111111,302.0,36.255920798204095,1.1
585.9507042789583,-88.49768649685444,-377.23019580437654,0.0,7.740661536792638,0.11307772056911464,0.9935861457925494,0.027639130922645572,17.63888888888889,302.0,36.28367936881633,1.1
586.4506622177628,-88.44463935078176,-376.73306426142227,0.0,7.7548018560433025,0.09901725878123518,0.9950857161387907,0.02895135762067938,17.63888888888889,302.0,36.31162909705046,1.1
586.9506201565673,-88.39879502544174,-376.2352172430241,0.0,7.769627425134644,0.08425420550014413,0.9964442929012838,0.030382277655096903,17.61111111111111,302.0,36.34009541165089,1.1
587.450578095372,-88.3605197764881,-375.7367316429099,0.0,7.785198466034738,0.06872894381674907,0.9976353704043548,0.03192470712718133,17.5927551402301,302.0,36.36867837009657,1.1
587.9505360341765,-88.33020662920677,-375.2376990982405,0.0,7.8015600678118675,0.052397560204022496,0.9986263043224256,0.03353207356732723,17.694444444444446,302.0,36.396692584561656,1.1
588.450493972981,-88.30826380794508,-374.73822906234216,0.0,7.8187291906801395,0.03524514217526041,0.9993786969677939,0.03513328702658391,17.814869237734722,302.0,36.4246705851169,1.1
588.9504519117856,-88.29509623863221,-374.2384512611555,0.0,7.836678571829726,0.01730219874653317,0.9998503057550843,0.036632695234075995,17.944444444444443,302.0,36.45257802575187,1.1
589.4504098505902,-88.29108152956836,-373.7385166829007,0.0,7.855334325923808,-0.0013526915368044891,0.9999990851123847,0.037936345746025814,17.94073231363115,302.0,36.480267273418555,1.1
589.9503677893948,-88.29654566279304,-373.23859631131097,0.0,7.874575389698279,-0.020592300109838448,0.9997879561067868,0.03896255321387654,17.805555555555554,302.0,36.50849544629302,1.1
590.4503257281993,-88.31174250891543,-372.7388774622851,0.0,7.894251672533832,-0.040259155282631166,0.999189271567669,0.039672344279757146,17.839817489292408,302.0,36.53646685922905,1.1
590.9502836670039,-88.33684337274646,-372.2395583431713,0.0,7.914201576961729,-0.060183552235921714,0.9981873271286638,0.04006404698939095,17.944444444444443,302.0,36.56402804848016,1.1
591.4502416058085,-88.37193655568849,-371.74084198499895,0.0,7.934275085317076,-0.08020720332311287,0.9967782123095813,0.04018204986955737,17.833333333333332,302.0,36.59198456272068,1.1
591.950199544613,-88.41703826204233,-371.24293097592374,0.0,7.954352681373155,-0.10020260347320982,0.9949670538551468,0.0401001258716943,17.72222222222222,302.0,36.6199438254891,1.1
592.4501574834177,-88.47211102316467,-370.7460239592856,0.0,7.974355861612754,-0.12008373532867027,0.9927637667187063,0.03990518047722452,17.666666666666668,302.0,36.64782632712897,1.1
592.9501154222222,-88.53708547344552,-370.25031435926405,0.0,7.994250032532934,-0.1398088821607953,0.9901785073757907,0.03968220965983294,17.666666666666668,302.0,36.6762063207066,1.1
593.4500733610267,-88.61188155768464,-369.7559912560133,0.0,8.014039911280067,-0.15937573928974555,0.9872179970633878,0.039501654414958336,17.75,301.9,36.70394084115155,1.1
593.9500312998314,-88.69642599725765,-369.26324174300976,0.0,8.033760230816313,-0.17881174293891713,0.9838833063870668,0.03941077144020518,17.694444444444446,301.9,36.73226255430619,1.1
594.4499892386359,-88.79066380228603,-368.7722538672686,0.0,8.053462028718144,-0.19816005625323968,0.9801696751612513,0.039426754338938615,17.555555555555557,301.9,36.759869318156625,1.1
594.9499471774405,-88.89456219566664,-368.28321913669174,0.0,8.07319662668308,-0.2174634693056444,0.9760684604665562,0.03953220066639824,17.52777777777778,301.9,36.78865624257559,1.1
595.4499051162451,-89.00810597944658,-367.79633352142866,0.0,8.09299765764683,-0.2367467379350101,0.9715713983424644,0.03967575519643598,17.52777777777778,301.9,36.816793643654044,1.1
595.9498630550496,-89.13128470557604,-367.3117958766379,0.0,8.112865113060439,-0.2560013972539,0.9666764115276895,0.03977134492975963,17.47222222222222,301.9,36.84534165525263,1.1
596.4498209938542,-89.26407173004415,-366.8298028215735,0.0,8.132746995835463,-0.2751688825389527,0.9613959049643721,0.039703624363619225,17.411624844317608,301.9,36.874363011209134,1.1
596.9497789326588,-89.406397008108,-366.3505394993057,0.0,8.152530233593813,-0.2941333201382515,0.9557644008773547,0.0393442267004692,17.36111111111111,301.9,36.902633856644826,1.1
597.4497368714633,-89.5581174191468,-365.8741668052972,0.0,8.172034613620683,-0.31271778486111884,0.9498460859694875,0.038552774945599784,17.203537614507713,301.9,36.93134529175545,1.1
597.9496948102679,-89.71898559023232,-365.4008045162016,0.0,8.191008524647946,-0.33068270967310387,0.9437419909717134,0.03719136894702241,16.96587207488635,301.9,36.96045721060818,1.1
598.4496527490725,-89.888620460523,-364.9305119834735,0.0,8.209134660215003,-0.3477338456825782,0.9375932873942757,0.03512935458728428,16.777180190521257,301.9,36.99004302628247,1.1
598.9496106878771,-90.06648063962126,-364.4632671360664,0.0,8.22602997914236,-0.3635244002248576,0.9315846770107147,0.032237421330209355,16.575258139334338,301.9,37.02058141396793,1.1
599.4495686266816,-90.25183908435186,-363.9989446658782,0.0,8.241249056409512,-0.37765961309308743,0.9259444997613947,0.02839686772252676,16.36111111111111,301.9,37.05100329077184,1.1
599.9495265654862,-90.4437607280084,-363.53729495209956,0.0,8.254291049766474,-0.38970331447994205,0.9209404577296773,0.02350685515067155,16.11111111111111,301.9,37.08187967124794,1.1
600.4494845042908,-90.6410839558517,-363.0779266541282,0.0,8.26461291173155,-0.3991882064967374,0.916869006889162,0.01750906180494537,15.805555555555555,301.9,37.11208749737255,1.1
600.9494424430953,-90.84241029177316,-362.6202972969398,0.0,8.271658669382782,-0.40563828151901604,0.9140336889668234,0.010413046812413354,15.546350128777307,301.9,37.144662790728034,1.1
601.4494003819,-91.04610674365497,-362.16371709153753,0.0,8.27489887636304,-0.40859780529143425,0.912714541086655,0.002325533638404629,15.258477854119997,301.9,37.17738959450336,1.1
601.9493583207045,-91.2503261729253,-361.7073703731936,0.0,8.273885233374088,-0.4076724288429719,0.9131282444220373,-0.006540926836609306,14.97437679514714,301.9,37.20984487074941,1.1
602.449316259509,-91.45304719278082,-361.25035670613835,0.0,8.268298681201491,-0.40256485517669405,0.9153914667379018,-0.01588682056766938,14.761346828495839,301.8,37.2431830283483,1.1
602.9492741983137,-91.65213037222661,-360.7917483340651,0.0,8.257987077409881,-0.39310446632844753,0.9194938164841711,-0.025352704700747977,14.63888888888889,301.8,37.276795868622855,1.1
603.4492321371182,-91.84538678297429,-360.33065704379067,0.0,8.242983064375977,-0.3792646396573375,0.9252882432548195,-0.03457650380525435,14.583333333333332,301.8,37.310693845547355,1.1
603.9491900759228,-92.03064959737048,-359.8662997214806,0.0,8.223491946195686,-0.3611588393196006,0.9325043124733091,-0.04323356959016628,14.444444444444445,301.8,37.345149718314865,1.1
604.4491480147274,-92.20584147812473,-359.3980539254844,0.0,8.199864651593451,-0.33902753149586407,0.9407764521329288,-0.05107896388591648,14.307253698740581,301.8,37.379877733690684,1.1
604.9491059535319,-92.36903066911682,-358.92549535687135,0.0,8.172550330057918,-0.31320759449303426,0.9496846859626026,-0.05796068711406996,14.277777777777777,301.8,37.414374851123945,1.1
605.4490638923365,-92.51847202302254,-358.4484147617857,0.0,8.142052734524624,-0.28410333820236017,0.9587936656143883,-0.06380981146298167,14.36111111111111,301.8,37.450444486673995,1.1
605.9490218311411,-92.65263334282908,-357.9668177096569,0.0,8.108891830833072,-0.25215850841358367,0.9676859442167364,-0.06862576135022079,14.277777777777777,301.8,37.48550054645548,1.1
606.4489797699456,-92.7702090034591,-357.4809083428708,0.0,8.07357346888776,-0.2178312776465012,0.9759864417495219,-0.07246163966333978,14.083333333333334,301.8,37.5212577352224,1.1
606.9489377087502,-92.87012112787895,-356.9910645429545,0.0,8.036565225359379,-0.1815708231809158,0.9833778704899784,-0.07541545803395998,14.0,301.8,37.556751952757274,1.1
607.4488956475548,-92.9515094310029,-356.497806673181,0.0,7.998277270109801,-0.1437954217207703,0.98960743564918,-0.07761326626077326,13.86111111111111,301.8,37.59311381148235,1.1
607.9488535863594,-93.01371150512527,-356.0017655692451,0.0,7.959049848400501,-0.10487500732433229,0.9944854110738484,-0.0792099933159389,13.753783258185596,301.8,37.629727605410636,1.1
608.4488115251639,-93.05623394515044,-355.50365253215534,0.0,7.919142099705468,-0.06511436486429566,0.9978778078944933,-0.08036852298471794,13.722222222222221,301.8,37.66594252556963,1.1
608.9487694639685,-93.07871842809082,-355.00423449202117,0.0,7.878733168704744,-0.02474900751727473,0.999693696402508,-0.08124419265590258,13.532776420032695,301.8,37.70364009775765,1.1
609.4487274027731,-93.08090784565631,-354.5043160251023,0.0,7.8379317131433694,0.016049231763498397,0.9998712027855395,-0.08195947329417713,13.36111111111111,301.8,37.7415674511347,1.1
609.9486853415776,-93.06261873795137,-354.004727985563,0.0,7.796796412415356,0.05715405928359679,0.9983653707473067,-0.08259200214887284,13.277777777777777,301.8,37.780049757764004,1.1
610.4486432803823,-93.02372398640993,-353.5063211426792,0.0,7.7553592728761265,0.09846256589868066,0.9951407554294257,-0.0831720375956508,13.338384957806914,301.8,37.8176362830379,1.1
610.9486012191868,-92.96414724841621,-353.00996208847766,0.0,7.713651630831084,0.13986988143143253,0.990169892628713,-0.08367290363874245,13.083333333333334,301.8,37.85598178678086,1.1
611.4485591579913,-92.88386975906842,-352.5165283485367,0.0,7.671724988838988,0.18124930177574172,0.9834371818300375,-0.08404672238732501,13.11111111111111,301.8,37.894511514599074,1.1
611.948517096796,-92.78294278365873,-352.0269011406747,0.0,7.629658176916614,0.22244682104984265,0.9749448250054047,-0.0842334778892212,13.194444444444445,301.8,37.93283913193779,1.1
612.4484750356005,-92.66150136461489,-351.54195474759484,0.0,7.587558437060347,0.26328251910777534,0.9647187751527716,-0.08418146744130345,13.146338443359625,301.8,37.971463632078105,1.1
612.9484329744051,-92.5197747372669,-351.0625439242561,0.0,7.545552634455859,0.3035621441133712,0.9528116417536536,-0.08386378775779436,13.02158288717005,301.8,38.01044603212375,1.1
613.4483909132097,-92.3580904365782,-350.58949026384704,0.0,7.503779865605239,0.3430873361747829,0.9393035077952661,-0.08325084760247728,13.11111111111111,301.8,38.0487530963674,1.1
613.9483488520142,-92.17687543615672,-350.123568191593,0.0,7.462391102926352,0.3816590301811648,0.924303188721738,-0.08231919772176817,13.093379917122938,301.8,38.08727664596715,1.1
614.4483067908188,-91.97665771261886,-349.66548953069145,0.0,7.421561729007138,0.4190691904305799,0.9079543015107414,-0.08099592299480336,13.052435869045443,301.8,38.12577538257127,1.1
614.9482647296234,-91.75807591210275,-349.2158824541257,0.0,7.381520313726133,0.45507934642999376,0.8904508905340315,-0.07913856142940658,13.25,301.8,38.164279230328454,1.1
615.4482226684279,-91.52190167425707,-348.7752600695841,0.0,7.34259126998896,0.48939020717337733,0.8720649202455049,-0.0765060856944445,13.069914059114438,301.8,38.20296618774376,1.1
615.9481806072325,-91.26907639362274,-348.3439733856573,0.0,7.305232370244999,0.521620537036885,0.8531775989448807,-0.07280699991500507,13.181828178254085,301.8,38.24109162883429,1.1
616.4481385460371,-91.00075322457012,-347.92215017203563,0.0,7.270053966889787,0.551305048103563,0.8343037480052022,-0.06773650688353765,13.291299665837132,301.8,38.27902642405973,1.1
616.9480964848417,-90.71833313966653,-347.5096273002149,0.0,7.237796568525784,0.5779260469156855,0.8160891399206394,-0.06108913599768086,13.11111111111111,301.8,38.31721926529822,1.1
617.4480544236462,-90.4234776285682,-347.1058932531666,0.0,7.209269384225051,0.6009684724693705,0.7992727288590744,-0.052815399147974645,13.11111111111111,301.8,38.355914416535015,1.1
617.9480123624508,-90.1180900096998,-346.7100594879848,0.0,7.185248235602007,0.6199926993867841,0.784607578797891,-0.04309819447277396,13.277777777777777,301.8,38.39346555005161,1.1
618.4479703012554,-89.80426201689714,-346.32087774245707,0.0,7.166371045922742,0.634692542445575,0.7727647614662381,-0.03230671337945472,13.36111111111111,301.8,38.43112754250668,1.1
618.9479282400599,-89.48419750150245,-345.93680353068294,0.0,7.153051724537992,0.6449286425649063,0.7642427925727447,-0.02095381284452209,13.262548208975272,301.8,38.46890347104622,1.1
619.4478861788646,-89.16012719119658,-345.5560999860886,0.0,7.145432886264248,0.6507325105746056,0.7593070523057658,-0.009594749664302658,13.495010631821025,301.8,38.505640765491115,1.1
619.9478441176691,-88.83422778187887,-345.1769596360089,0.0,7.143388425883453,0.6522835227071262,0.757975069514019,0.0012649144639021361,13.666666666666668,301.8,38.54214499013163,1.1
620.4478020564736,-88.50855674142709,-344.79762320458565,0.0,7.146564834993505,0.6498725972108618,0.7600431615338757,0.011232163506926808,13.767937422633432,301.8,38.5787085055704,1.1
620.9477599952783,-88.1850068984108,-344.41647732598557,0.0,7.154447816086122,0.643861061502119,0.765142426925448,0.020057943975774144,13.722222222222221,301.8,38.61525445016071,1.1
621.4477179340828,-87.86528032322337,-344.0321209098151,0.0,7.166431780130447,0.6346456080194967,0.772803307589689,0.027622996216504804,13.933718308297633,301.8,38.65122771819743,1.1
621.9476758728874,-87.55087715513095,-343.6434004115919,0.0,7.181878256955107,0.6226332846191804,0.7825137653002218,0.03391410632549819,14.119913837369792,301.8,38.68663379629063,1.1
622.447633811692,-87.24309596380347,-343.24941853208156,0.0,7.200164745448852,0.6082205531087262,0.7937680761885774,0.038996692928068295,14.245490098633166,301.8,38.72232471289841,1.1
622.9475917504965,-86.943041575668,-342.84952291796344,0.0,7.220710332333331,0.5917849026035034,0.806095918021275,0.042977367509681695,14.166666666666666,301.8,38.75715469211787,1.1
623.4475496893011,-86.65163754726231,-342.443282462847,0.0,7.243000178851386,0.573671631809125,0.8190853794675227,0.04599853090986653,14.249999999999998,301.9,38.79229665471721,1.1
623.9475076281057,-86.3696430410343,-342.0304562766777,0.0,7.266587459032992,0.5541938503847481,0.8323876357777832,0.048196475270807025,14.388888888888888,301.9,38.827415381843394,1.1
624.4474655669102,-86.0976694679845,-341.61096160294835,0.0,7.291096310666496,0.5336285883635017,0.8457189424869095,0.0497103576200704,14.561679140768167,301.9,38.86244089813531,1.1
624.9474235057148,-85.83619831115806,-341.18484234726424,0.0,7.316214477454925,0.5122195823720538,0.8588545275159227,0.050653292164889424,14.61111111111111,301.9,38.896716110294754,1.1
625.4473814445194,-85.58559580615028,-340.75224227353004,0.0,7.341679299798221,0.49018530076442435,0.8716182483831387,0.051115588415854195,14.61111111111111,301.9,38.930454341971924,1.1
625.947339383324,-85.34612486813732,-340.31338245762123,0.0,7.36727122977994,0.4677208285126182,0.8838762507135657,0.051176831965096634,14.583333333333332,301.9,38.96440924029374,1.1
626.4472973221285,-85.11795610576638,-339.8685416493108,0.0,7.392806862201495,0.44500045756074946,0.8955303416248517,0.0509058263946972,14.583333333333332,301.9,38.99871398349477,1.1
626.947255260933,-84.90117846634463,-339.41803969639454,0.0,7.418136757501541,0.42217644403346094,0.9065136789388575,0.050366330514901275,14.694444444444443,301.9,39.03282606010254,1.1
627.4472131997377,-84.69580994068545,-338.96222321789344,0.0,7.443140221996661,0.39938086323626154,0.9167851035442595,0.04961075323840814,14.916666666666668,301.9,39.06666519045717,1.1
627.9471711385422,-84.50180708636618,-338.5014540303414,0.0,7.4677199541096,0.37672816044432916,0.9263238597424941,0.04867573247562039,15.0,301.9,39.099707563295944,1.1
628.4471290773469,-84.31907192670532,-338.0361007382797,0.0,7.491790997980898,0.35432359564191956,0.9351228740499195,0.047577453132551864,15.027777777777779,301.9,39.13294601007299,1.2
628.9470870161514,-84.14745490636196,-337.5665328088155,0.0,7.515273577429751,0.33226882844499156,0.9431847250903679,0.04632025916845565,14.951169084498694,301.9,39.166484174083905,1.2
629.4470449549559,-83.98675564277865,-337.09311662863047,0.0,7.5380884429887836,0.31066559028531077,0.9505192744035649,0.04490836334024454,15.266535660979288,301.9,39.19919056759051,1.2
629.9470028937606,-83.83672398030744,-336.6162117503017,0.0,7.56016236650159,0.289609920310248,0.9571447612863436,0.04336330329786172,15.36111111111111,301.9,39.23211263586113,1.2
630.4469608325651,-83.69706513497201,-336.13616600715875,0.0,7.5814373750601405,0.26918265342817566,0.9630891438975764,0.0417222541323779,15.277777777777777,301.9,39.26501848097865,1.2
630.9469187713697,-83.5674490789971,-335.6533110155896,0.0,7.601876289480948,0.24944330387354186,0.968389404192679,0.040029872583848845,15.36111111111111,301.9,39.29696420697099,1.2
631.4468767101743,-83.44752193831596,-335.1679580902377,0.0,7.621463937646112,0.23042819470214715,0.9730893315036957,0.038324513268205525,15.492067504584204,301.9,39.32942886033006,1.2
631.9468346489788,-83.33691617066754,-334.6803957902626,0.0,7.640199471206,0.21215747215700553,0.9772354920938706,0.036622266888026556,15.638888888888888,301.9,39.36159736000838,1.2
632.4467925877834,-83.23525556137413,-334.19088950122404,0.0,7.6580831467680195,0.1946479154119987,0.980873176830605,0.03491160411641075,15.583333333333334,301.9,39.393247920670895,1.2
632.946750526588,-83.14215362955481,-333.69968288536535,0.0,7.67510363978516,0.1779255826274415,0.984043945688751,0.03316062208794389,15.555555555555555,301.9,39.42549241295115,1.1
633.4467084653925,-83.05720693739339,-333.2069998447864,0.0,7.691231473085923,0.16203263456255199,0.9867853998396604,0.03133317890598717,15.61111111111111,301.9,39.4570927498844,1.1
633.9466664041971,-82.97998723312334,-332.7130461593228,0.0,7.706421810770823,0.1470249137151123,0.9891327892386663,0.029408385846213907,15.788924624571795,301.9,39.48880257296917,1.1
634.4466243430016,-82.9100370843253,-332.2180101050057,0.0,7.720625446829022,0.13296127355550388,0.9911212336210432,0.027390010804307967,15.972222222222221,301.9,39.52053685488912,1.1
634.9465822818063,-82.84687148148224,-331.72206211098506,0.0,7.733801575771257,0.11989096868648044,0.9927870645951313,0.025308018212247565,15.972222222222221,301.9,39.551697391482534,1.1
635.4465402206108,-82.78998583932892,-331.22535405231093,0.0,7.745930194677597,0.10784130986176577,0.9941681205345998,0.02321343670888875,15.972222222222221,301.9,39.582865352495126,1.1
635.9464981594153,-82.73886911946835,-330.72801867627084,0.0,7.757019371316028,0.09681039936414013,0.9953028416391444,0.021162821859994574,15.972222222222221,301.9,39.61337538441995,1.1
636.44645609822,-82.69301845685575,-330.2301697868944,0.0,7.767104633125425,0.08676775641643987,0.9962285663674062,0.019209404250473985,16.166929308697558,301.9,39.64401891022622,1.2
636.9464140370245,-82.65195267106785,-329.7319030107677,0.0,7.77624413427918,0.07765922719114063,0.9969799619009776,0.017382579679945206,16.38888888888889,301.9,39.67466664056336,1.2
637.4463719758292,-82.61522030143357,-329.2332977107981,0.0,7.784504167558407,0.06942158391329957,0.9975874115519746,0.015692825004307305,16.555555555555557,301.9,39.705232526338186,1.2
637.9463299146337,-82.58240246252238,-328.73441918858106,0.0,7.791952030999455,0.06198983236958887,0.9980767809556489,0.014127525293153293,16.5,301.9,39.73521942161693,1.2
638.4462878534382,-82.55311021912121,-328.2353210145444,0.0,7.7986428963462595,0.05531049728345316,0.9984692027750566,0.012656975315650684,16.333333333333332,301.9,39.76581961206479,1.2
638.9462457922428,-82.52697757072315,-327.7360472393186,0.0,7.804616126010197,0.049345460166999255,0.9987817707391876,0.011249454317168487,16.38888888888889,301.9,39.795859174846015,1.2
639.4462037310474,-82.50365375959983,-327.2366342128002,0.0,7.809895674264262,0.044071680392937185,0.9990283714626641,0.009875504639146212,16.52777777777778,301.9,39.82582321677739,1.2
639.946161669852,-82.48279618996607,-326.73711198949667,0.0,7.814492780084024,0.03947859173768857,0.9992204165220049,0.008516443903545359,16.83103239235496,301.9,39.85583433224956,1.2
640.4461196086565,-82.46406580923417,-326.2375053533717,0.0,7.818412385779671,0.03556174846989234,0.9993674809827284,0.007164066156194019,16.86342909490299,301.9,39.88583310516699,1.2
640.9460775474611,-82.4471250942315,-325.7378347249276,0.0,7.821657009318926,0.03231899571668645,0.9994776048095649,0.005816242203145763,16.805555555555554,301.9,39.915169372546735,1.2
641.4460354862657,-82.4316376544151,-325.23811685512266,0.0,7.824230129315792,0.029747115752150204,0.9995574566298969,0.004480489161570572,16.89663180461915,301.9,39.94455748993258,1.2
641.9459934250702,-82.41726988468281,-324.7383654752033,0.0,7.82613939261468,0.027838644326171016,0.9996124298357244,0.003160520725872286,16.97222222222222,301.9,39.97393863864259,1.2
642.4459513638748,-82.40369220658373,-324.23859196122675,0.0,7.827394180654204,0.026584321018329325,0.9996465744831993,0.0018655826597893184,17.027777777777775,301.9,40.002929378298425,1.2
642.9459093026794,-82.3905812242457,-323.73880596156476,0.0,7.828010104299722,0.025968610052333585,0.9996627587801548,0.0006070719213631301,17.13888888888889,301.9,40.031884985445984,1.2
643.4458672414839,-82.37762264215387,-323.23901598035184,0.0,7.828008109784105,0.025970603895265714,0.9996627069833681,-0.0006036035635260727,17.305555555555554,301.9,40.061257228015904,1.2
643.9458251802886,-82.36451422851896,-322.73922991552985,0.0,7.827416157898671,0.026562351534762132,0.999647158491907,-0.0017483311301383087,17.36111111111111,301.9,40.089948726767794,1.2
644.4457831190931,-82.3509700352068,-322.23945549284304,0.0,7.826270527568611,0.027707559957249207,0.9996160718601994,-0.0028177628008405446,17.416666666666668,301.9,40.11864271324621,1.2
644.9457410578976,-82.33672288129337,-321.7397006485287,0.0,7.824609383388206,0.02936802738588063,0.9995686664594194,-0.0038105597955772207,17.36111111111111,301.9,40.14695993698089,1.2
645.4456989967023,-82.32152456344426,-321.2399738673756,0.0,7.822469348967672,0.0315070698559796,0.9995035290328346,-0.004736820408122526,17.38888888888889,301.9,40.175462235085874,1.2
645.9456569355068,-82.30514347813248,-320.74028450715156,0.0,7.819879532629541,0.03409549187063851,0.9994185796922624,-0.005613861425857678,17.564748687621222,301.9,40.20466190550873,1.2
646.4456148743114,-82.2873603245592,-320.24064311594674,0.0,7.816859572316708,0.03711353625141031,0.9993110553911205,-0.006462196275110861,17.63888888888889,301.9,40.232666438273014,1.2
646.945572813116,-82.26796329792467,-319.74106183231595,0.0,7.813420699336769,0.04054981381580037,0.9991775180614824,-0.007290165251707348,17.63888888888889,301.9,40.26095257379924,1.2
647.4455307519205,-82.24674605480632,-319.2415546066627,0.0,7.809574748438642,0.0443922921228174,0.9990141762758337,-0.008087233772997832,17.75,301.9,40.289276516818575,1.2
647.9454886907251,-82.22351026271009,-318.74213727657457,0.0,7.80534253825682,0.048619919901661576,0.9988173523666657,-0.008829790612738333,17.88888888888889,301.9,40.31729187333373,1.2
648.4454466295297,-82.19807159339429,-318.24282737570365,0.0,7.800760024593013,0.05319648755270508,0.998584064419243,-0.009479809447601305,17.86111111111111,301.9,40.34495272544036,1.2
648.9454045683342,-82.17026884604483,-317.74364359435015,0.0,7.795882791308301,0.05806616297862524,0.9983127369301364,-0.010002619767438381,17.86111111111111,301.9,40.37259072785591,1.2
649.4453625071388,-82.13997252847442,-317.2446049959937,0.0,7.790780485572987,0.06315908184900515,0.9980034721282239,-0.010377053442721619,17.97930948608781,301.9,40.40051028299832,1.2
649.9453204459434,-82.10708973671085,-316.74573018590155,0.0,7.7855266059726045,0.06840157611394361,0.9976578694047015,-0.010613745196106819,18.02777777777778,301.9,40.428327912360864,1.2
650.445278384748,-82.07156199874598,-316.2470367774227,0.0,7.780184341237527,0.07373032713462818,0.9972782153745366,-0.010735569660179977,17.97222222222222,301.9,40.4557337928581,1.2
650.9452363235525,-82.03335910241502,-315.74854115950257,0.0,7.774801220437041,0.07909770203606822,0.9968668685098394,-0.010788049969161578,18.11111111111111,301.9,40.483220264158454,1.2
651.4451942623571,-81.99246848068479,-315.250258818293,0.0,7.769400899532106,0.08447992348035495,0.9964251816010841,-0.01081119953540315,18.400811233357786,301.9,40.51085840880176,1.2
651.9451522011617,-81.94888514944931,-314.7522047822737,0.0,7.763990884037254,0.089869336568869,0.9959535643516074,-0.010831274222906345,18.38888888888889,301.9,40.537581611364715,1.2
652.4451101399662,-81.90260539552813,-314.25439406565357,0.0,7.758570317350193,0.09526662255249885,0.9954517922166998,-0.010853069758029332,18.305555555555557,301.8,40.56462040942875,1.2
652.9450680787709,-81.85362550335093,-313.75684176486675,0.0,7.753141323441562,0.10066949378153885,0.9949199229193115,-0.010861326496347806,18.36111111111111,301.8,40.59187571550918,1.2
653.4450260175754,-81.80194543603986,-313.2595626753193,0.0,7.7477172400884005,0.10606451503276103,0.9943592502968257,-0.010827935939483634,18.416666666666664,301.8,40.619295791248284,1.2
653.9449839563799,-81.74757546243822,-312.7625704833927,0.0,7.742325412058239,0.11142436139297808,0.9937729175662653,-0.010728525303405338,18.444444444444446,301.8,40.64622361471946,1.2
654.4449418951846,-81.69054185993933,-312.2658769003409,0.0,7.737000831213689,0.11671418112943363,0.9931655450745791,-0.010559573652415775,18.47222222222222,301.8,40.67337113194599,1.2
654.9448998339891,-81.63088803633698,-311.7694911755828,0.0,7.731776567563098,0.12190112345138442,0.992542249025849,-0.010329127581157707,18.555555555555554,301.8,40.7003272862731,1.2
655.4448577727937,-81.5686722152979,-311.2734200273724,0.0,7.726677691116922,0.12696036719543852,0.9919077906547561,-0.010063306753045731,18.638888888888886,301.8,40.72688292535173,1.2
655.9448157115983,-81.50396149261704,-310.7776681284794,0.0,7.721715508958484,0.13188081105234495,0.9912655807986958,-0.00978596072085164,18.694444444444443,301.8,40.75350137864698,1.2
656.4447736504028,-81.4368262409594,-310.28223870452234,0.0,7.716894060956588,0.1366585951177393,0.9906182051529469,-0.00950001582699215,18.75,301.8,40.77979558525943,1.2
656.9447315892074,-81.36733914595243,-309.78713363526373,0.0,7.7122200474673726,0.14128724836598,0.9899686426595389,-0.009194097928315931,18.785133013278823,301.8,40.80652957695607,1.2
657.444689528012,-81.29557828899095,-309.292352993168,0.0,7.707710816541205,0.14574979405161761,0.9893214834086598,-0.008835265399913172,18.805555555555557,301.8,40.83280218330955,1.2
657.9446474668165,-81.22163440345612,-308.7978938483803,0.0,7.703399602603165,0.15001360291564886,0.988683932781486,-0.008399076255166938,18.805555555555557,301.8,40.859111747322935,1.2
658.4446054056211,-81.14561673024937,-308.30374922983106,0.0,7.6993268504042796,0.15403901228558994,0.9880647664470583,-0.007881661259057956,18.86111111111111,301.8,40.885315312247506,1.2
658.9445633444257,-81.06765354989206,-307.8099077744352,0.0,7.695527000702161,0.1577923887865887,0.9874723095059537,-0.00731271024053457,18.97222222222222,301.8,40.91204960268539,1.2
659.4445212832303,-80.98788510608607,-307.3163546530905,0.0,7.692013013696104,0.16126137229232546,0.9869117335437836,-0.006746102901422674,18.97222222222222,301.8,40.9383328863798,1.2
659.9444792220348,-80.90645080607527,-306.82307361384886,0.0,7.688769328396823,0.1644617494059271,0.9863834614298549,-0.006238923799428039,18.97222222222222,301.8,40.96459327057211,1.2
660.4444371608394,-80.82347567786383,-306.3300493868529,0.0,7.685755680767127,0.16743361026069717,0.9858833532193699,-0.0058302489201157584,19.039537689945718,301.8,40.99084671367609,1.2
660.944395099644,-80.73906145946665,-305.8372695032082,0.0,7.682922318838727,0.1702262988090366,0.9854049965337991,-0.00551591816204002,19.11111111111111,301.8,41.017093457109354,1.2
661.4443530384485,-80.65328693393789,-305.3447245679137,0.0,7.680227843281106,0.17288082733574817,0.9849427493716105,-0.00527099851178841,19.194444444444443,301.8,41.042686646518185,1.2
661.9443109772532,-80.56621438559657,-304.852407425885,0.0,7.677649150348113,0.17542011462927976,0.9844936685339578,-0.005046153181558191,19.27777777777778,301.8,41.06865440444989,1.2
662.4442689160577,-80.47790074708473,-304.36031138631165,0.0,7.675186887163516,0.177843662932347,0.9840587541172559,-0.004800665109155701,19.365300775867453,301.8,41.09430165586246,1.2
662.9442268548622,-80.38840728618251,-303.86842852803323,0.0,7.672856164892444,0.1801367454632168,0.983641577473177,-0.004518616710907674,19.444444444444443,301.8,41.119943971945084,1.2
663.4441847936669,-80.29780344729723,-303.3767489720257,0.0,7.670673115722785,0.18228365244756145,0.983245986541708,-0.004211776329716121,19.38888888888889,301.8,41.14558139075646,1.2
663.9441427324714,-80.2061641187251,-302.8852613427432,0.0,7.668642341952182,0.18428002536203414,0.9828737824627168,-0.003913496093757219,19.36111111111111,301.8,41.1715534568377,1.2
664.444100671276,-80.1135620655555,-302.39395417971787,0.0,7.666751096887898,0.18613854987677675,0.9825235062072412,-0.0036571404937274965,19.444444444444443,301.8,41.19706379710414,1.2
664.9440586100806,-80.02005968095541,-301.9028175573454,0.0,7.664970257944266,0.18788796991618412,0.9821904656230253,-0.0034751600390490983,19.527777777777775,301.8,41.222878508351535,1.1
665.4440165488851,-79.92570170251095,-301.4118445897604,0.0,7.663259218956477,0.18956826024082513,0.9818675443812505,-0.003378588467913161,19.555555555555557,301.8,41.24803729897677,1.1
665.9439744876897,-79.83051218509122,-300.9210321605697,0.0,7.661575466504257,0.1912212126302183,0.9815469667011502,-0.0033655024159088185,19.60569422247124,301.8,41.27360998401793,1.1
666.4439324264943,-79.73449538063865,-300.43038090223394,0.0,7.659882876275136,0.19288229473112328,0.9812219017017793,-0.0034110042737443115,19.666666666666664,301.8,41.29893106938616,1.1
666.9438903652988,-79.6376410016759,-299.9398942960524,0.0,7.658157853303275,0.19457463723232907,0.9808877155647875,-0.0034930501680811073,19.72222222222222,301.8,41.32428176011016,1.1
667.4438483041034,-79.53993048500054,-299.44957752763366,0.0,7.65639200938679,0.19630642757574418,0.9805425979999284,-0.003569943067353097,19.82446243736,301.8,41.34936129548992,1.1
667.943806242908,-79.44134613927673,-298.95943570843485,0.0,7.654596071410289,0.19806710373579545,0.9801884627038382,-0.0036106395915609137,19.888888888888886,301.8,41.37443770750137,1.1
668.4437641817126,-79.3418791748788,-298.46947224252324,0.0,7.652795527223803,0.199831654357706,0.9798302454592134,-0.0035856362055772424,19.916666666666668,301.8,41.39947742601016,1.1
668.9437221205171,-79.24153661482192,-297.9796873445309,0.0,7.6510285894531425,0.20156264058233667,0.9794756259966226,-0.0034744857520231254,19.972222222222225,301.8,41.424514598030555,1.1
669.4436800593217,-79.14034597966346,-297.4900769509908,0.0,7.649339152735571,0.2032171142320768,0.9791337010251394,-0.0032757745266515396,20.055555555555557,301.8,41.44911387116459,1.1
669.9436379981263,-79.0383559329494,-297.0006324481925,0.0,7.647769074044902,0.2047541800797658,0.9788134274415441,-0.00299795902227393,20.083333333333332,301.8,41.47414723692657,1.1
670.4435959369308,-78.93563393865301,-296.5113410290265,0.0,7.64635214967968,0.20614087867018444,0.9785223237826944,-0.0026655471572148886,20.0,301.8,41.49908126262266,1.1
670.9435538757355,-78.83226083754987,-296.0221867457149,0.0,7.645109741218278,0.20735644367483871,0.978265457463629,-0.002301940011619918,19.972222222222225,301.8,41.5241128890519,1.1
671.44351181454,-78.72832463264973,-295.53315179302547,0.0,7.644048991948324,0.20839402119247835,0.9780449539419079,-0.0019420712504189586,20.055555555555557,301.8,41.54866386483009,1.1
671.9434697533445,-78.62391287289108,-295.0442181461583,0.0,7.643162568810176,0.20926090088388927,0.9778598444364422,-0.0016061779685881225,20.13888888888889,301.8,41.57359955408013,1.1
672.4434276921492,-78.51910699182751,-294.55536882472865,0.0,7.642432511967231,0.20997473832509783,0.9777068115060398,-0.0013186911111203123,20.223899608249493,301.8,41.598120771793965,1.1
672.9433856309537,-78.41397685757285,-294.0665891297473,0.0,7.641830451618196,0.21056333873825547,0.9775802168514861,-0.0010953552932100223,20.305555555555554,301.8,41.6228871739591,1.1
673.4433435697583,-78.30857671860902,-293.57786758488464,0.0,7.641321217994634,0.21106112813136488,0.9774728641716431,-0.0009482821559199535,20.333333333333332,301.8,41.64713047302651,1.1
673.9433015085629,-78.20294250304158,-293.0891965794442,0.0,7.640865977994025,0.21150609099275722,0.9773766794194363,-0.0008793483191929626,20.33768169710978,301.8,41.671686917808096,1.1
674.4432594473674,-78.0970912527492,-292.60057253955523,0.0,7.640426898448239,0.2119352166992104,0.9772837172094185,-0.0008830397421059061,20.25,301.8,41.69659892971679,1.1
674.943217386172,-77.99102279926379,-292.11199560367936,0.0,7.6399728064795465,0.21237897152060897,0.9771873783752266,-0.0009374144222818398,20.22222222222222,301.8,41.7211599729556,1.1
675.4431753249766,-77.88472487072877,-291.62346854397936,0.0,7.639486064903298,0.2128545840685363,0.9770838889476228,-0.001011025189713611,20.36111111111111,301.8,41.74562560938294,1.1
675.9431332637811,-77.77818047905949,-291.1349951791126,0.0,7.638964915809587,0.21336376152342457,0.9769728272928451,-0.001072600943878653,20.47222222222222,301.8,41.770192455434554,1.1
676.4430912025857,-77.67137571769545,-290.6465786803742,0.0,7.638424038869934,0.2138921523610548,0.9768572808544528,-0.0010872745436553768,20.52777777777778,301.8,41.7941546741906,1.1
676.9430491413902,-77.56430713764463,-290.15821994882015,0.0,7.637888942700302,0.21441483430372635,0.9767426881377231,-0.0010493339641769529,20.555555555555554,301.8,41.81815765549094,1.1
677.4430070801949,-77.4569840550554,-289.6699170851132,0.0,7.637386130704011,0.21490592511974882,0.9766347543214018,-0.0009581936646170535,20.61111111111111,301.8,41.842567927646186,1.1
677.9429650189994,-77.34942808895111,-289.1816654641565,0.0,7.636937759370339,0.21534379853037777,0.9765382984985832,-0.0008331432886778036,20.666666666666668,301.8,41.86653744931178,1.1
678.442922957804,-77.24166879187021,-288.69345867749655,0.0,7.636553335590542,0.21571918715302643,0.9764554430664195,-0.0007045940003658485,20.72222222222222,301.8,41.89066899656779,1.1
678.9428808966086,-77.13373690373037,-288.20529001588443,0.0,7.636229136281834,0.2160357419905043,0.9763854557410266,-0.0005935753926023043,20.777777777777775,301.8,41.914960245661966,1.1
679.4428388354131,-77.02565916068528,-287.71715362281554,0.0,7.635953256663638,0.2163050986126367,0.9763258187276302,-0.0005119859973370577,20.72222222222222,301.8,41.938931767170914,1.1
679.9427967742178,-76.91745547630862,-287.22904512945604,0.0,7.6357106016208505,0.21654200262544832,0.976273302461437,-0.00046060155140258634,20.666666666666668,301.8,41.96318858424765,1.1
680.4427547130223,-76.80913880622623,-286.7409616951555,0.0,7.6354888116815385,0.2167585248942433,0.9762252516123887,-0.0004276976411372027,20.72222222222222,301.8,41.98718810419556,1.1
680.9427126518268,-76.70071748727815,-286.2529014958837,0.0,7.635281061639571,0.2169613310521192,0.9761801989530892,-0.0004038677356168456,20.777777777777775,301.8,42.01090172347359,1.1
681.4426705906315,-76.59219798689344,-285.7648631180976,0.0,7.635087348806411,0.21715042561225015,0.976138152443812,-0.00037044545692681676,20.833333333333332,301.8,42.03487146742879,1.1
681.942628529436,-76.4835884411688,-285.27684477086325,0.0,7.6349128804452455,0.21732072753017034,0.9761002517086846,-0.0003269467122017592,20.88888888888889,301.8,42.058742742716305,1.1
682.4425864682406,-76.37490008472237,-284.78884396950644,0.0,7.634766676979774,0.21746343444644445,0.9760684682330215,-0.00025646351382225776,20.944444444444446,301.8,42.082741061137064,1.1
682.9425444070451,-76.26615012220856,-284.30085689323244,0.0,7.634662720499352,0.21756490191381203,0.9760458562256352,-0.00015800484475597071,20.999999999999996,301.8,42.10634078720432,1.1
683.4425023458497,-76.15736319743115,-283.8128780560447,0.0,7.6346189719833255,0.21760760226338005,0.976036337149997,-1.482824011803934e-05,20.97222222222222,301.8,42.13030085317379,1.1
683.9424602846543,-76.04857424695615,-283.3248996711878,0.0,7.634658199200633,0.2175693149064681,0.9760448725397466,0.00017381892187499155,20.88888888888889,301.8,42.15422730130619,1.1
684.4424182234588,-75.939829372782,-282.8369114632663,0.0,7.634803552254967,0.21742744150522797,0.9760764865933872,0.00040969010819836475,20.944444444444446,301.8,42.178098973413334,1.1
684.9423761622634,-75.83118538952682,-282.3489007849233,0.0,7.635073882344457,0.2171635707198514,0.9761352281073581,0.0006727968581658771,21.105390911335693,301.8,42.20158814561617,1.1
685.442334101068,-75.72270542885983,-281.86085362169115,0.0,7.635475429571559,0.21677158882851585,0.9762223508385581,0.0009333687245596144,21.166666666666668,301.8,42.22505410567281,1.1
685.9422920398725,-75.61445165702965,-281.3727562396666,0.0,7.635997145412119,0.21626224868603028,0.9763353111473853,0.0011520603786527904,21.083333333333336,301.8,42.24865269369286,1.1
686.4422499786772,-75.50647647304449,-280.8845971555024,0.0,7.636611019295696,0.21566286122629094,0.9764678849238666,0.0013011897354985994,21.055555555555554,301.8,42.27249274965932,1.1
686.9422079174817,-75.3988156138112,-280.39636865330056,0.0,7.6372774382381445,0.21501207668978337,0.9766113898975102,0.0013618107163963456,21.137242471559322,301.8,42.29588145795227,1.1
687.4421658562862,-75.2914841964617,-279.9080676211548,0.0,7.637953709423448,0.21435157343079672,0.9767565730353401,0.0013410394525157666,21.20755226215344,301.8,42.318943762875044,1.1
687.9421237950909,-75.18447820310054,-279.41969517161124,0.0,7.63860576781318,0.2137146255887416,0.9768961351185007,0.0012659041286375266,21.333333333333332,301.8,42.34242818967649,1.1
688.4420817338954,-75.0777802987741,-278.93125531793544,0.0,7.639213042934799,0.21312134149877507,0.9770257385543958,0.001162689004756452,21.444444444444446,301.8,42.3659115692358,1.1
688.9420396727,-74.97136642825726,-278.44275350323386,0.0,7.6397689106106075,0.2125782115741872,0.977144054868022,0.0010610305491419911,21.333333333333332,301.8,42.38942282881077,1.1
689.4419976115046,-74.86521180488188,-277.9541952856134,0.0,7.640274592773563,0.21208406009640152,0.9772514269383422,0.0009619304115644858,21.23294180258141,301.8,42.41322819021414,1.1
689.9419555503091,-74.75929182631633,-277.46558614180907,0.0,7.64072871199062,0.21164024959034655,0.9773476376158771,0.0008545318735203384,21.333333333333332,301.8,42.43644236992999,1.1
690.4419134891137,-74.65357928661804,-276.97693207456626,0.0,7.641120800917322,0.21125702614579644,0.9774305442864134,0.0007133323164253469,21.46309877104642,301.8,42.459343111515345,1.1
690.9418714279183,-74.54803888897241,-276.4882407978289,0.0,7.641428645644185,0.21095611930137312,0.9774955323321457,0.000517246534004176,21.47222222222222,301.8,42.4828508016696,1.1
691.4418293667229,-74.44262261208304,-275.9995227309772,0.0,7.641623926234986,0.2107652293751732,0.977536709329338,0.0002630975952305637,21.444444444444446,301.8,42.50587739130024,1.1
691.9417873055274,-74.33726911539564,-275.51079112554044,0.0,7.641682357341494,0.21070811046383073,0.9775490229061466,-2.9843410619052224e-05,21.47222222222222,301.8,42.52895498360319,1.1
692.441745244332,-74.23190835023281,-275.02206108688455,0.0,7.641594230587605,0.21079425786766154,0.9775304500883959,-0.0003226885405260934,21.555555555555554,301.8,42.55248484460229,1.1
692.9417031831366,-74.12647002005546,-274.53334777703583,0.0,7.6413676292720245,0.21101576213982723,0.9774826587354621,-0.0005835030520287653,21.583333333333332,301.8,42.57546317996613,1.1
693.4416611219411,-74.02089207516491,-274.0446646108498,0.0,7.64102902798774,0.21134672692055068,0.9774111524941641,-0.0007704833051864311,21.583333333333332,301.8,42.598434634033175,1.1
693.9416190607457,-73.91512865503717,-273.5560215537062,0.0,7.640614259621526,0.21175210795648175,0.9773234084866619,-0.0008883647168810127,21.603637350499678,301.8,42.621461889235974,1.1
694.4415769995503,-73.80915078712164,-273.06742496195255,0.0,7.64015657231025,0.21219939428527326,0.977226389873382,-0.0009423238592397869,21.672106279442115,301.8,42.64439165211983,1.1
694.9415349383548,-73.7029440691462,-272.5788780642351,0.0,7.6396801740909535,0.2126649190997645,0.9771251875702983,-0.0009633911992597292,21.75,301.8,42.66742055184091,1.1
695.4414928771595,-73.59650180649861,-272.0903824313536,0.0,7.639191748969745,0.21314214620238847,0.9770212001344902,-0.000990580519522838,21.75,301.8,42.69042959231493,1.1
695.941450815964,-73.48981611705032,-271.60193990434755,0.0,7.63868035574332,0.21364176033364346,0.976912072932637,-0.001055477024151855,21.75,301.8,42.71338422587513,1.1
696.4414087547685,-73.38287014175215,-271.113554303013,0.0,7.6381206002426865,0.21418855874176496,0.9767923327422905,-0.0011843310841967215,21.805555555555554,301.8,42.7364179928407,1.1
696.9413666935732,-73.27563166631722,-270.6252328478498,0.0,7.637475461058639,0.21481868113345484,0.9766539480471489,-0.0013972841838708787,21.86111111111111,301.8,42.7591522965209,1.1
697.4413246323777,-73.1680485901147,-270.1369872020959,0.0,7.6367017469914975,0.21557426765757312,0.9764874474994039,-0.001698865073571101,21.916666666666668,301.8,42.781914350501005,1.1
697.9412825711823,-73.06004748968785,-269.6488338621831,0.0,7.635755781501105,0.2164978944935571,0.9762830848067873,-0.002086367730267722,21.944444444444443,301.8,42.804377416309954,1.1
698.4412405099869,-72.95153447185625,-269.1607940737365,0.0,7.634598155447007,0.21762791991209146,0.9760318071019696,-0.002545481854550259,21.97222222222222,301.8,42.827295016322566,1.1
698.9411984487914,-72.84239833495334,-268.67289326424174,0.0,7.6331972777918,0.21899500707140607,0.975725979400874,-0.0030590257814339912,22.027777777777775,301.8,42.84983296696222,1.1
699.441156387596,-72.7325151722223,-268.18516017139405,0.0,7.631533293074431,0.2206182962586629,0.9753602244073339,-0.003597824785631197,22.05173400158454,301.8,42.872275151885916,1.1
699.9411143264006,-72.62175431661413,-267.697625667842,0.0,7.6295962217485584,0.22250722349335728,0.974931041404097,-0.00415120636897368,22.0,301.8,42.895200038564056,1.1
700.4410722652052,-72.50998175526813,-267.21032213753455,0.0,7.6273817511152595,0.22466563231533562,0.9744359156231621,-0.004707533432165419,21.944444444444443,301.8,42.917675195264884,1.1
700.9410302040097,-72.39706250296067,-266.72328306709807,0.0,7.624888408859602,0.22709453369651386,0.9738727189757206,-0.005267013965749226,22.055555555555557,301.8,42.940184859332106,1.1
701.4409881428143,-72.28286080227348,-266.2365431417383,0.0,7.622113024382207,0.22979652682712093,0.9732386943901236,-0.005835780432054345,22.152563289286977,301.8,42.962984556828665,1.1
701.9409460816189,-72.16723920999738,-265.75013858121423,0.0,7.619051477190975,0.23277506141487567,0.9725306014636768,-0.00641124781558581,22.118532936830167,301.8,42.985465628548226,1.1
702.4409040204234,-72.05005941437123,-265.26410709436396,0.0,7.615704161759103,0.23602911796072154,0.9717459829989954,-0.006978055504661357,22.078729005603282,301.8,43.008331511596566,1.1
702.940861959228,-71.93118576684223,-264.7784871551109,0.0,7.612080829291865,0.23954851966971435,0.970884394108819,-0.007513620902529669,22.11111111111111,301.8,43.03071955459602,1.1
703.4408198980326,-71.81049113308832,-264.2933166348171,0.0,7.608206691460026,0.2433080525394208,0.9699490664820882,-0.007979881260109923,22.194444444444446,301.8,43.05282914957583,1.1
703.9407778368371,-71.68786508738224,-263.80863071130386,0.0,7.604122853152706,0.2472671277720429,0.9689473502329031,-0.00835198966275124,22.249999999999996,301.8,43.075243487303545,1.1
704.4407357756418,-71.56321954751432,-263.3244602338994,0.0,7.59987706912076,0.2513788278997527,0.9678887771245963,-0.008627812569663931,22.27777777777778,301.8,43.09766314005159,1.1
704.9406937144463,-71.43648964641126,-262.8408311691521,0.0,7.595515282880586,0.25559814720350355,0.9667831127745954,-0.008817876869600765,22.305555555555554,301.8,43.11992226954585,1.1
705.4406516532508,-71.30763053645892,-262.35776507163723,0.0,7.591070955248872,0.25989230967142873,0.9656376066484,-0.008959487417084652,22.27777777777778,301.8,43.1426690091591,1.1
705.9406095920555,-71.17660964234554,-261.8752808353294,0.0,7.586561509275894,0.26424414306596855,0.9644558221377131,-0.00907967132161487,22.249999999999996,301.8,43.16490818416829,1.1
706.44056753086,-71.04339993766061,-261.39339632681924,0.0,7.58199236219365,0.2686481099167585,0.9632383884782382,-0.009198387946429298,22.321627257942406,301.8,43.18715716257186,1.1
706.9405254696646,-70.90797556144939,-260.91212952913435,0.0,7.577363958401387,0.27310347270819957,0.961984663700374,-0.009315287072812282,22.388888888888886,301.8,43.20978630810118,1.1
707.4404834084692,-70.77031189663103,-260.43149849067026,0.0,7.5726820787419715,0.2776043594754295,0.9606954874465876,-0.009411259798765684,22.444444444444443,301.8,43.23195552041698,1.1
707.9404413472737,-70.63038927356646,-259.9515202307729,0.0,7.567960299881557,0.2821374396474908,0.9593739964941506,-0.009475399947741166,22.472222222222225,301.8,43.25403658702961,1.1
708.4403992860783,-70.48819515824319,-259.47220999858905,0.0,7.56321252039729,0.28668913883162467,0.9580236623779088,-0.00951675908762837,22.472222222222225,301.8,43.27611101735488,1.1
708.9403572248829,-70.3437222659012,-258.99358170258205,0.0,7.558445328165096,0.29125294683453834,0.9566460792582582,-0.00955745466697141,22.5,301.7,43.29809620256264,1.1
709.4403151636875,-70.19696264707126,-258.5156496230885,0.0,7.5536463531615095,0.2958404960398865,0.9552373531760961,-0.009648417201269124,22.530048044726037,301.7,43.320163459220275,1.1
709.940273102492,-70.04789657797735,-258.03843190113247,0.0,7.54877845275538,0.3004869727961456,0.9537859189460749,-0.009835908775053904,22.61111111111111,301.7,43.342166089678344,1.1
710.4402310412966,-69.89648217163514,-257.56195409285635,0.0,7.543786944008817,0.305244040450797,0.9522741599819204,-0.010143655148945272,22.666666666666664,301.7,43.36416521668428,1.1
710.9401889801012,-69.74264984179413,-257.08625145312584,0.0,7.538610782772248,0.3101690538950969,0.9506814177240557,-0.010572142153756094,22.61111111111111,301.7,43.38607024463097,1.1
711.4401469189057,-69.58630265485871,-256.61136948245,0.0,7.5331967271396385,0.3153115250082644,0.9489882202624871,-0.011090550866394489,22.555555555555557,301.7,43.40848888681481,1.1
711.9401048577103,-69.42732351511428,-256.1373622073311,0.0,7.527512178699281,0.32070097097335426,0.9471804934735236,-0.011648643093162938,22.61111111111111,301.7,43.43035522080695,1.1
712.4400627965149,-69.26558680209405,-255.66428881441158,0.0,7.5215508690270445,0.3263416753749266,0.9452518769690362,-0.012194073285879454,22.696254452017303,301.7,43.452130320545244,1.1
712.9400207353194,-69.10097017189726,-255.19220990000053,0.0,7.515327630044519,0.33221784635902346,0.9432026837114981,-0.012692518851607373,22.77777777777778,301.7,43.4738899232399,1.1
713.4399786741241,-68.93336328421483,-254.72118441186603,0.0,7.508874724707862,0.3382972850013478,0.9410392908697898,-0.013112663655992,22.77777777777778,301.7,43.49613867898675,1.1
713.9399366129286,-68.76267416185446,-254.2512671277477,0.0,7.502231392335374,0.34454141064555277,0.9387711203218666,-0.01345429976071904,22.77777777777778,301.7,43.51783419495775,1.1
714.4398945517331,-68.58883002175611,-253.78250790934027,0.0,7.495436604234674,0.3509121588391013,0.936408381412128,-0.013719493689988094,22.833333333333332,301.7,43.539932361406656,1.1
714.9398524905378,-68.41177647416957,-253.31495149743353,0.0,7.488526229474919,0.35737466161175296,0.9339611079899874,-0.013918545909780866,22.916666666666668,301.7,43.56203164115581,1.1
715.4398104293423,-68.23147499191622,-252.84863797030712,0.0,7.4815291414438185,0.3639008680168901,0.9314376835068215,-0.014067672659438868,22.86111111111111,301.7,43.58360932750685,1.1
715.9397683681469,-68.04789931845748,-252.3836036925024,0.0,7.474467343380736,0.37046936452936813,0.928844685588073,-0.01417902832641945,22.805555555555554,301.7,43.605007346238594,1.1
716.4397263069515,-67.86103234473455,-251.9198822004832,0.0,7.467356135078704,0.3770651497531645,0.9261867375651757,-0.01426699639408359,22.77777777777778,301.7,43.626877029254445,1.1
716.939684245756,-67.67086276222662,-251.45750529727198,0.0,7.460203633165877,0.3836800007201066,0.9234661103946473,-0.01434577385449356,22.805555555555554,301.7,43.64871542804866,1.1
717.4396421845606,-67.4773817679162,-250.996504256359,0.0,7.453011244804785,0.39031194643271105,0.9206826730594578,-0.014426406733951045,22.842770507990117,301.7,43.67067947657529,1.1
717.9396001233652,-67.28058080130013,-250.53691071826358,0.0,7.445778309070907,0.39696091736463274,0.9178355136324968,-0.014506208409745825,22.916666666666668,301.7,43.692507687789515,1.1
718.4395580621698,-67.08045211592685,-250.07875643023053,0.0,7.438508624086903,0.4036227443328408,0.9149255053047906,-0.014569486459120942,22.97222222222222,301.7,43.71417694134536,1.1
718.9395160009743,-66.87699244379274,-249.62207164441978,0.0,7.431217800653037,0.41028251809123856,0.9119584723816718,-0.014583737687201788,23.0,301.7,43.735775476946415,1.1
719.4394739397788,-66.67021043401775,-249.16688153674093,0.0,7.4239429897868074,0.41690592836095136,0.9089496393626509,-0.014497186234862638,23.02777777777778,301.7,43.75733988822983,1.1
719.9394318785835,-66.46013790543482,-248.71320060324445,0.0,7.416748882265042,0.4234341649185312,0.9059268778327234,-0.014251509697996744,23.042708472672803,301.7,43.77907501003244,1.1
720.439389817388,-66.24684269303302,-248.26102579062373,0.0,7.409730670818998,0.42978167096397096,0.9029328409706987,-0.01378460245774776,23.055555555555554,301.7,43.80064525246605,1.1
720.9393477561925,-66.03044190554672,-247.81032889108977,0.0,7.4030129227857575,0.4358376030716011,0.9000253239486107,-0.013046043886640537,23.077398518755416,301.7,43.82242730664961,1.1
721.4393056949972,-65.81111193838794,-247.36105004357867,0.0,7.396735881849341,0.44147847553094216,0.8972718404379328,-0.01202129733944451,23.02777777777778,301.7,43.84401408778868,1.1
721.9392636338017,-65.58909137646097,-246.91309453810914,0.0,7.391041386552363,0.4465808002388914,0.8947433089204923,-0.01072306351366953,22.97222222222222,301.7,43.86567895671804,1.1
722.4392215726064,-65.36467697532434,-246.46633330411873,0.0,7.386052559932242,0.45103894363356484,0.8925042696401614,-0.009212060406378933,22.97222222222222,301.7,43.887232145362326,1.1
722.9391795114109,-65.13820995698684,-246.02060887954246,0.0,7.381852680052642,0.4547833654083091,0.890602094399004,-0.0075866774984632524,22.97222222222222,301.7,43.90878411764426,1.1
723.4391374502154,-64.91005409890087,-245.57574642263017,0.0,7.378467564605313,0.45779554487743157,0.889057500440987,-0.005973054932986906,22.88888888888889,301.7,43.93071309735329,1.1
723.93909538902,-64.6805685834702,-245.13156830825875,0.0,7.375860044010888,0.460112221679918,0.8878607680603812,-0.004495513680668118,22.803864732956143,301.7,43.95212173922716,1.1
724.4390533278246,-64.45008102763566,-244.68790926092737,0.0,7.373933487335053,0.46182188083096465,0.8869726886357608,-0.0032607100393452376,22.604567792161713,301.7,43.97447111896435,1.1
724.9390112666292,-64.2188650863853,-244.24462933843822,0.0,7.372550417306249,0.46304818407640796,0.8863331085001513,-0.002324443143330542,22.3216338986464,301.6,43.99684235929746,1.1
725.4389692054338,-63.98712858655668,-243.8016213074622,0.0,7.3715588546231485,0.4639268111339074,0.8858735315557881,-0.0016869981399708716,22.027777777777775,301.6,44.0191458495786,1.1
725.9389271442383,-63.755013913401015,-243.35881129259954,0.0,7.3708218814071955,0.46457955015411967,0.8855313893807468,-0.0012921080269471237,21.864553442738032,301.6,44.04175215212286,1.1
726.4388850830429,-63.522610160973336,-242.9161529237252,0.0,7.370239282273083,0.4650953811014173,0.885260575468109,-0.00105190223079139,21.713746256839894,301.6,44.064610269507526,1.1
726.9388430218474,-63.289972371987446,-242.4736175049006,0.0,7.369759031863691,0.465520474203957,0.8850371111410656,-0.0008664981846399593,21.5,301.6,44.08765765719551,1.1
727.4388009606521,-63.05714319012569,-242.03118275232822,0.0,7.369376306908292,0.4658591658902316,0.8848588800232824,-0.0006493436055238504,21.266183056291556,301.6,44.11083481994701,1.1
727.9387588994566,-62.82417180883218,-241.58882285869814,0.0,7.369123497251525,0.4660828518704302,0.884741078051837,-0.0003420048332526841,21.11111111111111,301.6,44.13446652381539,1.1
728.4387168382611,-62.59112660113461,-241.14650185362686,0.0,7.3690516740260374,0.46614639562616106,0.8847076001960978,7.565956491767612e-05,20.97222222222222,301.6,44.1579587241998,1.1
728.9386747770658,-62.35809996032515,-240.7041710713573,0.0,7.369216592164636,0.4660004849570709,0.8847844641604953,0.000600945923661105,20.60881155960357,301.6,44.182165567708545,1.1
729.4386327158703,-62.125207655864976,-240.26176955314443,0.0,7.369666060256179,0.4656027555148549,0.8849938271293051,0.001207560401680216,20.186972787386264,301.6,44.2062689796541,1.1
729.9385906546748,-61.89258334218938,-239.8192270722303,0.0,7.370432088852885,0.46492468839386947,0.8853502324627601,0.0018615614421754448,19.972222222222225,301.6,44.2312984211823,1.1
730.4385485934795,-61.66037137087109,-239.37646810020183,0.0,7.371530714340619,0.46395173968168174,0.8858604761735005,0.0025322240140952393,19.916666666666668,301.6,44.2562471010899,1.1
730.938506532284,-61.42872002741124,-238.93341556539457,0.0,7.372963028045934,0.4626824341108533,0.8865240917004207,0.003194585507262234,19.757146825253713,301.6,44.28148542858173,1.1
731.4384644710887,-61.19777638261736,-238.48999374525349,0.0,7.374722805165668,0.4611216336825174,0.8873369365409998,0.0038430110302942605,19.543999236547787,301.6,44.30683205496856,1.1
731.9384224098932,-60.967684996673576,-238.04612911338026,0.0,7.376804548560087,0.4592734280396373,0.888294950056973,0.004487158999064501,19.30231298604575,301.6,44.332233465004705,1.1
732.4383803486977,-60.73859018227188,-237.60174932535725,0.0,7.379212133226987,0.45713345372400543,0.8893981141684316,0.005152725604668697,18.99751616765234,301.6,44.35817883592903,1.1
732.9383382875023,-60.51064161678726,-237.15678051287952,0.0,7.381964149169158,0.4546840879544605,0.8906527831658195,0.005871890124219238,18.681895056527544,301.6,44.384903555930016,1.1
733.4382962263069,-60.28400153753845,-236.71114386654622,0.0,7.385096090394216,0.4518923903370155,0.8920724564493057,0.00668120047595772,18.366281548004025,301.6,44.411627728543706,1.1
733.9382541651115,-60.0588530988544,-236.2647518048353,0.0,7.388663286441856,0.44870732460810964,0.8936787660244774,0.007618555303509236,18.13888888888889,301.6,44.439098970451994,1.1
734.438212103916,-59.835408780330866,-235.8175043861966,0.0,7.3927366386576026,0.4450633437777245,0.8954990899076285,0.008714268828611094,17.926364431254253,301.6,44.467301760949695,1.1
734.9381700427206,-59.61391790303225,-235.36928646793993,0.0,7.397405338060844,0.44087769243976416,0.8975671898576667,0.010009716416450242,17.666666666666668,301.6,44.49545335480384,1.1
735.4381279815252,-59.394676289453194,-234.91996422682658,0.0,7.402780726041549,0.43604657427048604,0.8999240996145028,0.011552507694057636,17.392322664021336,301.6,44.52375276819046,1.1
735.9380859203297,-59.178037669325725,-234.46938142760177,0.0,7.408999927484728,0.43044136831142843,0.9026185398307445,0.013399724389094215,17.13888888888889,301.6,44.552616556371625,1.1
736.4380438591344,-58.964427574187575,-234.01735534315338,0.0,7.416231988289324,0.42390237647683365,0.9057078862510212,0.015620244789454231,16.944444444444443,301.6,44.581754243782996,1.1
736.9380017979389,-58.75436010626344,-233.5636725287532,0.0,7.424681387515785,0.4162346484174249,0.9092572339315331,0.018283447244603894,16.77777777777778,301.6,44.61152501089585,1.1
737.4379597367434,-58.54845531187631,-233.1080860122953,0.0,7.43458433126368,0.40721006280549377,0.9133345305800858,0.02144525202260661,16.620825343904897,301.6,44.64130057523885,1.1
737.9379176755481,-58.34745425628398,-232.650315600451,0.0,7.446199754940677,0.3965740641363073,0.9180027296552076,0.025135261593195072,16.444444444444446,301.6,44.6714962398982,1.1
738.4378756143526,-58.152228826435554,-232.19005355695793,0.0,7.459790381694414,0.3840615916763947,0.9233074752210091,0.02933538166206442,16.11111111111111,301.5,44.702084013788465,1.1
738.9378335531571,-57.96378108477857,-231.72697669135883,0.0,7.4755955491872825,0.3694212010083835,0.9292620600484686,0.03396982239003463,15.972222222222221,301.5,44.73303335824782,1.1
739.4377914919618,-57.78322987258582,-231.26076615783106,0.0,7.493802665785509,0.3524417233921925,0.9358337628085136,0.0389069256256966,15.972222222222221,301.6,44.764068884939896,1.1
739.9377494307663,-57.61178389168285,-230.79113303097557,0.0,7.514520190280134,0.3329793173327765,0.9429341303763472,0.043963753508374115,15.787328637652045,301.5,44.795312338089055,1.1
740.437707369571,-57.45070154747604,-230.31784748639708,0.0,7.5377548591609,0.31098265085231347,0.9504155885026655,0.0489251748705852,15.583333333333334,301.5,44.82716978852477,1.1
740.9376653083755,-57.301241029271594,-229.84076702080813,0.0,7.563404162353228,0.28650553603969103,0.9580785864523897,0.053570764688822985,15.32725792967062,301.6,44.860437429063715,1.1
741.43762324718,-57.16460572048307,-229.3598590166445,0.0,7.591255529908691,0.25971407301270555,0.9656855597341979,0.057684896745259166,15.25,301.6,44.893282113715784,1.1
741.9375811859846,-57.04188774726347,-228.87521497968265,0.0,7.620993182543009,0.23088625592117074,0.9729807484358073,0.061075167762750716,15.194444444444445,301.6,44.926569216948664,1.1
742.4375391247892,-56.93401432398763,-228.3870542323691,0.0,7.652212824909799,0.20040256975113838,0.979713636751648,0.06357466109973271,15.083333333333332,301.6,44.95942799128262,1.1
742.9374970635938,-56.84169792064374,-227.8957153097921,0.0,7.684430057256296,0.16874037291624175,0.9856605331188257,0.06503132700283042,14.86111111111111,301.6,44.99317882977428,1.1
743.4374550023983,-56.7653897814672,-227.40163764218659,0.0,7.717088368338137,0.13646610810959525,0.9906447402259906,0.06530474105877375,14.653239420570305,301.6,45.02696676171894,1.1
743.9374129412029,-56.70523673920194,-226.90533377601932,0.0,7.749561663691994,0.10423031599061777,0.9945531867268316,0.06425672092295605,14.527777777777777,301.6,45.06159332603725,1.1
744.4373708800075,-56.66104051874383,-226.40735406774522,0.0,7.781155718694857,0.07276155892485997,0.9973493648380312,0.06175509638011603,14.5,301.6,45.09633520444435,1.1
744.937328818812,-56.63222130525259,-225.90824624814493,0.0,7.811113155983537,0.042855349251244707,0.9990812875039518,0.05768103597955282,14.444444444444445,301.6,45.13127256804969,1.1
745.4372867576167,-56.61778800955374,-225.40851247944147,0.0,7.838623979977644,0.015357050300885938,0.9998820735497042,0.0519540594567035,14.333333333333334,301.6,45.16627890473031,1.1
745.9372446964212,-56.61632129340194,-224.90856894132963,0.0,7.862853661266339,-0.008871910901861282,0.9999606438240204,0.04455915321551082,14.112595775275395,301.6,45.20189310418017,1.1
746.4372026352257,-56.62597534046751,-224.4087127122476,0.0,7.882981179833215,-0.02899548138727142,0.9995795426373633,0.035577908627176844,14.148843970151878,301.6,45.236716765850936,1.1
746.9371605740304,-56.64450468126721,-223.90910310944696,0.0,7.898257746898294,-0.044261648050316724,0.9990199730295035,0.02522164129093129,14.305555555555555,301.6,45.27137788884423,1.1
747.4371185128349,-56.6693221882256,-223.4097634843058,0.0,7.908074076594741,-0.054066067467024484,0.9985373605171972,0.013834745555180624,14.166666666666666,301.6,45.306576385572846,1.1
747.9370764516394,-56.69758767003111,-222.91060550094062,0.0,7.912023598641637,-0.05800938085385028,0.9983160380024719,0.00187700003839587,14.11111111111111,301.6,45.34165254505782,1.1
748.4370343904441,-56.72632188039478,-222.41147402047602,0.0,7.909949664728153,-0.05593881609550805,0.9984341985598415,-0.010130939499177606,14.083333333333334,301.6,45.37709523839509,1.1
748.9369923292486,-56.7525335141188,-221.91220497244458,0.0,7.901958166163386,-0.04795812932867017,0.9988493469143855,-0.021674211719493606,14.138888888888888,301.6,45.411933429550984,1.1
749.4369502680532,-56.77334415371353,-221.412684224999,0.0,7.88839645753411,-0.03440803058999549,0.9994078684055464,-0.032325203178594275,14.0,301.6,45.44788668966153,1.1
749.9369082068578,-56.78609353657114,-220.9128960110679,0.0,7.869791856747261,-0.015809564118844214,0.9998750210313148,-0.041796020891447724,14.027571483078695,301.6,45.48398514678167,1.1
750.4368661456623,-56.78841291000816,-220.41295447621508,0.0,7.8467771082933915,0.007204463355873964,0.9999740475171113,-0.04995532024168555,14.194444444444445,301.6,45.520266779420886,1.1
750.9368240844669,-56.77826238363927,-219.91311463627432,0.0,7.820011950352033,0.03396315083996337,0.9994230857775009,-0.05681981540791436,14.138888888888888,301.6,45.55592604512059,1.1
751.4367820232715,-56.75393339076021,-219.41376755454485,0.0,7.790117564655885,0.06382066529948581,0.997961383361466,-0.0625144069265344,14.027777777777777,301.6,45.59158401186642,1.1
751.9367399620761,-56.714025002998135,-218.9154270830496,0.0,7.757636172301391,0.09619647721416817,0.995362365056859,-0.06721595083152405,13.944444444444445,301.6,45.62763969485109,1.1
752.4366979008806,-56.65740647982604,-218.4187105670968,0.0,7.723015681327734,0.1305918838278912,0.9914362106955155,-0.07112007127101383,14.083333333333334,301.6,45.66391105792343,1.1
752.9366558396852,-56.58317478283069,-217.92432209317286,0.0,7.686607937898801,0.16659332343658603,0.9860256916461929,-0.07440578857049272,14.055555555555555,301.6,45.699604395888294,1.1
753.4366137784898,-56.49061504082142,-217.4330374038014,0.0,7.648683587961475,0.2038589560818049,0.9790002686543231,-0.0772186103674443,13.916666666666666,301.6,45.73607249412528,1.1
753.9365717172943,-56.379168817415405,-216.94569193723652,0.0,7.609450449766639,0.24210148245121144,0.970250932591629,-0.07966324694486188,13.805555555555555,301.6,45.77227406481257,1.1
754.436529656099,-56.248412071671254,-216.46317078818674,0.0,7.569076247907423,0.2810666526737475,0.9596882497742562,-0.0817949868726145,13.88888888888889,301.6,45.80846435110528,1.1
754.9364875949035,-56.0980448748204,-215.98639832178083,0.0,7.527716356496461,0.3205075710632261,0.947245953747574,-0.08360782062648546,13.833333333333332,301.6,45.84568083835168,1.1
755.436445533708,-55.92789431650911,-215.5163241656072,0.0,7.485542364937655,0.36015987997359367,0.9328905942592661,-0.08504799453047086,13.666666666666668,301.6,45.88288492089673,1.1
755.9364034725127,-55.73792805378737,-215.05390380165642,0.0,7.4427681256671345,0.39972196795210885,0.9166364319273445,-0.08599870762682639,13.46035877650332,301.6,45.92085416809176,1.1
756.4363614113172,-55.528278841305756,-214.6000684667453,0.0,7.399684554064455,0.4388307995666786,0.898569713128408,-0.08627071991774601,13.333333333333332,301.6,45.95839176789218,1.1
756.9363193501217,-55.29928145747777,-214.15568167266784,0.0,7.356700774255504,0.4770374990818827,0.8788829412781334,-0.08558235410765526,13.239622271903071,301.6,45.99674719642298,1.1
757.4362772889264,-55.05152202822039,-213.7214744879109,0.0,7.314395239771694,0.5137811944037387,0.8579212576204577,-0.0835429176507184,13.166666666666666,301.6,46.03462922554633,1.1
757.9362352277309,-54.78589914048271,-213.29795630978433,0.0,7.273565017814481,0.5483723730789959,0.8362342617016542,-0.0796794564305913,13.055555555555555,301.6,46.07281102965474,1.1
758.4361931665355,-54.503686927210346,-212.8853019901314,0.0,7.235249238457109,0.5800030180238912,0.81461432536089,-0.07350754321519898,12.777777777777777,301.6,46.112946452189625,1.1
758.9361511053401,-54.20658454273215,-212.48322833296868,0.0,7.200705440525808,0.6077912777316067,0.7940968220018142,-0.06462193268732229,12.574343131783285,301.6,46.1526472945116,1.1
759.4361090441446,-53.896735074655375,-212.0908851061658,0.0,7.171325080169166,0.6308564665713968,0.7758995544431329,-0.05284369992330758,12.444444444444443,301.6,46.19307455162799,1.1
759.9360669829492,-53.576702482637316,-211.706793585395,0.0,7.148490007585227,0.6484081795439777,0.7612928692037414,-0.03841119556989957,12.36111111111111,301.6,46.23393952542938,1.1
760.4360249217538,-53.24940786573179,-211.328863181453,0.0,7.133405435614781,0.6598177517160958,0.7514256679940582,-0.021851140738290246,12.36111111111111,301.6,46.27440272051152,1.1
760.9359828605584,-52.91803581192553,-210.95449747659305,0.0,7.126936310724592,0.6646649778038158,0.7471415309571896,-0.00400128980936805,12.444444444444443,301.6,46.315023483385914,1.1
761.4359407993629,-52.58592410157788,-210.58078680351176,0.0,7.129482771392821,0.6627602583416098,0.7488316499474116,0.01411931220938825,12.38888888888889,301.6,46.35488139750286,1.1
761.9358987381675,-52.25644595265775,-210.20475573845613,0.0,7.140918350421371,0.6541537865445041,0.7563615693234866,0.03143820860870398,12.416666666666668,301.6,46.395168985831575,1.1
762.4358566769721,-51.932888832792116,-209.82362496128155,0.0,7.160603790801047,0.6391386939694045,0.7690914964235945,0.046999895836808976,12.416666666666668,301.6,46.43583691803049,1.1
762.9358146157766,-51.618335205434995,-209.4350392193356,0.0,7.187481083847022,0.6182392456665056,0.7859899713849472,0.060115465847172284,12.36111111111111,301.6,46.47669274349395,1.1
763.4357725545813,-51.31555619734296,-209.03721973970855,0.0,7.220237358379963,0.5921660987699983,0.8058159290231985,0.07047773254065236,12.277777777777779,301.6,46.51758969839702,1.1
763.9357304933858,-51.02693762234955,-208.6290184296108,0.0,7.257503114913551,0.5617325747522813,0.8273188710903268,0.07817684001560987,12.333333333333332,301.6,46.558741197472585,1.1
764.4356884321903,-50.75445567741875,-208.20987975059174,0.0,7.298037631153849,0.5277453737065545,0.8494026256913321,0.0836237470977937,12.25,301.6,46.60048661073677,1.1
764.935646370995,-50.49970571583392,-207.77973771650977,0.0,7.340851560322131,0.4909066055884383,0.8712122041096747,0.08738521923432378,12.333333333333332,301.6,46.64168995421345,1.1
765.4356043097995,-50.26397007918817,-207.338891279305,0.0,7.385242143934291,0.4517620951774091,0.8921384474177299,0.09000829099246001,12.292870688923049,301.6,46.68291331039754,1.1
765.935562248604,-50.04829602702144,-206.88789293853526,0.0,7.430745649880242,0.41071305424134114,0.9117646555311021,0.09187960508892495,12.0,301.6,46.72501822215029,1.1
766.4355201874087,-49.85355369774698,-206.42747061505958,0.0,7.477037070486609,0.36808126659455287,0.9297936228981943,0.09315194530242107,12.083333333333332,301.6,46.76730242016324,1.1
766.9354781262132,-49.680451412837925,-205.95848453406813,0.0,7.523803906745774,0.324211160760172,0.9459847373179664,0.09372349963591166,11.840860617391437,301.6,46.80945803554782,1.1
767.4354360650178,-49.52949694191213,-205.48190824545532,0.0,7.570627278109004,0.27957780973085156,0.9601230381081894,0.0932830126419238,11.836500787594632,301.6,46.852228056706814,1.1
767.9353940038224,-49.40090965806184,-204.99881552215484,0.0,7.616895147978386,0.23487161476241333,0.9720264011738038,0.09138383149933094,11.888888888888888,301.6,46.89531669847396,1.1
768.4353519426269,-49.29449931973529,-204.5103560276088,0.0,7.661756116777363,0.1910438927833747,0.9815814948490902,0.08754357323705314,11.888888888888888,301.6,46.937813320398945,1.1
768.9353098814315,-49.20953726768582,-204.01770813736547,0.0,7.704133739356626,0.14928773334281373,0.9887937968420741,0.08137267237480722,11.823395071549609,301.6,46.98071555484842,1.1
769.435267820236,-49.144654964297345,-203.52200979370951,0.0,7.742803226592535,0.11094950954777777,0.9938260443010676,0.07269378889777589,11.722222222222223,301.6,47.0238697327078,1.1
769.9352257590407,-49.09780168259242,-203.02427588623542,0.0,7.77652020083475,0.07738399141127068,0.9970013630247756,0.06161603697463059,11.805555555555555,301.6,47.066278096280286,1.1
770.4351836978452,-49.06628132320042,-202.52532866674792,0.0,7.804170629534578,0.04979040901433247,0.9987596883986585,0.048554788571005626,11.777777777777777,301.6,47.10907114851801,1.1
770.9351416366497,-49.04686967325524,-202.02575651697285,0.0,7.824917564334256,0.02905997797886426,0.9995776696584753,0.03418229394889699,11.65286920305183,301.6,47.15299341738027,1.1
771.4350995754544,-49.03599605480366,-201.52592062675768,0.0,7.8383044661198955,0.01567652569016981,0.9998771157208697,0.019321626349532686,11.825737958037966,301.6,47.195453132978734,1.1
771.9350575142589,-49.02995882192565,-201.02599983374577,0.0,7.844301643734886,0.00967983906755772,0.9999531492603172,0.004825921082743667,12.055555555555555,301.6,47.236411575762496,1.1
772.4350154530634,-49.02514345344028,-200.52606501657286,0.0,7.843289353158562,0.010692077084817979,0.9999428381100653,-0.008551232069526042,12.25,301.6,47.278246317574265,1.1
772.9349733918681,-49.01821247667282,-200.02615620133182,0.0,7.835980646761405,0.018000015068891803,0.9998379866045897,-0.02024980068530425,12.5,301.6,47.31839052530591,1.1
773.4349313306726,-49.00624586795869,-199.52634479447866,0.0,7.823308483148772,0.03066834128627818,0.999529615790722,-0.029962259925037798,12.527777777777779,301.6,47.35808281266051,1.1
773.9348892694773,-48.9868195377909,-199.02677044292497,0.0,7.806294525476908,0.0476690366590104,0.9988631852981678,-0.03763084457499698,12.699150487065136,301.6,47.39833883506869,1.1
774.4348472082818,-48.95802258898826,-198.52765125097557,0.0,7.785935521533516,0.06799361257926734,0.9976857564626351,-0.043397553038346144,12.888888888888888,301.6,47.437664173322,1.1
774.9348051470863,-48.91842531496801,-198.02927472195893,0.0,7.763121077474182,0.09073558941049775,0.9958750186716853,-0.04752690400764022,12.999999999999998,301.6,47.47668763959806,1.1
775.434763085891,-48.867016216476124,-197.53197955666363,0.0,7.738594038702731,0.11513171488620395,0.9933502344225635,-0.05032258753737407,12.999999999999998,301.6,47.51464417700089,1.1
775.9347210246955,-48.80312792745353,-197.03613436520536,0.0,7.712947511940465,0.14056704402756262,0.9900711621562125,-0.052069663669890895,13.138888888888888,301.6,47.55331286328546,1.1
776.4346789635001,-48.726366423646,-196.5421190102823,0.0,7.686642228708652,0.16655951171914687,0.9860314036864543,-0.05300963220856028,13.25,301.6,47.59128649395889,1.1
776.9346369023046,-48.63655036103944,-196.0503098750293,0.0,7.660032430303312,0.1927355468866937,0.9812507370526083,-0.05332445109338941,13.373254737746691,301.6,47.628874341117765,1.1
777.4345948411092,-48.533664220279164,-195.56106801315514,0.0,7.633396365278033,0.21880074790017429,0.9757695592291883,-0.05313908446053093,13.555555555555554,301.6,47.66632336090712,1.1
777.9345527799138,-48.41782536435613,-195.07472996736527,0.0,7.606963392912302,0.244513800442748,0.9696458123423439,-0.052525535458544215,13.595964773514293,301.6,47.702909463693025,1.1
778.4345107187183,-48.28926371709618,-194.59159878878006,0.0,7.5809401790966495,0.26966146417178455,0.9629551883347062,-0.05150368040078408,13.722222222222221,301.6,47.73944037808056,1.1
778.934468657523,-48.14831369454504,-194.11193472042822,0.0,7.555534965268527,0.29403589667205876,0.9557943771901247,-0.050050470774215934,13.860043426508916,301.6,47.77592312670865,1.1
779.4344265963275,-47.99541506475237,-193.63594380860366,0.0,7.53096948860098,0.3174243643321829,0.9482835930924407,-0.04814462593215889,13.916666666666666,301.6,47.81266836905422,1.1
779.934384535132,-47.83111404403762,-193.16376626819562,0.0,7.507475971912182,0.33961323497022494,0.9405651761749734,-0.04576137086470769,13.916666666666666,301.6,47.848456483145675,1.1
780.4343424739367,-47.65606351502388,-192.69546611466583,0.0,7.485292943730205,0.36039255146667754,0.9328007337300599,-0.04290809254545776,14.027777777777777,301.6,47.88410445350247,1.1
780.9343004127412,-47.471016728492984,-192.2310237090601,0.0,7.464647184827717,0.3795727569509201,0.9251618897148097,-0.03962093464439049,14.194444444444445,301.6,47.919444293892774,1.1
781.4342583515457,-47.276814280765706,-191.77033302034047,0.0,7.445740417157022,0.3969956956238906,0.9178204713646908,-0.03596383573561185,14.305555555555555,301.6,47.954941475461915,1.1
781.9342162903504,-47.07436622437601,-191.31320425145367,0.0,7.428738850365016,0.41254195486130946,0.9109386013772879,-0.03201166897699818,14.5,301.6,47.98988752712896,1.1
782.4341742291549,-46.86463224602658,-190.85937065839465,0.0,7.413767540502307,0.426133156727872,0.904660451626542,-0.02785533712930794,14.666666666666666,301.6,48.02425509125736,1.1
782.9341321679595,-46.64860079078535,-190.40849939166807,0.0,7.400908271322527,0.4377308760045866,0.8991060450204176,-0.023572589108891123,14.527777777777777,301.6,48.05852281739511,1.1
783.4340901067641,-46.42727130027539,-189.96020395636333,0.0,7.390204727501002,0.4473292389367016,0.8943693599359893,-0.01924078404548139,14.666666666666666,301.6,48.09244333545389,1.1
783.9340480455686,-46.201638816024904,-189.51405779528926,0.0,7.381665577558791,0.4549499913198493,0.890516987708864,-0.014920385861859455,14.833333333333332,301.6,48.12574452205193,1.1
784.4340059843732,-45.97268255358953,-189.06960745007422,0.0,7.37527260652719,0.4606337049569802,0.8875903277174699,-0.010659644713417396,14.913420112868558,301.6,48.15976624812653,1.1
784.9339639231778,-45.74135802005853,-188.6263846033689,0.0,7.370986651782825,0.4644336345086203,0.8856079263066209,-0.006494120366424746,14.972222222222221,301.6,48.19282461592268,1.1
785.4339218619824,-45.50859171742091,-188.18391688739857,0.0,7.368750683644938,0.46641266298456957,0.884567254541814,-0.0024610456316239183,15.055555555555555,301.6,48.22583103055988,1.1
785.9338798007869,-45.275276215977556,-187.7417383779634,0.0,7.368489715289334,0.46664349116139225,0.884445505476006,0.0014055827748554028,15.234071340693218,301.6,48.258853136529915,1.1
786.4338377395915,-45.04226537086659,-187.29939932086137,0.0,7.370111326336755,0.4652086516394981,0.885201056506238,0.005069566686161316,15.25,301.6,48.291911158385155,1.1
786.9337956783961,-44.81036899859993,-186.85647520889566,0.0,7.373505065333746,0.4622018370510673,0.8867747525874982,0.008495114925254317,15.25,301.6,48.324321569550115,1.1
787.4337536172006,-44.580347153640126,-186.41257502402578,0.0,7.378543089438105,0.457728397652799,0.8890920728373418,0.011648384285364882,15.388888888888888,301.6,48.3565211610006,1.1
787.9337115560053,-44.35290450632329,-185.9673482200598,0.0,7.385082937123637,0.45190412396832064,0.892066512509255,0.014504837851856515,15.472222222222223,301.6,48.388889744056456,1.1
788.4336694948098,-44.12868551556813,-185.52048974425614,0.0,7.392970042995111,0.44485431828481536,0.8956029452292753,0.017040121172397036,15.544187669593128,301.6,48.4211815122107,1.1
788.9336274336143,-43.908269956692614,-185.07174347049727,0.0,7.402041975652806,0.4367112745017744,0.8996017244998121,0.01924738640622926,15.638888888888888,301.6,48.45337732785415,1.1
789.433585372419,-43.692170227917664,-184.62090343079197,0.0,7.412131063895053,0.42761304112964166,0.9039618836299789,0.021110734461526465,15.666666666666666,301.6,48.48527300558106,1.1
789.9335433112235,-43.480828098646725,-184.16781407925902,0.0,7.4230656172551726,0.4177032552414063,0.9085835077529927,0.02262815387650504,15.666666666666666,301.6,48.516401157818656,1.1
790.433501250028,-43.27461264524859,-183.71236889775722,0.0,7.434672629245234,0.4071294156226513,0.9133704828462317,0.023797371896020714,15.805555555555555,301.5,48.54787539435845,1.1
790.9334591888327,-43.07381812546095,-183.254508177434,0.0,7.446778166806501,0.3960430141552591,0.9182319592231678,0.024618599935544102,15.916666666666666,301.5,48.57994705612074,1.1
791.4334171276372,-42.87866192118144,-182.79421611789027,0.0,7.459206387114871,0.3846007327144884,0.9230830278991585,0.02508443719901909,16.013923048897194,301.5,48.6110024595206,1.1
791.9333750664418,-42.689281611761594,-182.33151780455603,0.0,7.471779444146843,0.3729646641587267,0.9278455471084442,0.025194372337583336,16.055555555555554,301.5,48.642051706013476,1.1
792.4333330052464,-42.505732811703105,-181.86647535189397,0.0,7.484319502354597,0.36130040740084696,0.9324494708089989,0.02494989453804054,16.11111111111111,301.5,48.67318717122364,1.1
792.9332909440509,-42.32798825564668,-181.39918353761658,0.0,7.496653200248564,0.3497726687223929,0.9368346066488018,0.02436793297665275,16.22045152773232,301.6,48.70387250999673,1.1
793.4332488828555,-42.15594018872777,-180.92976434612987,0.0,7.508619407650545,0.33853753735504377,0.9409528871317534,0.02348117128999749,16.194444444444443,301.6,48.73482845180224,1.1
793.9332068216601,-41.9894068129565,-180.45836026738357,0.0,7.520078289814106,0.3277332793026774,0.9447702882910286,0.02234283940538628,16.083333333333332,301.5,48.76532958262693,1.1
794.4331647604647,-41.828144039325444,-179.9851269211096,0.0,7.530922558424944,0.31746886709856814,0.9482686952668804,0.021027894726311204,16.22222222222222,301.6,48.79623541083787,1.1
794.9331226992692,-41.671861882424736,-179.51022514160644,0.0,7.541081760589764,0.30781899668690416,0.9514449354947808,0.01960943019834186,16.25,301.6,48.826799705136736,1.1
795.4330806380738,-41.520242004154674,-179.0338140521936,0.0,7.550523953043207,0.2988216822880751,0.9543089657938485,0.01816867087710874,16.11610825233116,301.5,48.857640205832155,1.1
795.9330385768784,-41.37295732390456,-178.55604470509462,0.0,7.559260442377218,0.29047307434986147,0.9568831658450994,0.01679306292441609,16.055555555555554,301.5,48.88845907647511,1.1
796.4329965156829,-41.22969212546117,-178.07705444624142,0.0,7.5673387656490085,0.28273366889421553,0.9591984531230313,0.015542681359000696,16.02777777777778,301.5,48.9191932570995,1.1
796.9329544544876,-41.09015790423227,-177.59696383357175,0.0,7.574836104589626,0.2755343541460907,0.9612912252201705,0.014474457993238739,16.0,301.5,48.95076445379663,1.1
797.4329123932921,-40.95410725567074,-177.115874264701,0.0,7.581854359977547,0.26878103639043227,0.963201305271585,0.013629522245295731,15.805555555555555,301.5,48.982493783071945,1.1
797.9328703320966,-40.82134423829083,-176.6338669634334,0.0,7.588510882485277,0.2623635578442973,0.964969099772258,0.01302988583686437,15.496935408246092,301.6,49.01422065060628,1.1
798.4328282709013,-40.69173059397766,-176.15100319768013,0.0,7.594932060741645,0.25616195301585715,0.9666338778602278,0.012690297460257061,15.210729977885858,301.5,49.04682744159222,1.1
798.9327862097058,-40.565189958650194,-175.6673250105967,0.0,7.601251078706299,0.25004870257139644,0.9682332602954524,0.012626741394384473,15.024183546232603,301.5,49.08025878467125,1.1
799.4327441485103,-40.44171290876661,-175.1828557084726,0.0,7.607615435585567,0.24388149806125095,0.9698050396360085,0.012879645488126003,14.916666666666668,301.5,49.113177690655625,1.1
799.932702087315,-40.321366924015756,-174.69759913508793,0.0,7.614196913982122,0.23749351127388263,0.9713891249663043,0.01350793241605213,14.63028144840895,301.5,49.14661973571456,1.1
800.4326600261195,-40.20431158623301,-174.21153842420003,0.0,7.621204316823758,0.23068082118600572,0.9730294747524095,0.014599298121216638,14.345028984891615,301.5,49.1811579130878,1.1
800.9326179649241,-40.090820050933345,-173.72463350816656,0.0,7.628894115032311,0.2231916742262743,0.974774577302913,0.016254672229168234,14.138888888888888,301.5,49.216514390829076,1.1
801.4325759037287,-39.981304025071275,-173.23681942819223,0.0,7.637572660696671,0.21472374970859237,0.9766748237315641,0.018568824418797307,13.916666666666666,301.5,49.25236839570758,1.1
801.9325338425332,-39.87633739044055,-172.748006773466,0.0,7.647586570633451,0.20493281345853173,0.9787760428044664,0.021606251256007587,13.63888888888889,301.5,49.288860655449675,1.1
802.4324917813378,-39.77667329437608,-172.25808615376226,0.0,7.659305221159779,0.19344907036941347,0.98111031855404,0.025388737869316,13.367601892164636,301.5,49.32553266376414,1.1
802.9324497201424,-39.683250936218236,-171.7669382848154,0.0,7.673093466126146,0.17990332103363335,0.9836842964493585,0.029876493934999256,13.182618487937106,301.5,49.36285146886853,1.1
803.432407658947,-39.59718801901227,-171.27444912190262,0.0,7.689283276585232,0.16395477771447892,0.986467855971291,0.034980505667602135,12.953618115825256,301.5,49.40133949566058,1.1
803.9323655977515,-39.519761272053536,-170.7805304112408,0.0,7.708154554949692,0.14531077977615256,0.9893860607876213,0.04057919694716058,12.694444444444445,301.5,49.440462331447385,1.1
804.432323536556,-39.452377788077875,-170.28514417765152,0.0,7.729918068589035,0.12374555061670672,0.992313981914277,0.046528141903658185,12.416666666666668,301.5,49.48021739621684,1.1
804.9322814753607,-39.39654036889865,-169.7883269900063,0.0,7.754718385674918,0.0991003186074972,0.9950774476652019,0.052707991274925516,12.13888888888889,301.6,49.52129601543971,1.1
805.4322394141652,-39.35381649080906,-169.29021412812529,0.0,7.78264824247576,0.07127291078983197,0.9974568522936441,0.05903828202842179,12.13888888888889,301.6,49.56190104068925,1.1
805.9321973529699,-39.32581509825334,-168.79106120222792,0.0,7.813775259339025,0.04019554289134997,0.9991918325985605,0.06549543426886174,11.762719505125895,301.5,49.60508419563094,1.1
806.4321552917744,-39.314174366603346,-168.29126329509384,0.0,7.8481649855329625,0.005816615642078075,0.9999830833481496,0.07209361306137951,11.666666666666666,301.5,49.64774789182798,1.1
806.9321132305789,-39.320556545230126,-167.79137577384932,0.0,7.885895877483929,-0.03190882624176061,0.9994907837533437,0.07885957067685215,11.532833235549823,301.5,49.691636007040415,1.1
807.4320711693836,-39.34664243737195,-167.29213409535924,0.0,7.927052766533444,-0.07300612403256863,0.9973314924606268,0.08578667027219335,11.416666666666666,301.5,49.73650087015304,1.1
807.9320291081881,-39.39411445889376,-166.79447662227457,0.0,7.97170234794786,-0.11744900343646071,0.9930789150877095,0.0927946101358626,11.305555555555555,301.5,49.78122832765801,1.1
808.4319870469926,-39.46461718657039,-166.29956352266723,0.0,8.01984282831329,-0.16510176787946107,0.9862765363948777,0.09969228546784824,11.027777777777779,301.5,49.82574348480134,1.1
808.9319449857973,-39.55968794533899,-165.80878445216277,0.0,8.071351163726971,-0.21566180183047579,0.9764681189016017,0.10618774325181242,10.944444444444445,301.5,49.87197145700816,1.1
809.4319029246018,-39.6806614069619,-165.3237471441584,0.0,8.125938184117567,-0.26861659103532864,0.9632471785686989,0.11192747791453692,11.043627053106727,301.5,49.918858852176314,1.1
809.9318608634064,-39.828562388790964,-164.8462379402248,0.0,8.18313485391612,-0.3232418225244101,0.9463163974966817,0.11655419003563354,10.75,301.5,49.96621040552071,1.1
810.431818802211,-40.00400647393184,-164.37815211964164,0.0,8.2423023620566,-0.37863470598549925,0.9255461951859965,0.1197674429521053,10.75,301.5,50.014663908726895,1.1
810.9317767410155,-40.207128586716294,-163.92139911682477,0.0,8.302676218679041,-0.4337897064106254,0.9010141456226886,0.12136385645634815,10.544952302980576,301.5,50.0627634341854,1.1
811.4317346798201,-40.43755229989755,-163.47779362556736,0.0,8.363411929243238,-0.4876799610123783,0.8730224828874484,0.12122128739590295,10.638888888888888,301.5,50.11059735937532,1.1
811.9316926186247,-40.69439716119354,-163.04894286562939,0.0,8.42361750984637,-0.5393254565082749,0.842097412394873,0.11926195669036598,10.444444444444445,301.5,50.15981982705476,1.1
812.4316505574293,-40.9763142458691,-162.6361369494466,0.0,8.482364892873273,-0.5878376172594109,0.8089789464100895,0.11541389598502703,10.472222222222223,301.5,50.20786857588608,1.1
812.9316084962338,-41.28153818239271,-162.24024545168717,0.0,8.538682388411722,-0.6324412417290133,0.7746083370066861,0.10957200337475399,10.611111111111112,301.5,50.25556581681605,1.1
813.4315664350383,-41.607946255271465,-161.8616198564663,0.0,8.591542063852042,-0.672484361070829,0.7401113322434396,0.10162893796352818,10.590178993383208,301.5,50.30350711247641,1.1
813.931524373843,-41.95312426562716,-161.50001039455222,0.0,8.639873379264683,-0.707455710142046,0.7067576799635171,0.0915269997720488,10.583333333333334,301.5,50.351722892506906,1.1
814.4314823126475,-42.314441704484096,-161.15451136861384,0.0,8.682611786194256,-0.737006201979521,0.6758859802094739,0.07934690630577206,10.472222222222223,301.6,50.39997516524114,1.1
814.9314402514522,-42.68913816211575,-160.82355371425712,0.0,8.71878251518314,-0.7609660921083035,0.6487916511958343,0.06534762794367391,10.388888888888888,301.6,50.44787573922293,1.1
815.4313981902567,-43.074413073194684,-160.5049566659524,0.0,8.747588885225964,-0.7793371341984949,0.6266048445865042,0.04994703739970001,10.529851922969327,301.5,50.49614933845379,1.1
815.9313561290612,-43.4675024670368,-160.19603981013574,0.0,8.768486408342419,-0.7922605057766909,0.6101829979493545,0.03371931282734633,10.638888888888888,301.5,50.543536999977285,1.1
816.4313140678659,-43.86573753729421,-159.89377562747163,0.0,8.781213250070579,-0.7999618372386348,0.6000508803108183,0.017253238735017055,10.527777777777777,301.5,50.591170969044676,1.1
816.9312720066704,-44.26657008944376,-159.59495990360702,0.0,8.785777951451909,-0.802692546621402,0.596393054619559,0.0010659573882002762,10.527777777777777,301.5,50.638833543311165,1.1
817.4312299454749,-44.66757464918232,-159.29637457282618,0.0,8.782416867993922,-0.8006834896079831,0.5990875974923724,-0.014448723641861755,10.638888888888888,301.5,50.68599023396691,1.1
817.9311878842796,-45.06642915791892,-158.99492698476956,0.0,8.771534050816388,-0.7941164432150887,0.6077656411935581,-0.029014608083572917,10.611111111111112,301.5,50.733117694911265,1.1
818.4311458230841,-45.46088845544732,-158.68775713249283,0.0,8.7536430346154,-0.7831163879906204,0.6218751666215044,-0.04246653530124223,10.555555555555555,301.5,50.78100789589079,1.1
818.9311037618887,-45.84875766240338,-158.3723163305715,0.0,8.729328638498206,-0.7677658848302609,0.6407304785093391,-0.054684163489101774,10.638888888888888,301.5,50.82823994685548,1.1
819.4310617006932,-46.227880028569984,-158.04642432801847,0.0,8.699231259724105,-0.7481367732880497,0.6635445489597103,-0.06556247321973357,10.638888888888888,301.5,50.87562073181279,1.1
819.9310196394978,-46.59613969163704,-157.70831664269443,0.0,8.664050855261557,-0.7243349006038265,0.6894482952094702,-0.07497160003187996,10.694444444444445,301.5,50.92254919623562,1.1
820.4309775783024,-46.95149334630561,-157.35667878009963,0.0,8.62455567432351,-0.69654723360003,0.7175109416337463,-0.08277597927169274,10.777777777777777,301.5,50.9693394355738,1.1
820.930935517107,-47.29201800939496,-156.99067001354078,0.0,8.581574060036896,-0.6650736415421103,0.7467777790788345,-0.08888269724883736,10.694444444444445,301.5,51.016809526931446,1.1
821.4308934559116,-47.61597020411499,-156.60992146898042,0.0,8.535960978874709,-0.6303308758646977,0.7763265981090968,-0.09328626691184794,10.638888888888888,301.5,51.063419417369886,1.1
821.9308513947161,-47.92183987145563,-156.21450432345824,0.0,8.488549028307114,-0.5928291802822512,0.8053282330862828,-0.09608676237155155,10.638888888888888,301.5,51.111513142613695,1.1
822.4308093335206,-48.20838642516391,-155.80487034752795,0.0,8.440096125882354,-0.5531282045698505,0.8330961464977098,-0.09747461191105913,10.54469572454084,301.5,51.15878190783306,1.1
822.9307672723253,-48.474652399191264,-155.38177389602413,0.0,8.391254017585073,-0.5117945817406967,0.859107854754492,-0.09767616450528711,10.527777777777777,301.5,51.20664164570831,1.1
823.4307252111298,-48.719958719417484,-154.9461900183067,0.0,8.342560134760468,-0.46937117764116437,0.8830009612677364,-0.09691578187509563,10.694444444444445,301.5,51.253882144491456,1.1
823.9306831499345,-48.94388782367131,-154.499238767734,0.0,8.294446262189723,-0.4263597922256192,0.9045536620750185,-0.09538299580623799,10.721929430069602,301.5,51.30202108103499,1.1
824.430641088739,-49.146262443059754,-154.0421216818212,0.0,8.247261027807419,-0.38321950640161334,0.923657301120553,-0.09322961782087687,10.583333333333334,301.5,51.350437946206895,1.1
824.9305990275435,-49.32712255191852,-153.57607072917918,0.0,8.20127958167998,-0.34035832458741977,0.9402958103086734,-0.09059940727993657,10.611111111111112,301.5,51.39855956888335,1.1
825.4305569663481,-49.4866966202327,-153.102306380703,0.0,8.156702821596994,-0.2981187591400306,0.9545287871242063,-0.08765363161990013,10.499999999999998,301.5,51.446363714258545,1.1
825.9305149051527,-49.625362741360064,-152.62200330215165,0.0,8.11364273603731,-0.25675302956524604,0.9664770467057497,-0.08457936256293429,10.277777777777777,301.5,51.49501735620393,1.1
826.4304728439572,-49.74359892261951,-152.13626442925562,0.0,8.072113473651939,-0.21640611043453006,0.9763034340647369,-0.08158019412222801,10.11111111111111,301.5,51.5442842566584,1.1
826.9304307827618,-49.84192629328007,-151.6461051230672,0.0,8.032026911359536,-0.1771060911040939,0.984191766117675,-0.07884836493784672,10.0,301.5,51.59395764280181,1.1
827.4303887215664,-49.92085351198041,-151.15244830296803,0.0,7.993210531447935,-0.1387795151772934,0.9903233038594798,-0.0765218977792653,9.839189283750782,301.5,51.64557837156995,1.1
827.930346660371,-49.980833918679636,-150.65613122039815,0.0,7.955440995325284,-0.10128538044473012,0.9948574127522829,-0.07466534263862634,9.555555555555555,301.4,51.69663426292153,1.1
828.4303045991755,-50.022242133081434,-150.15791953300896,0.0,7.918484330015765,-0.06445797704934561,0.9979204222755971,-0.07325538186535639,9.416666666666666,301.4,51.74887971713673,1.1
828.9302625379801,-50.045373746454636,-149.65852450342243,0.0,7.882138835039627,-0.028153480576530315,0.9996036122040711,-0.07219494874828444,9.333333333333334,301.4,51.80349832581896,1.1
829.4302204767847,-50.05046519053255,-149.1586192500999,0.0,7.846265077640286,0.007716479753723125,0.9999702275269051,-0.0713377732675339,9.21256660761421,301.4,51.858695204251774,1.1
829.9301784155892,-50.03772754231255,-148.65884977096508,0.0,7.810806136993516,0.04316208415447783,0.9990680830110837,-0.07050423444307503,9.0,301.4,51.91580385045139,1.1
830.4301363543939,-50.007388780949256,-148.15983872596573,0.0,7.775795616178306,0.07810638292397463,0.9969450300525768,-0.06951991791399757,8.63888888888889,301.4,51.972351847663965,1.1
830.9300942931984,-49.959735577015394,-147.66218183215173,0.0,7.7413506602298385,0.11239299027356349,0.9936638343712458,-0.06822437828939898,8.63888888888889,301.4,52.03220795953636,1.1
831.4300522320029,-49.89515030393815,-147.1664369633957,0.0,7.707661527276947,0.14579855680258477,0.9893142983068037,-0.0664879940421661,8.694444444444445,301.4,52.088919844889176,1.1
831.9300101708076,-49.81413819560116,-146.67310877688283,0.0,7.674965061710462,0.17806194783398588,0.9840192796554176,-0.06425799939406071,8.694444444444445,301.4,52.1463736778243,1.1
832.4299681096121,-49.717335960047336,-146.1826328912961,0.0,7.643507546655552,0.20892354845632682,0.9779319766223092,-0.06154328651347663,8.71309030217059,301.4,52.20334250175628,1.1
832.9299260484167,-49.60550146823645,-145.69536275940135,0.0,7.613503281113882,0.23816724151256502,0.9712241579935579,-0.05846260300628122,8.865665127142542,301.4,52.26032788915426,1.1
833.4298839872213,-49.479479755227985,-145.21156562179138,0.0,7.585088141970076,0.265664853416069,0.9640654467718561,-0.055201924909982034,8.833333333333334,301.4,52.31701356686418,1.1
833.9298419260258,-49.3401521096881,-144.73142952132906,0.0,7.55828734969267,0.2914040726857341,0.9566000556252165,-0.05202131051156111,8.833333333333334,301.4,52.37368219284402,1.1
834.4297998648304,-49.18837380124708,-144.25508097999267,0.0,7.532997901038782,0.3155002024021957,0.9489255093442127,-0.049179160616698865,9.11111111111111,301.4,52.428879633985666,1.1
834.929757803635,-49.024912479488215,-143.78261252027147,0.0,7.508992438106767,0.3381865097243737,0.9410791064732263,-0.046911254100772334,9.060853499977382,301.4,52.484381451998374,1.1
835.4297157424395,-48.850394870251,-143.31411450748362,0.0,7.485940529413929,0.35978840753956,0.9330339231775807,-0.04538711068479948,9.166666666666666,301.4,52.53905600562609,1.1
835.9296736812441,-48.66527035069544,-142.84970479346904,0.0,7.4634484185989525,0.3806815367841504,0.9247062060739387,-0.04468591072420179,9.194444444444445,301.4,52.59340096465241,1.1
836.4296316200487,-48.46979750458223,-142.3895548735253,0.0,7.441103450253212,0.4012473155356098,0.9159697548366249,-0.04480074366111524,9.305555555555555,301.4,52.64720707000157,1.1
836.9295895588533,-48.26405127370456,-141.93390603670923,0.0,7.418516458673827,0.42183220930192755,0.9066739144783282,-0.045644225916679396,9.472222222222223,301.4,52.69969309255628,1.1
837.4295474976578,-48.04794912781697,-141.48307713994234,0.0,7.395357014529804,0.4427152742704674,0.8966622474084792,-0.04707253203456643,9.460034867350851,301.4,52.75287748955074,1.1
837.9295054364624,-47.821289596133404,-141.03746351672177,0.0,7.371372812304749,0.46409161306991814,0.8857872062059609,-0.04892095322509932,9.666666666666666,301.4,52.80644342614501,1.1
838.429463375267,-47.5837952638633,-140.59753014241196,0.0,7.346393584664327,0.48607081222025,0.8739194273544595,-0.05103214496031067,9.722222222222221,301.4,52.85807353612417,1.1
838.9294213140715,-47.33515277018317,-140.16380116582593,0.0,7.320320433611427,0.5086888555286927,0.8609504331033865,-0.053275215193153626,9.75,301.4,52.91028307964892,1.1
839.4293792528762,-47.07504729719272,-139.73684962865963,0.0,7.29311753442062,0.5319181122833445,0.8467957970047579,-0.05553420285223698,9.805555555555555,301.4,52.96130907665532,1.1
839.9293371916807,-46.803190649193695,-139.31728413822321,0.0,7.264799817479103,0.5556809748109098,0.8313956063350328,-0.05771694610755867,9.916666666666668,301.4,53.0119353903957,1.1
840.4292951304852,-46.519344378862414,-138.90573671224456,0.0,7.2354283173192915,0.5798571285180398,0.8147181785788343,-0.059728963572174235,10.23431773623153,301.4,53.06087087700867,1.1
840.9292530692899,-46.22334063955188,-138.50284653691125,0.0,7.205113450901406,0.6042849971852191,0.7967682487253491,-0.061469215585336155,10.222222222222221,301.4,53.10989634264021,1.1
841.4292110080944,-45.915101650869,-138.10923960504786,0.0,7.174015713909433,0.6287665240256467,0.7775941475247263,-0.06283948347023097,10.277777777777777,301.4,53.15837860262813,1.1
841.929168946899,-45.59465605402438,-137.72550585261536,0.0,7.142342709488755,0.6530757928762175,0.7572925516331848,-0.06374998201023126,10.222222222222221,301.4,53.20639280034222,1.1
842.4291268857036,-45.26215033760178,-137.3521743047058,0.0,7.110344223165847,0.6769695585573234,0.7360110167563408,-0.06412387821109651,10.305555555555555,301.4,53.2545621883886,1.1
842.9290848245081,-44.91785425420509,-136.9896875079018,0.0,7.078305111821284,0.7001992368421872,0.7139474971772215,-0.06389365396283592,10.37741796923639,301.3,53.303174093785024,1.1
843.4290427633127,-44.562161763660804,-136.63837592413532,0.0,7.04654592314071,0.7225167216436419,0.6913534457463304,-0.06297973862795736,10.497547199079309,301.4,53.35182339833371,1.1
843.9290007021173,-44.195591293978026,-136.29842928986932,0.0,7.015434510081445,0.7436725936056244,0.6685439952014255,-0.06126906605675881,10.499999999999998,301.3,53.399624162806006,1.1
844.4289586409218,-43.81878701173079,-135.96986022405468,0.0,6.985403405357461,0.7634113688824596,0.6459125961467302,-0.05862435533265186,10.499999999999998,301.3,53.4471912311397,1.1
844.9289165797264,-43.43252181756972,-135.65246400990765,0.0,6.956954186973088,0.78147568300983,0.6239356993026763,-0.0549125902613041,10.527777777777777,301.3,53.49573696231245,1.1
845.428874518531,-43.03769585425673,-135.34577871630853,0.0,6.930645456964531,0.7976183120163617,0.6031625223239339,-0.050052887618416884,10.555555555555555,301.4,53.54303581496699,1.1
845.9288324573356,-42.63532507633542,-135.04905633576107,0.0,6.907052037930891,0.8116256713506235,0.5841778578520841,-0.04407038523136551,10.611111111111112,301.38375796786573,53.59032484064269,1.1
846.4287903961401,-42.22651885793198,-134.76125983633995,0.0,6.886705247922979,0.8233429980245484,0.5675441019021769,-0.03711154497378573,10.583333333333334,301.3,53.63829399825974,1.1
846.9287483349447,-41.812445549911516,-134.4810894745543,0.0,6.8700321878408035,0.8326908182241605,0.5537382064163338,-0.029446965677958823,10.499999999999998,301.3,53.68561670229983,1.1
847.4287062737493,-41.39429226486796,-134.20704113714154,0.0,6.85730289069802,0.8396718644186902,0.5430940619300129,-0.021413130184394998,10.392682514425006,301.4,53.733726858961404,1.1
847.9286642125538,-40.973227018930366,-133.93748506877026,0.0,6.848616783096935,0.844357502780997,0.5357801858014521,-0.013344252702330174,10.222222222222221,301.4,53.78223394332914,1.1
848.4286221513585,-40.550369270975146,-133.6707476816889,0.0,6.843918653960136,0.846865339534384,0.5318073868378592,-0.00551160901147483,10.073372380003253,301.4,53.83071718863977,1.1
848.928580090163,-40.12677410612454,-133.40518205142587,0.0,6.843044902189009,0.8473296838550773,0.5310672338396096,0.0019319891865676915,9.90760267849597,301.4,53.88065260714829,1.1
849.4285380289675,-39.70343209254591,-133.1392133920782,0.0,6.845787523273847,0.8458699826956508,0.5333891378482125,0.008957296525402149,9.722222222222221,301.4,53.93132690536417,1.1
849.9284959677722,-39.28128284424008,-132.8713566763405,0.0,6.851949934580976,0.8425669792074476,0.5385915758246099,0.015631542203935228,9.572858879864201,301.4,53.982754160649776,1.1
850.4284539065767,-38.861238549338836,-132.60021292549794,0.0,6.861382068175216,0.8374495075675158,0.5465147045367812,0.022059383500577668,9.388888888888888,301.4,54.03538838500186,1.1
850.9284118453813,-38.44420996099736,-132.32445623158026,0.0,6.873984154937772,0.8304959662559399,0.5570246404178298,0.028328290413889342,9.361111111111112,301.4,54.088564700552375,1.1
851.4283697841859,-38.03112822558269,-132.04282461091822,0.0,6.889681952655538,0.8216499415811803,0.569992432844194,0.03444085028790542,9.388888888888888,301.4,54.14219624157266,1.1
851.9283277229904,-37.62295546356405,-131.75412804821667,0.0,6.908378491134695,0.8108500729680231,0.5852539270844336,0.04030860744076867,9.333333333333334,301.4,54.195296688106765,1.1
852.428285661795,-37.22067950909418,-131.45727409614415,0.0,6.929914280325047,0.7980591171121476,0.6025791612677786,0.04577656019516653,9.222222222222223,301.4,54.249709244579485,1.1
852.9282436005996,-36.825295209118316,-131.15130486023335,0.0,6.954044040997826,0.7832881152743216,0.6216588521608947,0.050665162933281806,9.235355080317591,301.4,54.30294556578287,1.1
853.4282015394041,-36.43777741246441,-130.8354357335211,0.0,6.980439404857864,0.7666082604591664,0.6421150792465248,0.05483100051823374,9.194444444444445,301.4,54.35750751077719,1.1
853.9281594782087,-36.05905063052288,-130.50908117347078,0.0,7.00871872628375,0.7481455863816845,0.6635346121926161,0.05820660030307876,9.083333333333334,301.4,54.412306042791606,1.1
854.4281174170133,-35.689966412096936,-130.17186266003748,0.0,7.03848921610358,0.7280632442121664,0.6855099652282637,0.060812144802257766,9.083333333333334,301.4,54.46781478830054,1.1
854.9280753558179,-35.33129035540889,-129.82359635149342,0.0,7.069386650226977,0.7065386193942107,0.7076744868260567,0.06273529215441223,9.224530963685735,301.4,54.52183377061463,1.1
855.4280332946224,-34.98369925722426,-129.4642672822683,0.0,7.101095832796236,0.6837474274023484,0.7297187509723663,0.06407771031929553,9.083333333333334,301.4,54.5765863828954,1.1
855.927991233427,-34.64778347679812,-129.0940013983903,0.0,7.133347990324088,0.6598609164933178,0.7513877633316893,0.06492136083336009,9.166666666666666,301.5,54.631273258763606,1.1
856.4279491722316,-34.32404739100742,-128.71304110586684,0.0,7.165903246302697,0.6350539720472475,0.7724677679923052,0.06528987733993213,9.194444444444445,301.5,54.68542002521914,1.1
856.9279071110361,-34.01290331944675,-128.32172906350613,0.0,7.1985225414514575,0.6095232614958073,0.7927681840837925,0.06516421516036766,9.280038470891277,301.40813849520856,54.740162769904174,1.1
857.4278650498408,-33.71465614320131,-127.92050017246812,0.0,7.230944834966832,0.5835040628338362,0.8121102195246693,0.06448751072670685,9.249999999999998,301.5,54.79472457661056,1.1
857.9278229886453,-33.42948250163274,-127.50987550069694,0.0,7.262883346258475,0.5572732991186123,0.8303291335906849,0.06321451345501643,9.138888888888888,301.5,54.848552494531326,1.1
858.4277809274498,-33.15741131663106,-127.0904532637707,0.0,7.294032053786285,0.5311434788024763,0.8472818922446079,0.06131959707755181,9.222222222222223,301.5,54.90298457853416,1.1
858.9277388662545,-32.89831019762839,-126.66289534476897,0.0,7.324086083745248,0.5054432184466585,0.8628598686497614,0.0588338243280694,9.058332247043383,301.5,54.95780007821288,1.1
859.427696805059,-32.65188382723282,-126.22790706664696,0.0,7.352765993396746,0.48049200907082024,0.8769991044574029,0.055826513152510776,9.336696978117553,301.5,55.012242182424465,1.1
859.9276547438636,-32.417683148115344,-125.78621397758941,0.0,7.379831795392656,0.4565822396323848,0.889681211700166,0.052388646782102345,9.249999999999998,301.5,55.066447514827445,1.1
860.4276126826682,-32.19512347740027,-125.3385401624463,0.0,7.405095812915064,0.4339620051383259,0.9009311727853153,0.04863056283794624,9.212654400351111,301.5,55.12131111682528,1.1
860.9275706214727,-31.983508072629917,-124.88558811772181,0.0,7.428420882328208,0.41283158336040804,0.9108073801743914,0.044645713033090555,9.333333333333334,301.4,55.174741530494515,1.1
861.4275285602773,-31.782051778110997,-124.42802512652213,0.0,7.449714792347822,0.39334480691599644,0.9193910282748127,0.040514547428589544,9.267416008485805,301.5,55.229253952610975,1.1
861.9274864990819,-31.589902353190382,-123.96647460411693,0.0,7.4689180294010145,0.37561808460679297,0.9267745435197948,0.036291439368785074,9.277777777777777,301.5,55.283209346161236,1.1
862.4274444378864,-31.406157389495608,-123.50151261030071,0.0,7.485996656213372,0.3597360387650021,0.9330541154797319,0.03202559977592736,9.194444444444445,301.5,55.33676065948595,1.1
862.927402376691,-31.22987997196048,-123.03366688679027,0.0,7.500942189861721,0.34575139003952987,0.9383261566671436,0.02777445300691927,9.277777777777777,301.4,55.39080787314722,1.1
863.4273603154955,-31.060116535919924,-122.56341706704677,0.0,7.513781179159966,0.33367606515105136,0.9426877974946485,0.023624344339964083,9.305555555555555,301.4,55.44451390908196,1.1
863.9273182543002,-30.895921096869685,-122.0911931842037,0.0,7.524593617418875,0.3234640054981739,0.9462404753270055,0.019706428707487178,9.166666666666666,301.4,55.49851627501485,1.1
864.4272761931047,-30.736390063886933,-121.61737233242256,0.0,7.533537692615244,0.3149879344660104,0.9490956754410149,0.01619803159297442,9.138888888888888,301.4,55.55362646356669,1.1
864.9272341319092,-30.58070755799232,-121.14227262390578,0.0,7.54086805936243,0.3080223146070401,0.9513791324724973,0.013302579490512478,9.222222222222223,301.4,55.60775425918335,1.1
865.4271920707139,-30.42819644176159,-120.66614493638541,0.0,7.546942321500781,0.3022377414206436,0.9532325779477683,0.011216682005463864,9.085382807598679,301.4,55.66185243785289,1.1
865.9271500095184,-30.27836758190417,-120.18916616591176,0.0,7.552205487227711,0.2972165574281433,0.9548100952496068,0.010081072939707546,8.833333333333334,301.4,55.716964293721354,1.1
866.427107948323,-30.130955104157618,-119.71143509927441,0.0,7.557150072977733,0.2924918029692358,0.9562680299977646,0.009936278764372818,8.805555555555555,301.4,55.773812482601095,1.1
866.9270658871276,-29.98592735576858,-119.23297478111698,0.0,7.562257030108186,0.28760439013038286,0.9577492964120259,0.0106906563578751,8.555555555555555,301.4,55.83200596717744,1.1
867.4270238259321,-29.843466488088207,-118.75374405516746,0.0,7.567928236599315,0.28216820018168504,0.9593649497486494,0.012131380577073976,8.416666666666666,301.4,55.88993340466088,1.1
867.9269817647368,-29.703918821784555,-118.27365713539935,0.0,7.574434775692691,0.27592012589333176,0.9611805679095932,0.013955797708944392,8.194444444444445,301.4,55.9495762769185,1.1
868.4269397035413,-29.567723993825656,-117.79260858844381,0.0,7.581884560336348,0.268751947242848,0.9632094221160721,0.01583570009399254,8.25,301.4,56.00901142336295,1.1
868.9268976423459,-29.435337432486833,-117.3104984169653,0.0,7.59022895269309,0.26070528678041277,0.9654184343820781,0.01748365519367957,8.222222222222223,301.4,56.07021132462307,1.1
869.4268555811504,-29.30716205324064,-116.82725186015759,0.0,7.5992962401299335,0.25194096332692195,0.9677426057572863,0.018702506310288813,8.13888888888889,301.4,56.130097241748885,1.1
869.926813519955,-29.18350091733472,-116.34283062401038,0.0,7.608846239310652,0.24268767398191873,0.9701044752485404,0.019415350295724325,8.13888888888889,301.4,56.19094903830559,1.1
870.4267714587596,-29.064537104643023,-115.85723451132104,0.0,7.61862449964733,0.2331902889110013,0.9724311230918125,0.01962823748205617,8.166666666666666,301.4,56.25175458902813,1.1
870.9267293975641,-28.950334542901583,-115.37049659547993,0.0,7.628398817316797,0.22367445045114195,0.9746639114153041,0.019421524845092606,8.277777777777779,301.4,56.31332979423087,1.1
871.4266873363687,-28.840854968096146,-114.88267464029964,0.0,7.637982743230917,0.21432321437817056,0.9767627960659685,0.018884471079266035,8.194444444444445,301.4,56.375841748366106,1.1
871.9266452751733,-28.735979547021596,-114.39384204976415,0.0,7.64723774260917,0.20527422549661886,0.9787044969482684,0.01812173342838894,8.149369226883975,301.4,56.436754584335645,1.1
872.4266032139778,-28.635532951187887,-113.9040800474015,0.0,7.656074960158368,0.1966172979782849,0.9804803099173988,0.01722323693857119,8.333333333333334,301.4,56.496788706954796,1.1
872.9265611527825,-28.539306632787493,-113.41347123705485,0.0,7.664455575878695,0.18839346082595856,0.9820936329688824,0.01630219524805749,8.25,301.4,56.555937976085836,1.1
873.426519091587,-28.44708689415704,-112.9220934578319,0.0,7.672405532605351,0.1805799878118156,0.9835603021685475,0.015506397039876715,8.222222222222223,301.4,56.617915615395404,1.1
873.9264770303915,-28.358690666676743,-112.43001335917596,0.0,7.680031283108052,0.17307442451206256,0.984908748859415,0.015019407387171215,8.277777777777779,301.4,56.67707363606587,1.1
874.4264349691962,-28.274010032946578,-111.93728019269739,0.0,7.687539392302414,0.16567481332804687,0.986180437966966,0.015061532332633024,8.277777777777779,301.4,56.73864395918716,1.1
874.9263929080007,-28.193065910653896,-111.443919532229,0.0,7.695248698042404,0.1580671988425163,0.9874283572239965,0.015855252258054432,8.25,301.4,56.80021614006868,1.1
875.4263508468053,-28.116062382888614,-110.94992870973476,0.0,7.703579166306177,0.1498360687500702,0.988710853840254,0.01757607410265781,8.166666666666666,301.4,56.85976744200648,1.1
875.9263087856099,-28.043430679631708,-110.45527656736678,0.0,7.713021005835381,0.14049427946205068,0.990081490301904,0.020315904325708074,8.38888888888889,301.4,56.922387882862175,1.1
876.4262667244144,-27.975851883008716,-109.95990955277443,0.0,7.724075053849037,0.1295415104664298,0.9915739997932962,0.024019184313112337,8.25,301.4,56.981893025446176,1.1
876.926224663219,-27.914245661342346,-109.4637654082351,0.0,7.737181103355686,0.11653513915374358,0.9931865692519294,0.02848871096925878,8.333333333333334,301.5,57.04225855657116,1.1
877.4261826020236,-27.859723054737827,-108.96679428564235,0.0,7.752643478924963,0.10116479671373418,0.9948696818708814,0.033384488995047354,8.36111111111111,301.5,57.10190724934789,1.1
877.9261405408282,-27.813504678472132,-108.46898404998959,0.0,7.770574724125568,0.08331023716432102,0.9965236597209444,0.03828639072103169,8.277777777777779,301.5,57.1604784987459,1.1
878.4260984796327,-27.776816999639664,-107.97038259842277,0.0,7.790868588000983,0.06307115507495464,0.9980090327234072,0.04275247095064444,8.444444444444445,301.5,57.22101303184339,1.1
878.9260564184373,-27.75078169683013,-107.47111343522629,0.0,7.813205782623454,0.04076455282586542,0.9991687801532367,0.046382894453258085,8.305555555555555,301.5,57.28094409280254,1.1
879.4260143572419,-27.736313199178227,-106.97137675599004,0.0,7.837084298851942,0.016896531046351082,0.9998572434295806,0.04885321690974079,8.38888888888889,301.5,57.341572822946574,1.1
879.9259722960464,-27.734034071936577,-106.47143677957907,0.0,7.861860016989575,-0.007878301514892206,0.9999689657010564,0.04991733080473585,8.277777777777779,301.5,57.403021411768655,1.1
880.425930234851,-27.744210008933443,-105.97159532822417,0.0,7.886779675894429,-0.032792162030769005,0.9994621924361861,0.0493835729964326,8.222222222222223,301.5,57.466341717501784,1.1
880.9258881736556,-27.766700377553438,-105.47215574476117,0.0,7.911003422060489,-0.05699089220103074,0.9983746983002576,0.04708956882393506,8.444444444444445,301.5,57.5258039518598,1.1
881.4258461124601,-27.800918519751516,-104.97338081761022,0.0,7.933612044036462,-0.07954628063866533,0.9968311738888159,0.042886372429466156,8.555555555555555,301.5,57.585592280175,1.1
881.9258040512648,-27.845798729188665,-104.4754498017969,0.0,7.9536208986316055,-0.09947447699022603,0.9950401139790903,0.036668615779509646,8.432867397629677,301.5,57.64483354737066,1.1
882.4257619900693,-27.899775970577785,-103.9784197947306,0.0,7.970010486007455,-0.11576868372496127,0.9932762011991377,0.028412435893256722,8.444444444444445,301.5,57.70365709816017,1.1
882.9257199288738,-27.960786065582013,-103.48220133552267,0.0,7.981778561039258,-0.12744934662363064,0.9918450806679487,0.018222748087869903,8.527777777777777,301.6,57.7625857958683,1.1
883.4256778676785,-28.02629583639706,-102.9865546930019,0.0,7.988014423983539,-0.1336318385349106,0.9910310447860751,0.006362062219810629,8.416666666666666,301.5,57.82165488629622,1.1
883.925635806483,-28.0933677874513,-102.4911162040545,0.0,7.987976693079611,-0.13359444594265898,0.9910360861307089,-0.006760460081146373,8.38888888888889,301.5,57.880811084752075,1.1
884.4255937452876,-28.15875616238921,-101.9954537374742,0.0,7.9811569771610085,-0.12683280713038717,0.9919241095141432,-0.02064015074706648,8.333333333333334,301.5,57.93983559540649,1.1
884.9255516840922,-28.21902312217876,-101.49914545692296,0.0,7.967308195439785,-0.1130841433892376,0.9935854148053515,-0.03475598092562899,8.333333333333334,301.6,57.999798534092065,1.1
885.4255096228967,-28.27065884700989,-101.00187020699255,0.0,7.9464324226139835,-0.09231914647654903,0.9957294688788926,-0.04865219622948551,8.333333333333334,301.6,58.05924192766295,1.1
885.9254675617013,-28.310189829070453,-100.50349361379115,0.0,7.9187307930692965,-0.064703925603592,0.9979045054570527,-0.061999129612761994,8.333333333333334,301.6,58.11996820207555,1.1
886.4254255005059,-28.334263982606817,-100.00414004887094,0.0,7.884537237193223,-0.030550848760236518,0.9995332138753715,-0.07458686821904251,8.36111111111111,301.6,58.18146767024024,1.1
886.9253834393105,-28.33971509687173,-99.50424546688934,0.0,7.844268157940095,0.009713323288080559,0.9999528245625897,-0.08629086369402801,8.472222222222221,301.6,58.241781798435056,1.1
887.425341378115,-28.323616640010965,-99.00459056569082,0.0,7.7984018067102845,0.055551216250310974,0.9984558389699122,-0.09695858831373706,8.5,301.6,58.302466672574454,1.1
887.9252993169196,-28.283348949920967,-98.50631105260801,0.0,7.74751705286358,0.10626357092495885,0.9943379976116151,-0.10634271012386572,8.527777777777777,301.6,58.36407740402863,1.1
888.4252572557242,-28.21669544544085,-98.01088024750302,0.0,7.6923547858028805,0.1609240639781933,0.9869667905419829,-0.11403498337356976,8.555555555555555,301.6,58.424072039047836,1.1
888.9252151945287,-28.121974758775377,-97.52004964293381,0.0,7.633896924948177,0.21831228962051177,0.9758789598104111,-0.11950388918856682,8.63888888888889,301.6,58.48166767018513,1.1
889.4251731333333,-27.998191915939127,-97.03573626425053,0.0,7.573405841847629,0.2769089708773852,0.9608961556003996,-0.12218176550290032,8.672838489157154,301.6,58.540444371219316,1.1
889.9251310721379,-27.84517370687798,-96.55985217573904,0.0,7.512413053534088,0.3349654677996685,0.942230404615426,-0.12158140240899877,8.75,301.6,58.59855049511491,1.1
890.4250890109424,-27.66365012299203,-96.09409189815241,0.0,7.452649763527106,0.3906447304736784,0.9205415224492305,-0.11729454691294304,8.722222222222221,301.6,58.6564706731066,1.1
890.9250469497471,-27.45525489632922,-95.63971088978846,0.0,7.395937969071104,0.4421942795851143,0.8969192935276851,-0.10930692241622562,8.777777777777779,301.6,58.71607718652937,1.1
891.4250048885516,-27.222442950375005,-95.19733059201855,0.0,7.344073420653826,0.48809713850635167,0.8727893121377641,-0.09782891684794492,8.696992454131516,301.6,58.77418345669747,1.1
891.9249628273561,-26.968348657522025,-94.76680634661129,0.0,7.2987220916594975,0.5271638675805664,0.8497636475617788,-0.08322598421328779,8.86111111111111,301.6,58.83145893725707,1.1
892.4249207661608,-26.696611561609913,-94.34717822661446,0.0,7.261329150272504,0.5585631197518343,0.8294620191745359,-0.06601757201998999,8.722222222222221,301.6,58.88866565194014,1.1
892.9248787049653,-26.411202755052468,-93.93671124519796,0.0,7.233051013323633,0.5817923209229047,0.8133373809896727,-0.04684157846869136,8.777777777777779,301.6,58.946482335716745,1.1
893.4248366437699,-26.116274513403816,-93.53301781589639,0.0,7.2147000738042255,0.5966190297492981,0.8025245998354231,-0.026423544467677536,8.833333333333334,301.6,59.00375631333108,1.1
893.9247945825745,-25.816043644939715,-93.13324513211116,0.0,7.206717657692851,0.6030060391402968,0.7977366211728849,-0.005510182380949121,8.777777777777779,301.6,59.06053846136761,1.1
894.424752521379,-25.514711092304935,-92.73430079596027,0.0,7.2091724497219625,0.6010459467506137,0.7992144705238128,0.015174448030664981,8.833333333333334,301.6,59.11802696146229,1.1
894.9247104601836,-25.216408622119612,-92.33308965733991,0.0,7.221786010233918,0.5909174608338756,0.8067320214802713,0.03498806237115992,8.805555555555555,301.6,59.17361299775008,1.1
895.4246683989882,-24.925162532027503,-91.92673577451575,0.0,7.243987857901007,0.5728623586603472,0.8196515833145835,0.053419530326158565,8.916666666666666,301.6,59.23070391221728,1.1
895.9246263377927,-24.644863533572792,-91.51276668852384,0.0,7.274988783360354,0.5471812161461442,0.8370141675603983,0.07011885853942033,8.916666666666666,301.6,59.28663073536964,1.1
896.4245842765973,-24.37923714714488,-91.08924687562397,0.0,7.313866529475893,0.5142347143746939,0.8576494963165179,0.08489698759984611,9.055555555555555,301.6,59.34225472450713,1.1
896.9245422154019,-24.13181068837062,-90.65485721369217,0.0,7.359632795592418,0.47445854875318816,0.8802778456345579,0.09766459901130158,9.166666666666666,301.5,59.39855440288398,1.1
897.4245001542065,-23.90586816855766,-90.20892866567155,0.0,7.4112621138436054,0.4283983773163017,0.9035899680235275,0.10833941617007624,9.138888888888888,301.6,59.45412780887028,1.1
897.924458093011,-23.704380290981728,-89.75144194185465,0.0,7.467669206475254,0.37677516870373123,0.9263047404867768,0.11674901907887182,9.333333333333334,301.6,59.51004369364157,1.1
898.4244160318156,-23.529895707548153,-89.28299997089367,0.0,7.527650872251553,0.32056960006200647,0.9472249635203273,0.12260185830520949,9.027777777777777,301.6,59.56520165862889,1.1
898.9243739706202,-23.384393733937706,-88.80476738532725,0.0,7.5898357788435264,0.261084843902268,0.9653158572635842,0.12553510056053133,9.194444444444445,301.6,59.621102241332984,1.1
899.4243319094247,-23.269118901553128,-88.3183651084554,0.0,7.652675165046642,0.199949587411527,0.9798061861888606,0.12523165785800636,9.194444444444445,301.5,59.676519484710184,1.1
899.9242898482294,-23.184435994828707,-87.82571214229137,0.0,7.714497122552213,0.13903265109102061,0.9902877975268617,0.12152848712794502,9.361111111111112,301.5,59.7305954600131,1.1
900.4242477870339,-23.129745995689873,-87.32882774581101,0.0,7.773604676622508,0.08029044001411306,0.9967715110507223,0.11448757399561879,9.333333333333334,301.5,59.78551921000003,1.1
900.9242057258384,-23.103486391074664,-86.82962249796199,0.0,7.8283831748038,0.025595663564481546,0.9996723773350417,0.10435082245663134,9.35945894422151,301.5,59.840118956016056,1.1
901.4241636646431,-23.10320709498366,-86.32971464578178,0.0,7.877374086077831,-0.02339031874351459,0.9997264090685395,0.0914781734260512,9.305555555555555,301.5,59.895126935254765,1.1
901.9241216034476,-23.125696678849195,-85.83029952923799,0.0,7.919316989717068,-0.06528888272899315,0.9978664047817222,0.07628084592009196,9.388888888888888,301.5,59.949246850857406,1.1
902.4240795422522,-23.167130081541842,-85.33208542012365,0.0,7.953166719186911,-0.0990225399796017,0.9950851906123356,0.05915009568762338,9.47325094806514,301.5,60.00207406826069,1.1
902.9240374810568,-23.22321814010235,-84.83529658211991,0.0,7.978108399330196,-0.12380826458368145,0.9923061592173945,0.04062887147655728,9.450380547289669,301.5,60.053572600595146,1.1
903.4239954198613,-23.289350538369913,-84.33973670767038,0.0,7.993575039408276,-0.1391404866773243,0.990272651832412,0.02124529478741527,9.388888888888888,301.5,60.1073891586644,1.1
903.9239533586659,-23.360729380279764,-83.84490096950262,0.0,7.999265353082707,-0.144773165624387,0.9894648707837453,0.0015495231355817003,9.361111111111112,301.5,60.160403178702644,1.1
904.4239112974705,-23.432495652830067,-83.35012095407961,0.0,7.995156515273564,-0.14070640432370787,0.9900513662342441,-0.017899154136572802,9.537867743685533,301.5,60.21272647754536,1.1
904.923869236275,-23.499849173985304,-82.85472451530866,0.0,7.981501455066648,-0.12717449553811894,0.9918803595618904,-0.03656719939649028,9.444444444444445,301.5,60.266206446408994,1.1
905.4238271750796,-23.55816193005816,-82.35818975223866,0.0,7.958802727773263,-0.10462924626598502,0.9945112974852582,-0.05399985247272379,9.444444444444445,301.5,60.3195765933173,1.1
905.9237851138842,-23.603081500990644,-81.86027391124358,0.0,7.927766307765596,-0.07371774252896832,0.9972791456941396,-0.0698481863349568,9.361111111111112,301.5,60.37262229727482,1.1
906.4237430526888,-23.630622313443684,-81.36110598936826,0.0,7.889245204032406,-0.035256262023565695,0.9993783047415656,-0.083879086203095,9.400878656024013,301.5,60.42713673676627,1.1
906.9237009914933,-23.637243600468217,-80.86123420157284,0.0,7.844185062626062,0.009796414648425887,0.9999520139786889,-0.09595819504659035,9.222222222222223,301.5,60.48240929251149,1.1
907.4236589302978,-23.619914407243662,-80.36163012510823,0.0,7.793582049094132,0.06036286752497782,0.9981764995351082,-0.10600658655905891,9.277777777777777,301.5,60.53897598667558,1.1
907.9236168691025,-23.576171158906767,-79.86365314261757,0.0,7.738474582832958,0.11525037558071592,0.9933364741760488,-0.1139335914674882,9.416666666666666,301.5,60.59327659167067,1.1
908.423574807907,-23.50417554097379,-79.36897848107438,0.0,7.67995409981725,0.17315044249483924,0.9848953874721119,-0.1196083381913147,9.361111111111112,301.5,60.6478159361958,1.1
908.9235327467117,-23.402773176098634,-78.87949061092884,0.0,7.619194699339668,0.23263577110553177,0.972563930033463,-0.12283290976779156,9.277777777777777,301.5,60.7018122341468,1.1
909.4234906855162,-23.271550581953033,-78.39714313317897,0.0,7.557480891747205,0.29217543555673103,0.9563647394468464,-0.12337695707809286,9.361111111111112,301.5,60.757276041817434,1.1
909.9234486243207,-23.110875175124736,-77.92379030376135,0.0,7.496208572519588,0.3501891767783015,0.936678995423371,-0.12103774942891196,9.361111111111112,301.5,60.812212857470136,1.1
910.4234065631254,-22.921899247150957,-77.46100261387508,0.0,7.4368555383115496,0.40513464249401054,0.9142570324866253,-0.11570635530032879,9.444444444444445,301.5,60.8670171800729,1.1
910.9233645019299,-22.70651442012025,-77.00989060239768,0.0,7.380917888294633,0.4556156940816305,0.8901765775993626,-0.10742659263641016,9.305555555555555,301.5,60.92271841612906,1.1
911.4233224407345,-22.46725238498198,-76.57096326648828,0.0,7.329824404853385,0.5004835569448562,0.865746041993739,-0.0964226374943621,9.361111111111112,301.5,60.977495069170025,1.1
911.923280379539,-22.207142138996822,-76.14404600444355,0.0,7.284843596400199,0.5389061613493797,0.842365804896944,-0.08310130993106062,9.294252156701232,301.5,61.031186155282484,1.1
912.4232383183436,-21.929542858623176,-75.72827355676827,0.0,7.246994854380553,0.5703950830324198,0.8213704701609614,-0.06803719449108504,9.388888888888888,301.5,61.08483296939079,1.1
912.9231962571482,-21.637974436938958,-75.32216166972525,0.0,7.216978187610386,0.5947892407931981,0.8038816822372873,-0.05190836328310761,9.249999999999998,301.5,61.138533128176206,1.1
913.4231541959527,-21.335965268656985,-74.92374182894098,0.0,7.195134986626397,0.6122053047494266,0.7906988458551472,-0.03545905773359849,9.055555555555555,301.5,61.19284962355479,1.1
913.9231121347573,-21.02692683754141,-74.53074138304947,0.0,7.1814290944202,0.6229846976665919,0.7822340228302941,-0.019442659988477107,8.86111111111111,301.5,61.24806475634791,1.1
914.4230700735619,-20.71405468396333,-74.1407819422283,0.0,7.17546180622331,0.6276413940646962,0.7785025885997584,-0.004549783636085497,8.777777777777779,301.5,61.30471228828279,1.1
914.9230280123664,-20.400252949433078,-73.75156952814324,0.0,7.176512504986459,0.6268230760603075,0.7791616207939749,0.008618163489236077,8.555555555555555,301.5,61.36125936009018,1.1
915.4229859511711,-20.088073176064157,-73.36105598092495,0.0,7.183598812218678,0.6212860055120782,0.7835838815052578,0.01961209120645583,8.305843953155632,301.5,61.42197923537279,1.1
915.9229438899756,-19.779668256740518,-72.96755716391883,0.0,7.195564341701811,0.6118657577685337,0.7909616264208638,0.028176286817466353,8.166666666666666,301.5,61.48149736770972,1.1
916.4229018287801,-19.47675965500833,-72.5698143616355,0.0,7.211172606121716,0.5994461915989823,0.8004150569407577,0.03422004542748143,8.073107103603435,301.5,61.54473628854055,1.1
916.9228597675848,-19.180623720893866,-72.16700585800997,0.0,7.229204246186656,0.5849167281503316,0.8110933492082838,0.037869749324086044,7.777777777777778,301.5,61.608149262944316,1.1
917.4228177063893,-18.892101559944333,-71.75871043876974,0.0,7.248544030381247,0.5691219516626931,0.8222531265587545,0.03943334745394119,7.666666666666667,301.5,61.6730668654936,1.1
917.922775645194,-18.611632530308206,-71.34484203489248,0.0,7.2682404827458695,0.5528171373474493,0.8333025936926942,0.039290033914339134,7.555555555555555,301.5,61.73797818645272,1.1
918.4227335839985,-18.33930834461339,-70.92556920742149,0.0,7.287538387740231,0.5366342072803816,0.843814984209546,0.03784467651362276,7.611111111111111,301.5,61.80486792649187,1.1
918.922691522803,-18.074939218094713,-70.50123443215344,0.0,7.305884064517829,0.5210644153537707,0.8535173548628248,0.03549495045091108,7.308566467212806,301.5,61.872216785639324,1.1
919.4226494616076,-17.81812592494707,-70.07228369045285,0.0,7.322911430596932,0.5064564305670688,0.8622655530271772,0.0325903908186678,7.444444444444445,301.5,61.94002566032892,1.1
919.9226074004122,-17.568327757285243,-69.63920869644812,0.0,7.338414134582408,0.49302866028863923,0.8700130689443634,0.029415117253640963,7.472222222222221,301.5,62.006398487405654,1.1
920.4225653392168,-17.324922864729082,-69.20250750351403,0.0,7.352307848864119,0.48089375097481657,0.8767788776386958,0.02617293844785966,7.524413286330253,301.5,62.072242243384224,1.1
920.9225232780213,-17.087253898045415,-68.76265725002808,0.0,7.364596473289269,0.4700833063204032,0.8826220511175086,0.023009488925806648,7.388888888888889,301.5,62.14005850317157,1.1
921.4224812168259,-16.854663089627778,-68.32009979963686,0.0,7.375342415272507,0.4605717422675031,0.8876224818157079,0.020015542654419603,7.555555555555555,301.5,62.206295429284786,1.1
921.9224391556305,-16.62651617452024,-67.87523457898638,0.0,7.3846475751686365,0.45229245294996817,0.89186968611143,0.01726502667567593,7.382425228154553,301.5,62.271534616427125,1.1
922.422397094435,-16.402222480101436,-67.42841375651193,0.0,7.392656100863089,0.44513546385592123,0.8954632425832865,0.014857368422542792,7.638888888888888,301.5,62.33788520482393,1.1
922.9223550332396,-16.181260222004397,-66.97993560616058,0.0,7.399572322074462,0.4389316450697582,0.8985204566154049,0.012937130149717048,7.509187959549795,301.5,62.403338466912416,1.1
923.4223129720442,-15.963211679949879,-66.53003342450693,0.0,7.405685649582704,0.4334305274391392,0.9011869827532073,0.011698185502202505,7.5,301.5,62.46929722789048,1.2
923.9222709108487,-15.747808587889622,-66.07885857959559,0.0,7.411390289220839,0.4282825558125399,0.9036448707244892,0.01135235602068704,7.638888888888888,301.5,62.533467763929934,1.2
924.4222288496534,-15.534981540888127,-65.62646287074047,0.0,7.417178000915479,0.4230453758250723,0.9061084979145838,0.012060100873480436,7.694444444444444,301.5,62.598102845458726,1.2
924.9221867884579,-15.324898098902276,-65.17278673943987,0.0,7.423595073741058,0.417222141286575,0.9088045360913672,0.013867062529347678,7.694444444444444,301.5,62.66274223416533,1.2
925.4221447272624,-15.11797571326093,-64.71766049212891,0.0,7.431174930816656,0.4103216132247108,0.9119408827992475,0.016668796560714714,7.777777777777778,301.5,62.72743040751215,1.2
925.9221026660671,-14.914861426617417,-64.26082264714267,0.0,7.440359794326833,0.40192837085967437,0.9156711116433062,0.020212152288105138,7.888888888888888,301.5,62.79136611018546,1.2
926.4220606048716,-14.716378419585709,-63.80195456109986,0.0,7.451436738724186,0.3917610824956931,0.9200669835625028,0.02414788634991556,7.694444444444444,301.4,62.85480074441255,1.2
926.9220185436762,-14.523450153867751,-63.340724600956044,0.0,7.464506314719345,0.37970308083996046,0.9251084100799444,0.02809303977790783,7.972222222222221,301.5,62.918837518363496,1.2
927.4219764824808,-14.337015505611669,-62.87683305721647,0.0,7.479482548635242,0.36580637824404993,0.9306909764449052,0.031709359859318643,7.861111111111111,301.4,62.98149858432892,1.2
927.9219344212853,-14.157951677202302,-62.410048030506665,0.0,7.496135020418158,0.35025807053947267,0.9366532357398686,0.034762279962345315,8.0,301.4,63.044918746416556,1.2
928.4218923600899,-13.98701856068897,-61.94022572303444,0.0,7.514148215166949,0.33333004231813884,0.942810205125182,0.0371510649752743,8.0,301.4,63.10593474914042,1.2
928.9218502988945,-13.824831760853348,-61.467313691248876,0.0,7.533189541963829,0.3153183436473292,0.9489859546692484,0.03889551309324308,8.0,301.4,63.16771119863342,1.2
929.4218082376991,-13.6718630628899,-60.99134066981473,0.0,7.552961089808489,0.29649501567896847,0.9550344002587176,0.0401063649502272,8.11111111111111,301.4,63.228283549257746,1.2
929.9217661765036,-13.528462226054046,-60.512398602692436,0.0,7.5732363251587635,0.2770718548326308,0.9608492011026525,0.04094706566250967,8.11111111111111,301.4,63.28955317020307,1.2
930.4217241153082,-13.394891384079003,-60.03062290088585,0.0,7.593869093501154,0.2571893082494765,0.9663610400477431,0.04156188242175392,8.222222222222223,301.4,63.35026266088117,1.2
930.9216820541128,-13.271357643959096,-59.54617662526956,0.0,7.614778671739922,0.2369283579575684,0.971527124271644,0.04207306108232977,8.333333333333334,301.4,63.40937264837603,1.2
931.4216399929173,-13.158039879252634,-59.05923956017538,0.0,7.635932078785629,0.21632577507321413,0.9763212376256972,0.04254461561291111,8.194444444444445,301.4,63.47203670430462,1.2
931.9215979317219,-13.055103409283793,-58.57000280760743,0.0,7.657312981260473,0.19540329229720912,0.9807229748300034,0.04298430565006271,8.38888888888889,301.4,63.53121176158596,1.2
932.4215558705265,-12.962701980406795,-58.07866776128694,0.0,7.678900868023859,0.17418766940066352,0.9847124736839507,0.04337264638934136,8.355222581064202,301.4,63.59042397416338,1.2
932.921513809331,-12.88097181889618,-57.58544549190548,0.0,7.700657150345247,0.1527244538715611,0.9882688101876095,0.04365811466265769,8.222222222222223,301.4,63.65090345711626,1.2
933.4214717481357,-12.810019891296664,-57.09055766099905,0.0,7.7225189709697215,0.1310843243329109,0.9913712220526598,0.04379532311390303,8.444444444444445,301.4,63.71081630121621,1.2
933.9214296869402,-12.749912317534486,-56.59423629039809,0.0,7.7444019168292435,0.1093605484476253,0.9940021481079578,0.04374061855563662,8.583333333333332,301.4,63.76851612476605,1.2
934.4213876257447,-12.700663752010176,-56.096719717759996,0.0,7.766205574097995,0.0876633895142573,0.9961501544139174,0.0434750523891378,8.444444444444445,301.4,63.82813605066818,1.2
934.9213455645494,-12.662231547129746,-55.59825094650293,0.0,7.787822109345208,0.06611127090590621,0.997812256819491,0.04298971453164108,8.472222222222221,301.4,63.88711425861694,1.2
935.4213035033539,-12.634512937745706,-55.09907130826228,0.0,7.809141362698404,0.04482524643860668,0.9989948434710352,0.04228283492535228,8.576374928350743,301.4,63.946501005158744,1.2
935.9212614421585,-12.617344239717296,-54.59941737329593,0.0,7.83005068627477,0.02392866359501672,0.9997136685364247,0.04134692758714916,8.63888888888889,301.4,64.00595244748162,1.2
936.4212193809631,-12.610499547978351,-54.099514862736925,0.0,7.850435150142805,0.003546476397338015,0.9999937112328072,0.040177569627040395,8.527777777777777,301.4,64.06444968027104,1.2
936.9211773197676,-12.6136893689622,-53.599575149738634,0.0,7.870172646762384,-0.01619030538782129,0.9998689284158444,0.038753982444994846,8.63888888888889,301.4,64.1241715255787,1.2
937.4211352585722,-12.6265570676504,-53.099790232220705,0.0,7.889134249508561,-0.035145376262831186,0.9993822104316966,0.03706862177000703,8.555555555555555,301.4,64.18251580336366,1.2
937.9210931973768,-12.648677380216467,-52.60032873826396,0.0,7.90718741366779,-0.05318068027169681,0.9985849063779402,0.03511469234823235,8.583333333333332,301.4,64.2406805753761,1.2
938.4210511361814,-12.67955569045851,-52.10133115250447,0.0,7.924196174022323,-0.07015686036556328,0.9975359717542255,0.032886645508999474,8.583333333333332,301.4,64.29852562268634,1.2
938.9210090749859,-12.718627813331013,-51.602907693262715,0.0,7.940023452433287,-0.08593569369633108,0.9963006858117335,0.0303826459311532,8.643453468215482,301.4,64.35632864971151,1.2
939.4209670137905,-12.765260295192384,-51.10513354066059,0.0,7.954527591353852,-0.10037663160773164,0.994949512200034,0.02758291938059754,8.777777777777779,301.4,64.41418365041375,1.2
939.9209249525951,-12.818746225008017,-50.60804847296985,0.0,7.967550071314934,-0.11332446442070106,0.9935580334151404,0.02444238441252182,8.527777777777777,301.4,64.47097455124974,1.2
940.4208828913996,-12.878295656210737,-50.11165234222181,0.0,7.978907119666397,-0.1246008001165172,0.9922069545262842,0.020902608739418085,8.63888888888889,301.4,64.52958073747172,1.2
940.9208408302042,-12.943021791901897,-49.615903842332585,0.0,7.9883815398485485,-0.133995652740944,0.9909819196365433,0.016896419485546932,8.694444444444445,301.4,64.5857656556812,1.2
941.4207987690088,-13.011925738428166,-49.12071804035205,0.0,7.995728399299213,-0.14127257584465844,0.989970736594883,0.012383431390332489,8.694444444444445,301.4,64.64432716161681,1.2
941.9207567078133,-13.083886952508328,-48.62596659419181,0.0,8.000692113129569,-0.14618474673752643,0.9892573071861968,0.007368474749185582,8.675889271470078,301.4,64.70133597245416,1.2
942.420714646618,-13.157664388525305,-48.13148234225554,0.0,8.003035237172858,-0.14850229590420086,0.988912062880811,0.0019207430254117863,8.719554491683539,301.4,64.75780792340122,1.2
942.9206725854225,-13.231912688588617,-47.63706845341024,0.0,8.002570854121005,-0.14804304590655232,0.9889809181974698,-0.003825933765648524,8.63888888888889,301.4,64.81614685348653,1.2
943.420630524227,-13.305213545861037,-47.14251345145726,0.0,7.999192345979838,-0.14470092727502146,0.9894754376161891,-0.009697376261088545,8.722222222222221,301.4,64.87270143201138,1.2
943.9205884630317,-13.376116391136442,-46.64760959199584,0.0,7.992880708302673,-0.138452876087863,0.990369022689522,-0.015521248648121573,8.694444444444445,301.4,64.9312433871772,1.2
944.4205464018362,-13.443178936891567,-46.15217159253117,0.0,7.983696999153717,-0.12935190433032662,0.9915987519385642,-0.021164877651092075,8.666666666666666,301.4,64.98753588702957,1.2
944.9205043406408,-13.504998185844354,-45.65605335522372,0.0,7.971749536259754,-0.11749586502325937,0.9930733717618432,-0.026574049073336683,8.666666666666666,301.4,65.04520515044075,1.2
945.4204622794454,-13.560223321966626,-45.15915933811429,0.0,7.957153799048569,-0.10298922652201065,0.9946824715558217,-0.03177163730256979,8.63888888888889,301.4,65.10283752154074,1.2
945.9204202182499,-13.607550297864858,-44.66145254852827,0.0,7.9399974257311055,-0.08590976324599482,0.9963029220969981,-0.036840605971432384,8.474210974808488,301.4,65.1618568098138,1.2
946.4203781570545,-13.645702562302143,-44.16296054942878,0.0,7.920319131892111,-0.06628885378645266,0.997800474976675,-0.04187914901966359,8.8105013044734,301.4,65.21964390607792,1.2
946.920336095859,-13.673408704445086,-43.663781096769405,0.0,7.898114428705336,-0.04411846985897325,0.9990263062689104,-0.04695524349640677,8.63888888888889,301.4,65.27688334816008,1.2
947.4202940346637,-13.68938829344358,-43.16409127155289,0.0,7.873359626443856,-0.019376779731489897,0.9998122525790716,-0.05206993908907793,8.700510803034595,301.4,65.3344367778185,1.2
947.9202519734682,-13.692355267721041,-42.66415767089998,0.0,7.846052369970347,0.007929180914660449,0.9999685635508861,-0.057137522595181664,8.63888888888889,301.4,65.39303783051982,1.2
948.4202099122728,-13.681043863586869,-42.1643460462421,0.0,7.816254449827798,0.037718235012547785,0.9992884141965913,-0.06199246814937268,8.778816227529065,301.4,65.45207476838209,1.2
948.9201678510774,-13.654255253590625,-41.66512785815561,0.0,7.784124768706089,0.06980006242685675,0.9975610012852382,-0.06642370002576091,8.570534226123062,301.4,65.51092153571915,1.2
949.4201257898819,-13.610916091653733,-41.16707641368426,0.0,7.749931028311149,0.10386295612984317,0.9945916178733714,-0.0702151957375034,8.63888888888889,301.4,65.56873566602985,1.2
949.9200837286864,-13.550137618105772,-40.670853522782735,0.0,7.714040761173202,0.13948456570236514,0.9902242452751915,-0.07319309950585032,8.714356045901676,301.4,65.62656636469508,1.2
950.4200416674911,-13.471262716250838,-40.17718575882877,0.0,7.676888542981887,0.1761688769510362,0.9843599579390715,-0.07526676643804119,8.583333333333332,301.4,65.68477196347588,1.2
950.9199996062956,-13.37389009688724,-39.68683243992923,0.0,7.638931559698744,0.21339634941863903,0.9769657097640624,-0.07643100412048141,8.75,301.4,65.74195261550253,1.2
951.4199575451003,-13.257874424904093,-39.200553077125136,0.0,7.60060995944549,0.25066940413175703,0.9680727502787329,-0.07675363799844932,8.722222222222221,301.4,65.80025508795244,1.2
951.9199154839048,-13.123307662457153,-38.71907707203419,0.0,7.562328707250646,0.2875357406588813,0.9577699086125794,-0.07629340978384846,8.777777777777779,301.4,65.85757853191177,1.2
952.4198734227093,-12.970498086866309,-38.24307578132253,0.0,7.524469162437547,0.3235817673334844,0.9462002112921656,-0.0750896824505388,8.833333333333334,301.4,65.91461388120766,1.2
952.919831361514,-12.79995420917709,-37.77313530425716,0.0,7.487413345411838,0.3584138305236326,0.9335628131461625,-0.07309739817177716,8.88888888888889,301.4,65.97057953029739,1.2
953.4197893003185,-12.612383579534532,-37.3097257091064,0.0,7.451583464638616,0.3916260806096645,0.9201244551615355,-0.07020912524145884,8.833333333333334,301.4,66.02741253842184,1.2
953.9197472391231,-12.408702220649587,-36.853164989711615,0.0,7.417458499569773,0.4227911969715977,0.9062271259255726,-0.06628508299962568,8.75,301.4,66.08525310804067,1.2
954.4197051779277,-12.190043292714615,-36.40358194400386,0.0,7.385568868252869,0.4514705877437593,0.8922860014604648,-0.06125070089826525,8.777777777777779,301.4,66.14245845111952,1.2
954.9196631167322,-11.957754840917875,-35.96088297787254,0.0,7.35645876668063,0.477250181439537,0.8787674688539221,-0.055151068939183256,8.805555555555555,301.4,66.19955099949209,1.2
955.4196210555368,-11.713375262691512,-35.52473760909708,0.0,7.330624427560876,0.4997907803624026,0.8661461631068631,-0.04815100907705175,8.694444444444445,301.4,66.25722228471604,1.2
955.9195789943414,-11.458583574850667,-35.09458783184622,0.0,7.308443755739406,0.5188779698477264,0.8548483212867075,-0.040564143746481963,8.722222222222221,301.4,66.31367747974892,1.2
956.419536933146,-11.195125426209385,-34.66968689897162,0.0,7.290108017335515,0.5344641460143591,0.8451911479808232,-0.03281933215683759,8.583333333333332,301.4,66.37127360498552,1.2
956.9194948719505,-10.924725035860881,-34.249166753707854,0.0,7.275582434220789,0.5466842255753946,0.837338854650273,-0.025386323717587207,8.524532460424554,301.4,66.42976633715057,1.2
957.419452810755,-10.648994603913936,-33.83211977657614,0.0,7.2645980965526915,0.5558486733959974,0.8312834969394676,-0.018713311568999327,8.52129469234271,301.4,66.48846678215132,1.2
957.9194107495597,-10.369354791605337,-33.41768253248904,0.0,7.256690528476434,0.5624046573170404,0.8268621417310762,-0.013123619118732895,8.424195368881687,301.4,66.54654206655948,1.2
958.4193686883642,-10.086980441979135,-33.005102768333714,0.0,7.251270366029914,0.5668781013149374,0.8238016862386065,-0.0087767493296321,8.416666666666666,301.4,66.60563789394527,1.2
958.9193266271687,-9.802778902307345,-32.59377910327144,0.0,7.247718902077384,0.5698002221738191,0.8217832480713307,-0.005633886728946149,8.333333333333334,301.4,66.66537656949416,1.2
959.4192845659734,-9.517404171384634,-32.183268342486826,0.0,7.245473597725686,0.5716439378340771,0.8205018027631321,-0.0035074511631221334,8.333333333333334,301.4,66.72357725832595,1.2
959.9192425047779,-9.231299289118509,-31.77326603329845,0.0,7.244097077496369,0.5727728332294427,0.8197141462206914,-0.0021019898410652637,8.36111111111111,301.4,66.78382551484529,1.2
960.4192004435826,-8.944757680899855,-31.363568837272016,0.0,7.243305785511865,0.5734212870764006,0.8192606590869869,-0.0011122255810864887,8.38888888888889,301.4,66.84311665543278,1.1
960.9191583823871,-8.657985835148045,-30.95403269827463,0.0,7.242958445086918,0.5737058148258365,0.8190614372774627,-0.00028196088684361964,8.194444444444445,301.4,66.90250405774493,1.1
961.4191163211916,-8.371156183325214,-30.544537100066545,0.0,7.24302390305984,0.5736521994954,0.8190989891423928,0.0005613825643500211,8.222222222222223,301.4,66.96327477078935,1.1
961.9190742599963,-8.084442290514971,-30.134960374538167,0.0,7.2435313543714654,0.5732364727971686,0.8193899842291588,0.001495419171954058,8.166666666666666,301.4,67.0236185477838,1.1
962.4190321988008,-7.798035868009103,-29.72516866924369,0.0,7.24453461079651,0.5724141261808238,0.8199646749395024,0.002547704184094473,8.166666666666666,301.4,67.08469018516787,1.1
962.9189901376054,-7.512152791597921,-29.315011622622364,0.0,7.246095256673716,0.571133755120658,0.8208570117637884,0.0037273740970822367,8.166666666666666,301.4,67.14589786486538,1.1
963.41894807641,-7.22703596817087,-28.904321718595703,0.0,7.248281023513265,0.5693381901958786,0.8221034151397753,0.005061395798858199,8.11111111111111,301.4,67.20773652410647,1.1
963.9189060152145,-6.942961184394443,-28.492910302258224,0.0,7.251183808336572,0.5669494055649885,0.8237526154917544,0.006615478489006484,8.055555555555555,301.4,67.27009738824374,1.1
964.4188639540191,-6.660251449913559,-28.080559932622982,0.0,7.254934096852788,0.5638561158608253,0.8258730414575497,0.008472134338281197,8.027777777777777,301.4,67.33104412684847,1.1
964.9188218928236,-6.379294344013049,-27.66701355265046,0.0,7.259704353465204,0.5599100891060949,0.828553373125235,0.010716713497363016,8.027777777777777,301.4,67.39424909239084,1.1
965.4187798316283,-6.100561064201446,-27.25196538221906,0.0,7.265705111634311,0.554928089624395,0.8318983203167437,0.01339469416469316,7.944444444444445,301.4,67.45638796952981,1.1
965.9187377704328,-5.824617473103653,-26.83505775971915,0.0,7.273150091851198,0.5487193011707387,0.8360066557885147,0.01648016760733272,7.972222222222221,301.4,67.51940042560356,1.1
966.4186957092373,-5.552121515392569,-26.41588930522025,0.0,7.282223273825799,0.5411115788698186,0.8409508066545938,0.019871269282117365,7.916666666666666,301.4,67.5817380002652,1.1
966.918653648042,-5.283804976506259,-25.994034076734277,0.0,7.293036112187289,0.5319870585250395,0.846752484237204,0.023387277647964427,7.861111111111111,301.4,67.64492424320774,1.1
967.4186115868465,-5.0204391390031855,-25.56907158230094,0.0,7.305597482962995,0.521308996283811,0.8533679923652899,0.026812609297637343,7.805555555555555,301.4,67.70924553827132,1.1
967.918569525651,-4.762791041748938,-25.14061943679837,0.0,7.319805106192918,0.5091324593289092,0.8606881774822381,0.029916719129933062,7.777777777777778,301.4,67.7742437709177,1.1
968.4185274644557,-4.511575537092972,-24.708365278321878,0.0,7.335446365365741,0.4956084832911644,0.868546044427025,0.03251646686262438,7.861111111111111,301.4,67.83816207684036,1.2
968.9184854032602,-4.267414195160622,-24.27208858998184,0.0,7.352239238291095,0.48095390614409717,0.8767458811792246,0.03451083208458972,7.683572099149389,301.5,67.90278280886125,1.2
969.4184433420648,-4.0308101178158795,-23.831668505135003,0.0,7.369873621677259,0.46541905491027874,0.8850904492346661,0.035897188247059536,7.694444444444444,301.5,67.96863101897253,1.2
969.9184012808694,-3.802142528130346,-23.387076185755767,0.0,7.388068192465184,0.4492390679755662,0.8934115847717918,0.03679094913928426,7.583333333333333,301.5,68.03501230348165,1.2
970.4183592196739,-3.5816880991864726,-22.93835512758411,0.0,7.406625585375789,0.4325832781990795,0.9015939814697843,0.037401025900044155,7.527777777777778,301.5,68.09996386999514,1.2
970.9183171584785,-3.3696633428165677,-22.485590350611194,0.0,7.425471213697447,0.41551636349400184,0.9095857033115244,0.038001357064261825,7.694444444444444,301.5,68.16499702923983,1.2
971.4182750972831,-3.166284803101823,-22.028876743155447,0.0,7.444678238551854,0.3979703607587496,0.9173982733565345,0.03889922788004515,7.416666666666666,301.5,68.23085292286613,1.2
971.9182330360877,-2.971839338951585,-21.568289336527982,0.0,7.464476048155455,0.3797310805188385,0.9250969173486611,0.04040445036784845,7.472222222222221,301.4,68.29829358091858,1.2
972.4181909748922,-2.7867573857337904,-21.10386105258133,0.0,7.485239921688344,0.3604420099596138,0.93278162366991,0.04278174964348111,7.388888888888889,301.4,68.3634060029478,1.2
972.9181489136968,-2.6116784111082896,-20.635571628754064,0.0,7.507459801649827,0.33962844411148435,0.9405596844168967,0.04622439980704965,7.416666666666666,301.5,68.43197496885384,1.2
973.4181068525014,-2.447500703236418,-20.16335202829605,0.0,7.531691739034752,0.3167393833637567,0.948512605623324,0.05080220636491971,7.305555555555555,301.4,68.49833952885939,1.2
973.9180647913059,-2.295402978686226,-19.687107103384296,0.0,7.558482737321203,0.2912171593082323,0.9566569741158236,0.056417560250889925,7.277777777777778,301.4,68.56623141556109,1.2
974.4180227301106,-2.156825547260819,-19.206757528203536,0.0,7.5882778240419055,0.2625884449132554,0.9649079275236774,0.06278395971201957,7.361111111111111,301.4,68.63308898170048,1.2
974.9179806689151,-2.0334014451967457,-18.722297354740423,0.0,7.62131519911161,0.23057292803382218,0.9730550471879327,0.06934983995910392,7.222222222222222,301.4,68.70248480244047,1.2
975.4179386077196,-1.9268355541654063,-18.233856719034375,0.0,7.657546463436439,0.19517430563900567,0.9807685712839355,0.07548695110439353,7.193020216448657,301.4,68.77010254441569,1.2
975.9178965465243,-1.8387487072943083,-17.741752238586255,0.0,7.6966008345879136,0.15673191678648113,0.9876411829507898,0.08054705258745219,7.172507108348211,301.4,68.84042051180107,1.2
976.4178544853288,-1.7705085545799728,-17.246509062174006,0.0,7.737807800135274,0.11591268948548646,0.9932594064071285,0.0840057879367907,7.055555555555555,301.4,68.91032955785806,1.2
976.9178124241333,-1.7230827008062735,-16.748843389562776,0.0,7.780280445505543,0.07363448410139142,0.9972852965681996,0.08553424802123781,7.277777777777778,301.4,68.98066857611006,1.2
977.417770362938,-1.6969373447111198,-16.249607652476115,0.0,7.8230070886478895,0.030969592618450097,0.9995203271234894,0.08497449484441319,7.111111111111112,301.4,69.05187354828956,1.2
977.9177283017425,-1.6919844743646908,-15.749710873157273,0.0,7.864933823445959,-0.010951970519438928,0.9999400253723927,0.08229989393005398,7.25,301.4,69.12335563552072,1.2
978.4176862405471,-1.7075689498006876,-15.250029356652583,0.0,7.905000649865291,-0.05099688553181575,0.9986988122882969,0.07750586773738737,7.277777777777778,301.4,69.19475837164218,1.2
978.9176441793517,-1.7424723238422961,-14.751320084556292,0.0,7.94214248818201,-0.08804669594706671,0.9961163482911044,0.07057327532984599,7.333333333333333,301.4,69.26294303569736,1.2
979.4176021181562,-1.794921466142839,-14.254143941601782,0.0,7.9752806298472105,-0.1210017602460169,0.9926522926067141,0.06147284455170966,7.472222222222221,301.4,69.33122916078881,1.2
979.9175600569608,-1.8626000871065966,-13.758804554270107,0.0,8.003329883864197,-0.14879366912110017,0.9888682642442727,0.05022994640899026,7.416666666666666,301.4,69.3990405381438,1.2
980.4175179957654,-1.9426747297021136,-13.26531095410661,0.0,8.02525130437131,-0.17043358016661292,0.985369166734778,0.037022543965928294,7.444444444444445,301.4,69.46484715622897,1.2
980.91747593457,-2.031853439696454,-12.773375557345535,0.0,8.04014637124064,-0.185091270978445,0.9827213345641702,0.022239459112931834,7.472222222222221,301.4,69.53259350252094,1.2
981.4174338733745,-2.1264870095296953,-12.282456715751161,0.0,8.04736835651447,-0.1921835814019259,0.9813589919288096,0.006497430613292442,7.527777777777778,301.4,69.59887810022384,1.2
981.9173918121791,-2.2227144875136178,-11.791846711161318,0.0,8.046628691080763,-0.19145765157143432,0.981500875014766,-0.009419360720681605,7.638888888888888,301.4,69.66380709052115,1.2
982.4173497509837,-2.316640694299345,-11.300792483765214,0.0,8.03805250181478,-0.18303317657876614,0.9831067369678057,-0.024667296041511175,7.583333333333333,301.4,69.73002184032538,1.2
982.9173076897882,-2.4045248411490485,-10.808624781559852,0.0,8.022174544274868,-0.1674010337173734,0.9858888851743663,-0.03849465651801553,7.527777777777778,301.4,69.79537442522843,1.2
983.4172656285929,-2.482951159291839,-10.31486688196376,0.0,7.999851232583637,-0.14535284792886435,0.9893798813393005,-0.0503889135603376,7.611111111111111,301.4,69.8620197248273,1.2
983.9172235673974,-2.5489501958617966,-9.819300495631774,0.0,7.972112701941754,-0.1178565074354391,0.9930306358089463,-0.06017668383935546,7.749999999999999,301.4,69.92741608918627,1.2
984.4171815062019,-2.600047017570201,-9.32198213285005,0.0,7.939981411108556,-0.08589380781973625,0.9963042977816698,-0.0680477430087779,7.694444444444444,301.4,69.99269714650852,1.2
984.9171394450066,-2.6342270021942933,-8.823220422767392,0.0,7.9043032910505335,-0.05030042176809767,0.9987341325748067,-0.07448926486629516,7.749999999999999,301.4,70.0588869719988,1.2
985.4170973838111,-2.6498312256940197,-8.32353708886295,0.0,7.8656338658346785,-0.011651968182645434,0.9999321135144479,-0.08013826178310916,7.916666666666666,301.4,70.12366778754675,1.2
985.9170553226156,-2.6454147221810707,-7.823634296262023,0.0,7.824209144744094,0.02976809103071406,0.9995568321793349,-0.0856069857532898,7.777777777777778,301.4,70.1907492109981,1.2
986.4170132614203,-2.6196113063576028,-7.324383484882699,0.0,7.780004024969461,0.07391015142104149,0.9972649043844463,-0.09131162469813091,7.861111111111111,301.4,70.255627626019,1.2
986.9169712002248,-2.571049447456076,-6.826835760227101,0.0,7.7328699435446655,0.12081582894720962,0.9926749394821038,-0.09733020546033765,8.0,301.4,70.31938183508194,1.2
987.4169291390294,-2.4983578877573165,-6.332243288206945,0.0,7.682742436187968,0.17040355331685664,0.9853743598333524,-0.10321174486733842,7.888888888888888,301.4,70.38548693175912,1.2
987.916887077834,-2.400289278935455,-5.842057661199488,0.0,7.629890281579969,0.2222205258195855,0.9749964296880614,-0.10803144874208803,7.944444444444445,301.4,70.44990211878043,1.2
988.4168450166385,-2.2759635219356453,-5.357869031999636,0.0,7.57516896876414,0.27521435947744505,0.9613828874789793,-0.11037496772622044,7.916666666666666,301.4,70.51438638084593,1.2
988.9168029554431,-2.125204291436345,-4.881249270115061,0.0,7.520201890847893,0.3276165022152243,0.9448107892463241,-0.10863108153496144,8.027777777777777,301.4,70.57852494648351,1.2
989.4167608942477,-1.9488853115072027,-4.413476834198275,0.0,7.467402048314229,0.37702262512592644,0.9262040488699859,-0.10136400333899234,8.083333333333334,301.4,70.64283779079084,1.2
989.9167188330523,-1.7491814119709577,-3.955187972404195,0.0,7.419767240787171,0.42069782811385814,0.9072008252973994,-0.08778996610790393,7.972222222222221,301.4,70.70784269639177,1.2
990.4166767718568,-1.5296276548032637,-3.506053603100962,0.0,7.380472056677796,0.4560125176509293,0.8899733612562013,-0.0680617687713812,7.861111111111111,301.4,70.77518535702397,1.2
990.9166347106614,-1.2949650375384336,-3.0646075071974432,0.0,7.352384005443489,0.4808269771001467,0.8768154983191931,-0.04323428354786745,7.805555555555555,301.4,70.841865973243,1.2
991.416592649466,-1.0508404997120837,-2.628308608548382,0.0,7.337677461197217,0.49366944192304646,0.8696496318123684,-0.014934681103050941,7.888888888888888,301.4,70.90696399232574,1.2
991.9165505882705,-0.8034749002826395,-2.1938338962078494,0.0,7.33764299868587,0.49369941194018774,0.8696326182072018,0.015044217802560938,7.638888888888888,301.4,70.97499158470033,1.2
992.4165085270752,-0.559381423762925,-1.75751779903908,0.0,7.352691629014209,0.48055722523907357,0.8769633705409379,0.04507581420029484,7.694444444444444,301.4,71.04315126048613,1.2
992.9164664658797,-0.3251654339967388,-1.315836493384864,0.0,7.382498407166284,0.45420818471442476,0.8908955746541942,0.07390029872438587,7.694444444444444,301.4,71.11062265006231,1.2
993.4164244046842,-0.1073900617612929,-0.8658451419171115,0.0,7.4262144184714,0.414840240363295,0.9098942658217622,0.10068867293517841,7.638888888888888,301.4,71.17878724130559,1.2
993.9163823434889,0.08752315299681333,-0.40551890133719337,0.0,7.482678887804528,0.362829710642705,0.9318554614718588,0.12499044904395214,7.638888888888888,301.4,71.24607094280677,1.2
994.4163402822934,0.25339460698333316,0.0660194032773271,0.0,7.55056948023765,0.29877823496855843,0.9543225693176668,0.14655533020091613,7.611111111111111,301.4,71.31294380727489,1.2
